"comparison","size_category","n_events","n_sig_both","n_sig_splicing_only","n_sig_expression_only","n_neither_sig","pearson_r","spearman_rho","pearson_p","spearman_p"
"Neg_vs_Parental","Microexon (0-30bp)",1043,2,108,3,930,-0.0753163191913761,-0.089940547766515,0.0149776733555604,0.0036481252652787
"Neg_vs_Parental","Small (30-50bp)",2906,0,119,16,2771,-0.0363619713875259,-0.0531803640300488,0.049997949714532,0.00413588698787608
"Neg_vs_Parental","Regular (>50bp)",49322,9,796,339,48178,0.0153522338995219,0.0073056093945455,0.000650524713567349,0.104706827688779
"Pos_vs_Parental","Microexon (0-30bp)",1083,1,97,5,980,0.0273031997577309,0.0317966390619866,0.369372295621114,0.295814832923323
"Pos_vs_Parental","Small (30-50bp)",3066,1,121,17,2927,0.0290206949965827,0.0253808513843692,0.10814176345484,0.160012841959255
"Pos_vs_Parental","Regular (>50bp)",51553,30,1315,495,49713,0.0227358705788342,0.0061805032979777,2.43300589911171e-07,0.160533267891584
"KO_vs_Parental","Microexon (0-30bp)",1063,2,67,23,971,0.0168870818385907,0.033351694858726,0.582338267905444,0.277297251460101
"KO_vs_Parental","Small (30-50bp)",3031,2,62,74,2893,0.00733041046121224,-0.00228390783460841,0.686645770426405,0.89997910343652
"KO_vs_Parental","Regular (>50bp)",52133,33,841,1370,49889,-0.0297714779272747,-0.0202383611768931,1.05375663392784e-11,3.81311490134067e-06
