"VastDB.ID","paper_gene","paper_length","match_type","n_candidates","selected","rmats_ID","geneSymbol","chr","exonStart_0base","exonEnd","exon_size","strand","IncLevelDifference","FDR"
"MmuEX0000269","1500009L16Rik",25,"gene_size",3,TRUE,24445,"1500009L16Rik","chr10",83573772,83573797,25,"+",0.011,0.0688346842703509
"MmuEX0000269","1500009L16Rik",25,"gene_size",3,FALSE,24446,"1500009L16Rik","chr10",83573772,83573797,25,"+",-0.011,1
"MmuEX0000269","1500009L16Rik",25,"gene_size",3,FALSE,24447,"1500009L16Rik","chr10",83573772,83573797,25,"+",0.005,1
"MmuEX0000800","2210408F21Rik",29,"gene_size",2,TRUE,47479,"2210408F21Rik","chr6",31305266,31305295,29,"+",0.139,1
"MmuEX0000800","2210408F21Rik",29,"gene_size",2,FALSE,47480,"2210408F21Rik","chr6",31305266,31305295,29,"+",-0.123,0.429083680886107
"MmuEX0001195","2700062C07Rik",23,"gene_size",2,FALSE,2840,"2700062C07Rik","chr18",24604118,24604141,23,"+",-0.05,1.36249541240055e-05
"MmuEX0001195","2700062C07Rik",23,"gene_size",2,TRUE,2841,"2700062C07Rik","chr18",24604118,24604141,23,"+",-0.097,0.0135345334226067
"MmuEX0002364","9430015G10Rik",26,"gene_size_contained",4,FALSE,18782,"9430015G10Rik","chr4",156208432,156208458,26,"+",0.006,1
"MmuEX0002364","9430015G10Rik",26,"gene_size_contained",4,TRUE,18783,"9430015G10Rik","chr4",156208432,156208458,26,"+",0.025,1
"MmuEX0002364","9430015G10Rik",26,"gene_size_contained",4,FALSE,18785,"9430015G10Rik","chr4",156208548,156208579,31,"+",0.009,1
"MmuEX0002364","9430015G10Rik",26,"gene_size_contained",4,FALSE,18786,"9430015G10Rik","chr4",156208548,156208579,31,"+",-0.004,1
"MmuEX0003242","Abi1",15,"gene_size",2,TRUE,25099,"Abi1","chr2",22853225,22853240,15,"-",-0.066,0
"MmuEX0003242","Abi1",15,"gene_size",2,FALSE,25100,"Abi1","chr2",22853225,22853240,15,"-",-0.026,0.951966252961231
"MmuEX0004297","Agrn",12,"gene_size",2,FALSE,29014,"Agrn","chr4",156254002,156254014,12,"-",-0.011,1
"MmuEX0004297","Agrn",12,"gene_size",2,TRUE,29015,"Agrn","chr4",156254002,156254014,12,"-",-0.097,1.98614129469539e-08
"MmuEX0004311","Agrn",24,"gene_size",2,TRUE,29010,"Agrn","chr4",156253002,156253026,24,"-",0.029,5.42898844939e-07
"MmuEX0004311","Agrn",24,"gene_size",2,FALSE,29011,"Agrn","chr4",156253002,156253026,24,"-",0.042,1
"MmuEX0004470","Akap1",13,"gene_size",2,FALSE,31355,"Akap1","chr11",88734637,88734650,13,"-",0.002,1
"MmuEX0004470","Akap1",13,"gene_size",2,TRUE,31356,"Akap1","chr11",88734637,88734650,13,"-",-0.445,0.477586324369771
"MmuEX0004898","Ank2",12,"gene_size",2,TRUE,24693,"Ank2","chr3",126772904,126772916,12,"-",-0.038,0.000700039680362132
"MmuEX0004898","Ank2",12,"gene_size",2,FALSE,24694,"Ank2","chr3",126772904,126772916,12,"-",-0.141,0.104918297515448
"MmuEX0004910","Ank3",12,"gene_size",2,TRUE,59804,"Ank3","chr10",69765276,69765288,12,"+",0.019,1
"MmuEX0004910","Ank3",12,"gene_size",2,FALSE,59805,"Ank3","chr10",69765276,69765288,12,"+",-0.011,1
"MmuEX0004931","Ank3",27,"gene_size_contained",2,FALSE,59798,"Ank3","chr10",69658907,69658931,24,"+",0.009,1
"MmuEX0004931","Ank3",27,"gene_size_contained",2,TRUE,59807,"Ank3","chr10",69816653,69816680,27,"+",-0.016,1
"MmuEX0005383","Ap1ar",26,"gene_size",2,FALSE,41604,"Ap1ar","chr3",127614408,127614434,26,"-",0.007,1
"MmuEX0005383","Ap1ar",26,"gene_size",2,TRUE,41605,"Ap1ar","chr3",127614408,127614434,26,"-",0.08,5.83337387088028e-10
"MmuEX0005816","Arhgap21",25,"gene_size",2,FALSE,26598,"Arhgap21","chr2",20858768,20858789,21,"-",0.003,1
"MmuEX0005816","Arhgap21",25,"gene_size",2,TRUE,26606,"Arhgap21","chr2",20888010,20888040,30,"-",0.037,1
"MmuEX0005966","Arhgef11",30,"gene_size_contained",2,FALSE,56439,"Arhgef11","chr3",87589166,87589199,33,"+",0.067,0.00024910576506058
"MmuEX0005966","Arhgef11",30,"gene_size_contained",2,TRUE,56443,"Arhgef11","chr3",87625535,87625565,30,"+",0.041,0.586506747957349
"MmuEX0006261","Arrb1",24,"gene_size",2,TRUE,56059,"Arrb1","chr7",99246242,99246266,24,"+",-0.043,3.77519430079682e-09
"MmuEX0006261","Arrb1",24,"gene_size",2,FALSE,56060,"Arrb1","chr7",99246242,99246266,24,"+",-0.013,1
"MmuEX0006334","Asap1",9,"gene_size",2,FALSE,7648,"Asap1","chr15",64025692,64025701,9,"-",-0.105,3.36458407431524e-12
"MmuEX0006334","Asap1",9,"gene_size",2,TRUE,7649,"Asap1","chr15",64025692,64025701,9,"-",-0.223,1.06657471876529e-08
"MmuEX0006887","Atp6v0a1",18,"gene_size",2,TRUE,14275,"Atp6v0a1","chr11",100940284,100940302,18,"+",-0.134,0
"MmuEX0006887","Atp6v0a1",18,"gene_size",2,FALSE,14276,"Atp6v0a1","chr11",100940284,100940302,18,"+",-0.024,1
"MmuEX0008835","Cacnb1",20,"gene_size",4,FALSE,14471,"Cacnb1","chr11",97901452,97901472,20,"-",-0.229,1
"MmuEX0008835","Cacnb1",20,"gene_size",4,FALSE,14472,"Cacnb1","chr11",97901452,97901472,20,"-",-0.022,1
"MmuEX0008835","Cacnb1",20,"gene_size",4,FALSE,14473,"Cacnb1","chr11",97901452,97901472,20,"-",-0.093,0.972103839526717
"MmuEX0008835","Cacnb1",20,"gene_size",4,TRUE,14474,"Cacnb1","chr11",97901452,97901472,20,"-",-0.032,0.0230991621732141
"MmuEX0008842","Cacnb3",20,"gene_size",2,TRUE,36027,"Cacnb3","chr15",98538839,98538859,20,"+",-0.117,0.0004518079449838
"MmuEX0008842","Cacnb3",20,"gene_size",2,FALSE,36028,"Cacnb3","chr15",98538839,98538859,20,"+",-0.01,1
"MmuEX0009873","Ccdc66",26,"gene_size",2,TRUE,31379,"Ccdc66","chr14",27227594,27227620,26,"-",0.094,1
"MmuEX0009873","Ccdc66",26,"gene_size",2,FALSE,31380,"Ccdc66","chr14",27227594,27227620,26,"-",-0.072,0.849010974032635
"MmuEX0011499","Clasp1",24,"gene_size_contained",5,FALSE,33251,"Clasp1","chr1",118440434,118440458,24,"+",0.019,0.383067525925777
"MmuEX0011499","Clasp1",24,"gene_size_contained",5,TRUE,33252,"Clasp1","chr1",118440434,118440458,24,"+",0.178,0.372571342107372
"MmuEX0011499","Clasp1",24,"gene_size_contained",5,FALSE,33253,"Clasp1","chr1",118451050,118451077,27,"+",0.01,1
"MmuEX0011499","Clasp1",24,"gene_size_contained",5,FALSE,33258,"Clasp1","chr1",118469404,118469428,24,"+",0.034,0.645556667585133
"MmuEX0011499","Clasp1",24,"gene_size_contained",5,FALSE,33259,"Clasp1","chr1",118469404,118469428,24,"+",0.047,0.550577070320934
"MmuEX0011506","Clasp1",27,"gene_size_contained",5,FALSE,33251,"Clasp1","chr1",118440434,118440458,24,"+",0.019,0.383067525925777
"MmuEX0011506","Clasp1",27,"gene_size_contained",5,FALSE,33252,"Clasp1","chr1",118440434,118440458,24,"+",0.178,0.372571342107372
"MmuEX0011506","Clasp1",27,"gene_size_contained",5,TRUE,33253,"Clasp1","chr1",118451050,118451077,27,"+",0.01,1
"MmuEX0011506","Clasp1",27,"gene_size_contained",5,FALSE,33258,"Clasp1","chr1",118469404,118469428,24,"+",0.034,0.645556667585133
"MmuEX0011506","Clasp1",27,"gene_size_contained",5,FALSE,33259,"Clasp1","chr1",118469404,118469428,24,"+",0.047,0.550577070320934
"MmuEX0011507","Clasp1",24,"gene_size_contained",5,FALSE,33251,"Clasp1","chr1",118440434,118440458,24,"+",0.019,0.383067525925777
"MmuEX0011507","Clasp1",24,"gene_size_contained",5,FALSE,33252,"Clasp1","chr1",118440434,118440458,24,"+",0.178,0.372571342107372
"MmuEX0011507","Clasp1",24,"gene_size_contained",5,FALSE,33253,"Clasp1","chr1",118451050,118451077,27,"+",0.01,1
"MmuEX0011507","Clasp1",24,"gene_size_contained",5,FALSE,33258,"Clasp1","chr1",118469404,118469428,24,"+",0.034,0.645556667585133
"MmuEX0011507","Clasp1",24,"gene_size_contained",5,TRUE,33259,"Clasp1","chr1",118469404,118469428,24,"+",0.047,0.550577070320934
"MmuEX0011514","Clasp2",24,"gene_size_contained",3,TRUE,24864,"Clasp2","chr9",113687648,113687672,24,"+",0.09,0.196552367539305
"MmuEX0011514","Clasp2",24,"gene_size_contained",3,FALSE,24866,"Clasp2","chr9",113691503,113691530,27,"+",0.011,1
"MmuEX0011514","Clasp2",24,"gene_size_contained",3,FALSE,24869,"Clasp2","chr9",113707817,113707841,24,"+",-0.131,5.85942704572475e-07
"MmuEX0011524","Clasp2",17,"gene_size_contained",2,TRUE,24862,"Clasp2","chr9",113670226,113670243,17,"+",-0.035,0.000130682588467579
"MmuEX0011524","Clasp2",17,"gene_size_contained",2,FALSE,24865,"Clasp2","chr9",113689187,113689205,18,"+",-0.1,0.0857609642682593
"MmuEX0011526","Clasp2",27,"gene_size_contained",3,FALSE,24864,"Clasp2","chr9",113687648,113687672,24,"+",0.09,0.196552367539305
"MmuEX0011526","Clasp2",27,"gene_size_contained",3,TRUE,24866,"Clasp2","chr9",113691503,113691530,27,"+",0.011,1
"MmuEX0011526","Clasp2",27,"gene_size_contained",3,FALSE,24869,"Clasp2","chr9",113707817,113707841,24,"+",-0.131,5.85942704572475e-07
"MmuEX0011532","Clasp2",24,"gene_size_contained",3,FALSE,24864,"Clasp2","chr9",113687648,113687672,24,"+",0.09,0.196552367539305
"MmuEX0011532","Clasp2",24,"gene_size_contained",3,FALSE,24866,"Clasp2","chr9",113691503,113691530,27,"+",0.011,1
"MmuEX0011532","Clasp2",24,"gene_size_contained",3,TRUE,24869,"Clasp2","chr9",113707817,113707841,24,"+",-0.131,5.85942704572475e-07
"MmuEX0012543","Cpeb4",24,"gene_size",2,TRUE,39167,"Cpeb4","chr11",31868800,31868824,24,"+",0.086,7.34854896321887e-05
"MmuEX0012543","Cpeb4",24,"gene_size",2,FALSE,39168,"Cpeb4","chr11",31868800,31868824,24,"+",0.065,0.277101503401644
"MmuEX0013906","Dclk2",13,"gene_size",2,TRUE,42650,"Dclk2","chr3",86695928,86695941,13,"-",0.072,1
"MmuEX0013906","Dclk2",13,"gene_size",2,FALSE,42651,"Dclk2","chr3",86695928,86695941,13,"-",0.034,0.260120648527177
"MmuEX0013951","Dctn1",15,"gene_size_contained",3,FALSE,49324,"Dctn1","chr6",83163409,83163427,18,"+",-0.057,1
"MmuEX0013951","Dctn1",15,"gene_size_contained",3,FALSE,49325,"Dctn1","chr6",83163409,83163427,18,"+",0.092,0.244340396510165
"MmuEX0013951","Dctn1",15,"gene_size_contained",3,TRUE,49333,"Dctn1","chr6",83174300,83174315,15,"+",-0.117,2.54634701482315e-07
"MmuEX0014010","Ddhd1",21,"gene_size",2,TRUE,9081,"Ddhd1","chr14",45866310,45866331,21,"-",0.11,0.137302806234321
"MmuEX0014010","Ddhd1",21,"gene_size",2,FALSE,9082,"Ddhd1","chr14",45866310,45866331,21,"-",0.003,1
"MmuEX0014308","Denr",20,"gene_size",2,FALSE,16469,"Denr","chr5",124053253,124053273,20,"+",0,1
"MmuEX0014308","Denr",20,"gene_size",2,TRUE,16470,"Denr","chr5",124053253,124053273,20,"+",0.001,1
"MmuEX0014546","Dhx30",29,"gene_size",2,FALSE,65094,"Dhx30","chr9",109937008,109937037,29,"-",-0.014,1
"MmuEX0014546","Dhx30",29,"gene_size",2,TRUE,65095,"Dhx30","chr9",109937008,109937037,29,"-",0.021,0.55141086772789
"MmuEX0015479","Dock9",8,"gene_size_contained",3,TRUE,33796,"Dock9","chr14",121781987,121781995,8,"-",-0.057,0.000692911291838832
"MmuEX0015479","Dock9",8,"gene_size_contained",3,FALSE,33799,"Dock9","chr14",121797806,121797812,6,"-",-0.008,1
"MmuEX0015479","Dock9",8,"gene_size_contained",3,FALSE,33800,"Dock9","chr14",121797806,121797812,6,"-",-0.064,0.0609220095679151
"MmuEX0015480","Dock9",6,"gene_size_contained",3,FALSE,33796,"Dock9","chr14",121781987,121781995,8,"-",-0.057,0.000692911291838832
"MmuEX0015480","Dock9",6,"gene_size_contained",3,FALSE,33799,"Dock9","chr14",121797806,121797812,6,"-",-0.008,1
"MmuEX0015480","Dock9",6,"gene_size_contained",3,TRUE,33800,"Dock9","chr14",121797806,121797812,6,"-",-0.064,0.0609220095679151
"MmuEX0016267","Eef1d",15,"gene_size",6,FALSE,35309,"Eef1d","chr15",75777734,75777749,15,"-",-0.023,1
"MmuEX0016267","Eef1d",15,"gene_size",6,TRUE,35310,"Eef1d","chr15",75777734,75777749,15,"-",-0.154,1
"MmuEX0016267","Eef1d",15,"gene_size",6,FALSE,35311,"Eef1d","chr15",75777734,75777749,15,"-",-0.004,1
"MmuEX0016267","Eef1d",15,"gene_size",6,FALSE,35312,"Eef1d","chr15",75777734,75777749,15,"-",-0.086,0.981251567099025
"MmuEX0016267","Eef1d",15,"gene_size",6,FALSE,35313,"Eef1d","chr15",75777734,75777749,15,"-",-0.004,1
"MmuEX0016267","Eef1d",15,"gene_size",6,FALSE,35314,"Eef1d","chr15",75777734,75777749,15,"-",-0.003,1
"MmuEX0016639","Eif4g3",21,"gene_size",4,TRUE,49685,"Eif4g3","chr4",137823219,137823240,21,"+",-0.165,0.0791536114278795
"MmuEX0016639","Eif4g3",21,"gene_size",4,FALSE,49686,"Eif4g3","chr4",137823219,137823240,21,"+",0.007,1
"MmuEX0016639","Eif4g3",21,"gene_size",4,FALSE,49687,"Eif4g3","chr4",137823219,137823240,21,"+",-0.061,0.611712645707312
"MmuEX0016639","Eif4g3",21,"gene_size",4,FALSE,49688,"Eif4g3","chr4",137823219,137823240,21,"+",0.014,1
"MmuEX0016651","Eif5a",30,"gene_size",5,FALSE,69011,"Eif5a","chr11",69810274,69810304,30,"-",0.02,0.0100372042515087
"MmuEX0016651","Eif5a",30,"gene_size",5,TRUE,69012,"Eif5a","chr11",69810274,69810304,30,"-",0.042,0.00193171855155562
"MmuEX0016651","Eif5a",30,"gene_size",5,FALSE,69013,"Eif5a","chr11",69810274,69810304,30,"-",0.08,0.34104269818477
"MmuEX0016651","Eif5a",30,"gene_size",5,FALSE,69014,"Eif5a","chr11",69810274,69810304,30,"-",0.171,1
"MmuEX0016651","Eif5a",30,"gene_size",5,FALSE,69015,"Eif5a","chr11",69810274,69810304,30,"-",0,1
"MmuEX0016849","Enah",12,"gene_size",2,TRUE,26236,"Enah","chr1",181758738,181758750,12,"-",-0.019,1
"MmuEX0016849","Enah",12,"gene_size",2,FALSE,26237,"Enah","chr1",181758738,181758750,12,"-",0,1
"MmuEX0018055","Fam168a",27,"gene_size",2,TRUE,56132,"Fam168a","chr7",100467942,100467969,27,"+",-0.253,3.86870988106723e-10
"MmuEX0018055","Fam168a",27,"gene_size",2,FALSE,56133,"Fam168a","chr7",100467942,100467969,27,"+",-0.172,0.379824607066961
"MmuEX0018305","Fam3c",30,"gene_size",3,TRUE,23188,"Fam3c","chr6",22329577,22329607,30,"-",-0.011,0.00334672435213597
"MmuEX0018305","Fam3c",30,"gene_size",3,FALSE,23189,"Fam3c","chr6",22329577,22329607,30,"-",-0.004,1
"MmuEX0018305","Fam3c",30,"gene_size",3,FALSE,23190,"Fam3c","chr6",22329577,22329607,30,"-",0.005,1
"MmuEX0018656","Fastk",21,"gene_size",2,FALSE,34373,"Fastk","chr5",24649372,24649393,21,"-",0,1
"MmuEX0018656","Fastk",21,"gene_size",2,TRUE,34374,"Fastk","chr5",24649372,24649393,21,"-",0.026,1
"MmuEX0018702","Fbf1",28,"gene_size",2,FALSE,13502,"Fbf1","chr11",116055488,116055516,28,"-",-0.009,1
"MmuEX0018702","Fbf1",28,"gene_size",2,TRUE,13503,"Fbf1","chr11",116055488,116055516,28,"-",0.013,1
"MmuEX0018746","Fbrs",30,"gene_size_contained",3,TRUE,57358,"Fbrs","chr7",127080160,127080190,30,"+",-0.024,1
"MmuEX0018746","Fbrs",30,"gene_size_contained",3,FALSE,57359,"Fbrs","chr7",127080160,127080190,30,"+",0.002,1
"MmuEX0018746","Fbrs",30,"gene_size_contained",3,FALSE,57361,"Fbrs","chr7",127086031,127086061,30,"+",-0.045,0.726542498051809
"MmuEX0018753","Fbrs",30,"gene_size_contained",3,FALSE,57358,"Fbrs","chr7",127080160,127080190,30,"+",-0.024,1
"MmuEX0018753","Fbrs",30,"gene_size_contained",3,FALSE,57359,"Fbrs","chr7",127080160,127080190,30,"+",0.002,1
"MmuEX0018753","Fbrs",30,"gene_size_contained",3,TRUE,57361,"Fbrs","chr7",127086031,127086061,30,"+",-0.045,0.726542498051809
"MmuEX0018991","Fcho1",25,"gene_size",2,TRUE,31239,"Fcho1","chr8",72166915,72166940,25,"-",-0.009,1
"MmuEX0018991","Fcho1",25,"gene_size",2,FALSE,31240,"Fcho1","chr8",72166915,72166940,25,"-",-0.005,1
"MmuEX0019436","Fnbp1",15,"gene_size",2,FALSE,60992,"Fnbp1","chr2",30934893,30934908,15,"-",-0.005,1
"MmuEX0019436","Fnbp1",15,"gene_size",2,TRUE,60993,"Fnbp1","chr2",30934893,30934908,15,"-",-0.077,1
"MmuEX0020446","Git1",27,"gene_size",2,FALSE,56735,"Git1","chr11",77393654,77393681,27,"+",-0.004,1
"MmuEX0020446","Git1",27,"gene_size",2,TRUE,56736,"Git1","chr11",77393654,77393681,27,"+",-0.091,0
"MmuEX0020453","Git2",6,"gene_size",2,FALSE,25046,"Git2","chr5",114891208,114891214,6,"-",-0.133,0
"MmuEX0020453","Git2",6,"gene_size",2,TRUE,25047,"Git2","chr5",114891208,114891214,6,"-",-0.165,1.10335478096785e-08
"MmuEX0021319","Gnas",24,"gene_size",3,FALSE,31595,"Gnas","chr2",174169900,174169924,24,"+",-0.006,1
"MmuEX0021319","Gnas",24,"gene_size",3,FALSE,31596,"Gnas","chr2",174169900,174169924,24,"+",0.055,0.0968330291727473
"MmuEX0021319","Gnas",24,"gene_size",3,TRUE,31597,"Gnas","chr2",174169900,174169924,24,"+",0.025,0.00232971188137893
"MmuEX0021475","Gon4l",24,"gene_size",2,TRUE,26306,"Gon4l","chr3",88783213,88783237,24,"+",-0.075,1
"MmuEX0021475","Gon4l",24,"gene_size",2,FALSE,26307,"Gon4l","chr3",88783213,88783237,24,"+",0.014,1
"MmuEX0021486","Gopc",24,"gene_size",2,FALSE,62644,"Gopc","chr10",52233437,52233461,24,"-",-0.08,1
"MmuEX0021486","Gopc",24,"gene_size",2,TRUE,62645,"Gopc","chr10",52233437,52233461,24,"-",-0.081,2.69772737166447e-12
"MmuEX0021546","Gpatch8",18,"gene_size",2,FALSE,34119,"Gpatch8","chr11",102422138,102422156,18,"-",0.049,1
"MmuEX0021546","Gpatch8",18,"gene_size",2,TRUE,34120,"Gpatch8","chr11",102422138,102422156,18,"-",-0.107,0.00110545444193773
"MmuEX0022122","Gtf2ird1",26,"gene_size_contained",2,FALSE,29146,"Gtf2ird1","chr5",134404960,134404989,29,"-",-0.006,1
"MmuEX0022122","Gtf2ird1",26,"gene_size_contained",2,TRUE,29154,"Gtf2ird1","chr5",134421248,134421274,26,"-",0.006,1
"MmuEX0022165","Gtpbp2",27,"gene_size",3,FALSE,3686,"Gtpbp2","chr17",46474408,46474435,27,"+",-0.001,1
"MmuEX0022165","Gtpbp2",27,"gene_size",3,FALSE,3687,"Gtpbp2","chr17",46474408,46474435,27,"+",0.001,1
"MmuEX0022165","Gtpbp2",27,"gene_size",3,TRUE,3688,"Gtpbp2","chr17",46474408,46474435,27,"+",0.003,1
"MmuEX0023592","Idh3g",12,"gene_size",2,FALSE,69146,"Idh3g","chrX",72825903,72825915,12,"-",-0.023,0.0107631283252445
"MmuEX0023592","Idh3g",12,"gene_size",2,TRUE,69147,"Idh3g","chrX",72825903,72825915,12,"-",-0.045,0
"MmuEX0023608","Iffo1",9,"gene_size",2,TRUE,53085,"Iffo1","chr6",125128757,125128766,9,"+",-0.018,1
"MmuEX0023608","Iffo1",9,"gene_size",2,FALSE,53088,"Iffo1","chr6",125128760,125128766,6,"+",-0.009,0.95868919715388
"MmuEX0024133","Incenp",12,"gene_size",2,FALSE,1681,"Incenp","chr19",9860555,9860567,12,"-",-0.059,0.339026520213964
"MmuEX0024133","Incenp",12,"gene_size",2,TRUE,1682,"Incenp","chr19",9860555,9860567,12,"-",0.149,1
"MmuEX0024182","Inpp4a",15,"gene_size",2,TRUE,41536,"Inpp4a","chr1",37413352,37413370,18,"+",-0.09,0.276144168842407
"MmuEX0024182","Inpp4a",15,"gene_size",2,FALSE,41537,"Inpp4a","chr1",37413355,37413370,15,"+",-0.008,1
"MmuEX0024829","Jag2",28,"gene_size",2,FALSE,11414,"Jag2","chr12",112876312,112876340,28,"-",-0.001,1
"MmuEX0024829","Jag2",28,"gene_size",2,TRUE,11415,"Jag2","chr12",112876312,112876340,28,"-",-0.021,1
"MmuEX0025087","Kcnma1",12,"gene_size_contained",3,FALSE,38552,"Kcnma1","chr14",23482300,23482309,9,"-",0.162,1
"MmuEX0025087","Kcnma1",12,"gene_size_contained",3,FALSE,38553,"Kcnma1","chr14",23482300,23482309,9,"-",0.016,1
"MmuEX0025087","Kcnma1",12,"gene_size_contained",3,TRUE,38554,"Kcnma1","chr14",23499267,23499279,12,"-",-0.017,1
"MmuEX0025589","Kif3a",9,"gene_size",3,FALSE,68342,"Kif3a","chr11",53481543,53481552,9,"+",-0.007,1
"MmuEX0025589","Kif3a",9,"gene_size",3,TRUE,68343,"Kif3a","chr11",53481543,53481552,9,"+",0.041,0.229136103812079
"MmuEX0025589","Kif3a",9,"gene_size",3,FALSE,68344,"Kif3a","chr11",53481543,53481552,9,"+",0.015,1
"MmuEX0025877","Kpna3",30,"gene_size",2,FALSE,8585,"Kpna3","chr14",61628996,61629026,30,"-",0,1
"MmuEX0025877","Kpna3",30,"gene_size",2,TRUE,8586,"Kpna3","chr14",61628996,61629026,30,"-",-0.002,1
"MmuEX0025977","L1cam",15,"gene_size_contained",2,FALSE,53339,"L1cam","chrX",72899257,72899269,12,"-",-0.179,0
"MmuEX0025977","L1cam",15,"gene_size_contained",2,TRUE,53352,"L1cam","chrX",72910627,72910642,15,"-",-0.025,0.0868801912539865
"MmuEX0025978","L1cam",12,"gene_size_contained",2,TRUE,53339,"L1cam","chrX",72899257,72899269,12,"-",-0.179,0
"MmuEX0025978","L1cam",12,"gene_size_contained",2,FALSE,53352,"L1cam","chrX",72910627,72910642,15,"-",-0.025,0.0868801912539865
"MmuEX0026604","Lmf1",11,"gene_size",2,FALSE,11699,"Lmf1","chr17",25807649,25807660,11,"+",0.07,1
"MmuEX0026604","Lmf1",11,"gene_size",2,TRUE,11700,"Lmf1","chr17",25807649,25807660,11,"+",0.021,2.5264878856716e-07
"MmuEX0026609","Lmf2",29,"gene_size",2,FALSE,6838,"Lmf2","chr15",89238629,89238658,29,"-",-0.005,1
"MmuEX0026609","Lmf2",29,"gene_size",2,TRUE,6839,"Lmf2","chr15",89238629,89238658,29,"-",-0.01,1
"MmuEX0027467","Macf1",12,"gene_size_contained",3,TRUE,45707,"Macf1","chr4",123262613,123262625,12,"-",-0.007,1
"MmuEX0027467","Macf1",12,"gene_size_contained",3,FALSE,45708,"Macf1","chr4",123262613,123262628,15,"-",-0.005,1
"MmuEX0027467","Macf1",12,"gene_size_contained",3,FALSE,45709,"Macf1","chr4",123280341,123280350,9,"-",-0.025,0.462669578044302
"MmuEX0027469","Macf1",9,"gene_size_contained",2,FALSE,45707,"Macf1","chr4",123262613,123262625,12,"-",-0.007,1
"MmuEX0027469","Macf1",9,"gene_size_contained",2,TRUE,45709,"Macf1","chr4",123280341,123280350,9,"-",-0.025,0.462669578044302
"MmuEX0027471","Macf1",18,"gene_size_contained",2,TRUE,45706,"Macf1","chr4",123257849,123257867,18,"-",-0.137,0
"MmuEX0027471","Macf1",18,"gene_size_contained",2,FALSE,45708,"Macf1","chr4",123262613,123262628,15,"-",-0.005,1
"MmuEX0027690","Map2k5",30,"gene_size_contained",5,FALSE,47744,"Map2k5","chr9",63124274,63124307,33,"-",-0.065,0.104918297515448
"MmuEX0027690","Map2k5",30,"gene_size_contained",5,FALSE,47745,"Map2k5","chr9",63124274,63124307,33,"-",-0.075,0.836193631625734
"MmuEX0027690","Map2k5",30,"gene_size_contained",5,FALSE,47746,"Map2k5","chr9",63124620,63124647,27,"-",-0.016,1
"MmuEX0027690","Map2k5",30,"gene_size_contained",5,TRUE,47747,"Map2k5","chr9",63142570,63142600,30,"-",-0.061,1
"MmuEX0027690","Map2k5",30,"gene_size_contained",5,FALSE,47748,"Map2k5","chr9",63142570,63142600,30,"-",-0.012,1
"MmuEX0027691","Map2k5",27,"gene_size_contained",3,TRUE,47746,"Map2k5","chr9",63124620,63124647,27,"-",-0.016,1
"MmuEX0027691","Map2k5",27,"gene_size_contained",3,FALSE,47747,"Map2k5","chr9",63142570,63142600,30,"-",-0.061,1
"MmuEX0027691","Map2k5",27,"gene_size_contained",3,FALSE,47748,"Map2k5","chr9",63142570,63142600,30,"-",-0.012,1
"MmuEX0027736","Map3k5",24,"gene_size_contained",2,TRUE,63183,"Map3k5","chr10",19895303,19895327,24,"+",0.002,1
"MmuEX0027736","Map3k5",24,"gene_size_contained",2,FALSE,63188,"Map3k5","chr10",19987523,19987544,21,"+",-0.002,1
"MmuEX0027855","Mapk8ip3",12,"gene_size",2,TRUE,4511,"Mapk8ip3","chr17",25128123,25128135,12,"-",-0.002,1
"MmuEX0027855","Mapk8ip3",12,"gene_size",2,FALSE,4512,"Mapk8ip3","chr17",25128123,25128135,12,"-",-0.001,1
"MmuEX0027856","Mapk8ip3",24,"gene_size",2,TRUE,4517,"Mapk8ip3","chr17",25139445,25139469,24,"-",-0.09,5.19225305857089e-11
"MmuEX0027856","Mapk8ip3",24,"gene_size",2,FALSE,4518,"Mapk8ip3","chr17",25139445,25139469,24,"-",-0.071,0.000151555081315538
"MmuEX0027951","Mark2",27,"gene_size",3,FALSE,1770,"Mark2","chr19",7257350,7257377,27,"-",0.234,1
"MmuEX0027951","Mark2",27,"gene_size",3,TRUE,1771,"Mark2","chr19",7257350,7257377,27,"-",-0.062,0.000169761050823123
"MmuEX0027951","Mark2",27,"gene_size",3,FALSE,1772,"Mark2","chr19",7257350,7257377,27,"-",0.077,1
"MmuEX0028003","Mast2",21,"gene_size",2,FALSE,20804,"Mast2","chr4",116190609,116190630,21,"-",0.04,1
"MmuEX0028003","Mast2",21,"gene_size",2,TRUE,20805,"Mast2","chr4",116190609,116190630,21,"-",-0.043,1
"MmuEX0028432","Meaf6",30,"gene_size_contained",3,FALSE,36587,"Meaf6","chr4",125001309,125001339,30,"+",-0.013,0.49105454835629
"MmuEX0028432","Meaf6",30,"gene_size_contained",3,TRUE,36588,"Meaf6","chr4",125001309,125001339,30,"+",-0.057,0.0856393093459826
"MmuEX0028432","Meaf6",30,"gene_size_contained",3,FALSE,36591,"Meaf6","chr4",125002115,125002149,34,"+",-0.006,1
"MmuEX0028501","Med15",30,"gene_size",3,FALSE,23390,"Med15","chr16",17501022,17501052,30,"-",-0.012,1
"MmuEX0028501","Med15",30,"gene_size",3,FALSE,23391,"Med15","chr16",17501022,17501052,30,"-",-0.009,0.391383402913312
"MmuEX0028501","Med15",30,"gene_size",3,TRUE,23392,"Med15","chr16",17501022,17501052,30,"-",0.047,0.244340396510165
"MmuEX0030346","Myh10",30,"gene_size_contained",2,FALSE,68895,"Myh10","chr11",68625213,68625241,28,"+",-0.002,1
"MmuEX0030346","Myh10",30,"gene_size_contained",2,TRUE,68896,"Myh10","chr11",68636760,68636790,30,"+",-0.015,0.942414529736232
"MmuEX0030862","Nap1l4",30,"gene_size_contained",6,TRUE,55148,"Nap1l4","chr7",143075137,143075167,30,"-",-0.005,1
"MmuEX0030862","Nap1l4",30,"gene_size_contained",6,FALSE,55149,"Nap1l4","chr7",143075137,143075167,30,"-",-0.001,1
"MmuEX0030862","Nap1l4",30,"gene_size_contained",6,FALSE,55150,"Nap1l4","chr7",143075137,143075167,30,"-",-0.002,1
"MmuEX0030862","Nap1l4",30,"gene_size_contained",6,FALSE,55151,"Nap1l4","chr7",143075137,143075167,30,"-",-0.001,1
"MmuEX0030862","Nap1l4",30,"gene_size_contained",6,FALSE,55200,"Nap1l4","chr7",143095484,143095515,31,"-",0.215,0.00915992216321967
"MmuEX0030862","Nap1l4",30,"gene_size_contained",6,FALSE,55201,"Nap1l4","chr7",143095484,143095515,31,"-",-0.001,1
"MmuEX0031042","Ncam1",15,"gene_size",3,FALSE,38078,"Ncam1","chr9",49453187,49453202,15,"-",0.005,1
"MmuEX0031042","Ncam1",15,"gene_size",3,FALSE,38079,"Ncam1","chr9",49453187,49453202,15,"-",0.003,1
"MmuEX0031042","Ncam1",15,"gene_size",3,TRUE,38080,"Ncam1","chr9",49453187,49453202,15,"-",-0.232,0.00238916533905825
"MmuEX0031043","Ncam1",3,"gene_size",2,FALSE,38073,"Ncam1","chr9",49443273,49443276,3,"-",-0.032,1
"MmuEX0031043","Ncam1",3,"gene_size",2,TRUE,38074,"Ncam1","chr9",49443273,49443276,3,"-",0.071,0.0237793543175305
"MmuEX0031809","Nktr",28,"gene_size_contained",3,TRUE,64803,"Nktr","chr9",121559062,121559090,28,"+",-0.2,2.01290237575617e-09
"MmuEX0031809","Nktr",28,"gene_size_contained",3,FALSE,64805,"Nktr","chr9",121567453,121567481,28,"+",0.002,1
"MmuEX0031809","Nktr",28,"gene_size_contained",3,FALSE,64810,"Nktr","chr9",121581862,121581893,31,"+",-0.032,0.000340585606015474
"MmuEX0031815","Nktr",28,"gene_size_contained",3,FALSE,64803,"Nktr","chr9",121559062,121559090,28,"+",-0.2,2.01290237575617e-09
"MmuEX0031815","Nktr",28,"gene_size_contained",3,TRUE,64805,"Nktr","chr9",121567453,121567481,28,"+",0.002,1
"MmuEX0031815","Nktr",28,"gene_size_contained",3,FALSE,64810,"Nktr","chr9",121581862,121581893,31,"+",-0.032,0.000340585606015474
"MmuEX0031816","Nktr",30,"gene_size_contained",3,FALSE,64803,"Nktr","chr9",121559062,121559090,28,"+",-0.2,2.01290237575617e-09
"MmuEX0031816","Nktr",30,"gene_size_contained",3,TRUE,64805,"Nktr","chr9",121567453,121567481,28,"+",0.002,1
"MmuEX0031816","Nktr",30,"gene_size_contained",3,FALSE,64810,"Nktr","chr9",121581862,121581893,31,"+",-0.032,0.000340585606015474
"MmuEX0032539","Ntng2",27,"gene_size",3,FALSE,33658,"Ntng2","chr2",29094909,29094936,27,"-",-0.019,1
"MmuEX0032539","Ntng2",27,"gene_size",3,FALSE,33660,"Ntng2","chr2",29094909,29094936,27,"-",0.007,1
"MmuEX0032539","Ntng2",27,"gene_size",3,TRUE,33661,"Ntng2","chr2",29094909,29094936,27,"-",0.124,1
"MmuEX0033366","Oxr1",28,"gene_size",8,FALSE,22610,"Oxr1","chr15",41701647,41701675,28,"+",-0.016,1
"MmuEX0033366","Oxr1",28,"gene_size",8,FALSE,22611,"Oxr1","chr15",41701647,41701675,28,"+",-0.02,1
"MmuEX0033366","Oxr1",28,"gene_size",8,FALSE,22612,"Oxr1","chr15",41701647,41701675,28,"+",0.002,1
"MmuEX0033366","Oxr1",28,"gene_size",8,FALSE,22613,"Oxr1","chr15",41701647,41701675,28,"+",-0.012,1
"MmuEX0033366","Oxr1",28,"gene_size",8,FALSE,22614,"Oxr1","chr15",41701647,41701675,28,"+",0.172,1
"MmuEX0033366","Oxr1",28,"gene_size",8,FALSE,22615,"Oxr1","chr15",41701647,41701675,28,"+",-0.117,1
"MmuEX0033366","Oxr1",28,"gene_size",8,FALSE,22616,"Oxr1","chr15",41701647,41701675,28,"+",-0.333,1
"MmuEX0033366","Oxr1",28,"gene_size",8,TRUE,22617,"Oxr1","chr15",41701647,41701675,28,"+",0.5,1
"MmuEX0034298","Pdlim7",17,"gene_size",3,FALSE,10585,"Pdlim7","chr13",55655676,55655693,17,"-",0.002,1
"MmuEX0034298","Pdlim7",17,"gene_size",3,TRUE,10586,"Pdlim7","chr13",55655676,55655693,17,"-",-0.072,0.376014781416877
"MmuEX0034298","Pdlim7",17,"gene_size",3,FALSE,10587,"Pdlim7","chr13",55655676,55655693,17,"-",0.03,1
"MmuEX0034574","Pfkfb3",23,"gene_size",2,FALSE,26864,"Pfkfb3","chr2",11482846,11482869,23,"-",-0.051,0.0549934779572913
"MmuEX0034574","Pfkfb3",23,"gene_size",2,TRUE,26865,"Pfkfb3","chr2",11482846,11482869,23,"-",-0.202,0.633271240258697
"MmuEX0034604","Pgap2",20,"gene_size",2,FALSE,49365,"Pgap2","chr7",101871988,101872008,20,"+",-0.011,1
"MmuEX0034604","Pgap2",20,"gene_size",2,TRUE,49366,"Pgap2","chr7",101871988,101872008,20,"+",0.149,1
"MmuEX0034605","Pgap2",24,"gene_size",2,FALSE,49365,"Pgap2","chr7",101871988,101872008,20,"+",-0.011,1
"MmuEX0034605","Pgap2",24,"gene_size",2,TRUE,49366,"Pgap2","chr7",101871988,101872008,20,"+",0.149,1
"MmuEX0034767","Phf21b",23,"gene_size",2,FALSE,6976,"Phf21b","chr15",84678096,84678119,23,"-",0.018,1
"MmuEX0034767","Phf21b",23,"gene_size",2,TRUE,6977,"Phf21b","chr15",84678096,84678119,23,"-",-0.019,0.130072435725668
"MmuEX0034804","Phip",30,"gene_size",2,TRUE,28462,"Phip","chr9",82856979,82857009,30,"-",-0.022,1
"MmuEX0034804","Phip",30,"gene_size",2,FALSE,28463,"Phip","chr9",82856979,82857009,30,"-",-0.001,1
"MmuEX0036499","Ppfia1",27,"gene_size_contained",5,FALSE,58180,"Ppfia1","chr7",144042427,144042454,27,"-",0.079,0.426270117597822
"MmuEX0036499","Ppfia1",27,"gene_size_contained",5,FALSE,58181,"Ppfia1","chr7",144042427,144042454,27,"-",-0.002,1
"MmuEX0036499","Ppfia1",27,"gene_size_contained",5,TRUE,58182,"Ppfia1","chr7",144042427,144042454,27,"-",-0.245,3.10346821548892e-05
"MmuEX0036499","Ppfia1",27,"gene_size_contained",5,FALSE,58183,"Ppfia1","chr7",144042427,144042454,27,"-",-0.113,0.749545948739057
"MmuEX0036499","Ppfia1",27,"gene_size_contained",5,FALSE,58185,"Ppfia1","chr7",144056603,144056633,30,"-",0.171,8.62476499492149e-05
"MmuEX0036502","Ppfia1",30,"gene_size_contained",5,FALSE,58180,"Ppfia1","chr7",144042427,144042454,27,"-",0.079,0.426270117597822
"MmuEX0036502","Ppfia1",30,"gene_size_contained",5,FALSE,58181,"Ppfia1","chr7",144042427,144042454,27,"-",-0.002,1
"MmuEX0036502","Ppfia1",30,"gene_size_contained",5,FALSE,58182,"Ppfia1","chr7",144042427,144042454,27,"-",-0.245,3.10346821548892e-05
"MmuEX0036502","Ppfia1",30,"gene_size_contained",5,FALSE,58183,"Ppfia1","chr7",144042427,144042454,27,"-",-0.113,0.749545948739057
"MmuEX0036502","Ppfia1",30,"gene_size_contained",5,TRUE,58185,"Ppfia1","chr7",144056603,144056633,30,"-",0.171,8.62476499492149e-05
"MmuEX0036509","Ppfia2",30,"gene_size",2,FALSE,66756,"Ppfia2","chr10",106740677,106740707,30,"+",0.021,1
"MmuEX0036509","Ppfia2",30,"gene_size",2,TRUE,66757,"Ppfia2","chr10",106740681,106740707,26,"+",0.107,1
"MmuEX0036532","Ppfibp1",30,"gene_size_contained",3,FALSE,38914,"Ppfibp1","chr6",146901159,146901192,33,"+",-0.053,0.231272982873634
"MmuEX0036532","Ppfibp1",30,"gene_size_contained",3,TRUE,38915,"Ppfibp1","chr6",146914415,146914445,30,"+",0.008,1
"MmuEX0036532","Ppfibp1",30,"gene_size_contained",3,FALSE,38916,"Ppfibp1","chr6",146918358,146918391,33,"+",0.045,1.56673779741981e-07
"MmuEX0037342","Prpf40b",25,"gene_size",2,TRUE,10346,"Prpf40b","chr15",99203046,99203074,28,"+",-0.047,0.0191259195530578
"MmuEX0037342","Prpf40b",25,"gene_size",2,FALSE,10347,"Prpf40b","chr15",99203288,99203314,26,"+",-0.019,1
"MmuEX0037345","Prpf40b",28,"gene_size_contained",2,TRUE,10346,"Prpf40b","chr15",99203046,99203074,28,"+",-0.047,0.0191259195530578
"MmuEX0037345","Prpf40b",28,"gene_size_contained",2,FALSE,10347,"Prpf40b","chr15",99203288,99203314,26,"+",-0.019,1
"MmuEX0037450","Prss41",27,"gene_size",2,TRUE,4642,"Prss41","chr17",24062930,24062957,27,"-",0.492,0.049765335490866
"MmuEX0037450","Prss41",27,"gene_size",2,FALSE,4643,"Prss41","chr17",24062930,24062957,27,"-",0.073,1
"MmuEX0037479","Psap",9,"gene_size_contained",2,TRUE,57882,"Psap","chr10",60133316,60133325,9,"+",-0.129,6.82779603057641e-11
"MmuEX0037479","Psap",9,"gene_size_contained",2,FALSE,57883,"Psap","chr10",60134820,60134825,5,"+",1,1
"MmuEX0037737","Ptk2",21,"gene_size_contained",2,TRUE,7561,"Ptk2","chr15",73147469,73147490,21,"-",-0.079,0
"MmuEX0037737","Ptk2",21,"gene_size_contained",2,FALSE,7562,"Ptk2","chr15",73154066,73154084,18,"-",-0.012,1
"MmuEX0037746","Ptk2",18,"gene_size_contained",2,FALSE,7561,"Ptk2","chr15",73147469,73147490,21,"-",-0.079,0
"MmuEX0037746","Ptk2",18,"gene_size_contained",2,TRUE,7562,"Ptk2","chr15",73154066,73154084,18,"-",-0.012,1
"MmuEX0038777","Rapgef2",24,"gene_size_contained",2,TRUE,48134,"Rapgef2","chr3",78989930,78989954,24,"-",-0.012,1
"MmuEX0038777","Rapgef2",24,"gene_size_contained",2,FALSE,48138,"Rapgef2","chr3",79038004,79038023,19,"-",0.002,1
"MmuEX0040104","Rnf185",19,"gene_size",2,FALSE,64211,"Rnf185","chr11",3378883,3378902,19,"-",-0.004,1
"MmuEX0040104","Rnf185",19,"gene_size",2,TRUE,64212,"Rnf185","chr11",3378883,3378902,19,"-",0.024,1
"MmuEX0041679","Senp6",21,"gene_size",3,FALSE,63598,"Senp6","chr9",80006167,80006188,21,"+",0.035,1
"MmuEX0041679","Senp6",21,"gene_size",3,FALSE,63599,"Senp6","chr9",80006167,80006188,21,"+",-0.012,1
"MmuEX0041679","Senp6",21,"gene_size",3,TRUE,63600,"Senp6","chr9",80006167,80006188,21,"+",-0.058,0
"MmuEX0041756","Serhl",20,"gene_size",2,FALSE,7050,"Serhl","chr15",82986825,82986845,20,"+",-0.007,1
"MmuEX0041756","Serhl",20,"gene_size",2,TRUE,7051,"Serhl","chr15",82986825,82986845,20,"+",0.01,1
"MmuEX0042005","Sfxn4",26,"gene_size_contained",5,FALSE,5279,"Sfxn4","chr19",60844264,60844290,26,"-",0.007,1
"MmuEX0042005","Sfxn4",26,"gene_size_contained",5,TRUE,5280,"Sfxn4","chr19",60844264,60844290,26,"-",0.036,1
"MmuEX0042005","Sfxn4",26,"gene_size_contained",5,FALSE,5281,"Sfxn4","chr19",60844264,60844290,26,"-",-0.005,1
"MmuEX0042005","Sfxn4",26,"gene_size_contained",5,FALSE,5286,"Sfxn4","chr19",60845787,60845814,27,"-",-0.007,1
"MmuEX0042005","Sfxn4",26,"gene_size_contained",5,FALSE,5287,"Sfxn4","chr19",60845787,60845814,27,"-",-0.009,1
"MmuEX0042195","Sh3glb1",24,"gene_size",3,FALSE,28506,"Sh3glb1","chr3",144405614,144405638,24,"-",-0.002,1
"MmuEX0042195","Sh3glb1",24,"gene_size",3,FALSE,28507,"Sh3glb1","chr3",144405614,144405638,24,"-",-0.001,1
"MmuEX0042195","Sh3glb1",24,"gene_size",3,TRUE,28508,"Sh3glb1","chr3",144405614,144405638,24,"-",-0.208,0
"MmuEX0042199","Sh3glb2",15,"gene_size_contained",4,TRUE,68187,"Sh3glb2","chr2",30236070,30236085,15,"-",-0.128,0
"MmuEX0042199","Sh3glb2",15,"gene_size_contained",4,FALSE,68188,"Sh3glb2","chr2",30236070,30236085,15,"-",-0.028,1
"MmuEX0042199","Sh3glb2",15,"gene_size_contained",4,FALSE,68196,"Sh3glb2","chr2",30239237,30239249,12,"-",-0.005,1
"MmuEX0042199","Sh3glb2",15,"gene_size_contained",4,FALSE,68197,"Sh3glb2","chr2",30239237,30239249,12,"-",-0.031,0.767139486955718
"MmuEX0042200","Sh3glb2",12,"gene_size_contained",4,FALSE,68187,"Sh3glb2","chr2",30236070,30236085,15,"-",-0.128,0
"MmuEX0042200","Sh3glb2",12,"gene_size_contained",4,FALSE,68188,"Sh3glb2","chr2",30236070,30236085,15,"-",-0.028,1
"MmuEX0042200","Sh3glb2",12,"gene_size_contained",4,FALSE,68196,"Sh3glb2","chr2",30239237,30239249,12,"-",-0.005,1
"MmuEX0042200","Sh3glb2",12,"gene_size_contained",4,TRUE,68197,"Sh3glb2","chr2",30239237,30239249,12,"-",-0.031,0.767139486955718
"MmuEX0042251","Shank2",9,"gene_size",2,TRUE,34380,"Shank2","chr7",143950374,143950383,9,"+",-0.215,0.0939883859501854
"MmuEX0042251","Shank2",9,"gene_size",2,FALSE,34381,"Shank2","chr7",143950374,143950383,9,"+",-0.018,1
"MmuEX0043691","Slit2",24,"gene_size_contained",2,TRUE,34151,"Slit2","chr5",48378308,48378332,24,"+",0.013,1
"MmuEX0043691","Slit2",24,"gene_size_contained",2,FALSE,34155,"Slit2","chr5",48420982,48421009,27,"+",0.014,1
"MmuEX0043693","Slit2",27,"gene_size_contained",2,FALSE,34151,"Slit2","chr5",48378308,48378332,24,"+",0.013,1
"MmuEX0043693","Slit2",27,"gene_size_contained",2,TRUE,34155,"Slit2","chr5",48420982,48421009,27,"+",0.014,1
"MmuEX0044258","Snx21",11,"gene_size",2,TRUE,40380,"Snx21","chr2",164633477,164633488,11,"+",-0.234,1
"MmuEX0044258","Snx21",11,"gene_size",2,FALSE,40381,"Snx21","chr2",164633477,164633488,11,"+",-0.021,0.329982882036282
"MmuEX0044367","Sorbs1",30,"gene_size_contained",5,TRUE,20414,"Sorbs1","chr19",40358133,40358163,30,"-",0.109,0.0968644013683427
"MmuEX0044367","Sorbs1",30,"gene_size_contained",5,FALSE,20417,"Sorbs1","chr19",40365427,40365460,33,"-",0.155,1
"MmuEX0044367","Sorbs1",30,"gene_size_contained",5,FALSE,20418,"Sorbs1","chr19",40365427,40365460,33,"-",-0.121,0.124153196115458
"MmuEX0044367","Sorbs1",30,"gene_size_contained",5,FALSE,20419,"Sorbs1","chr19",40365427,40365460,33,"-",-0.09,1
"MmuEX0044367","Sorbs1",30,"gene_size_contained",5,FALSE,20422,"Sorbs1","chr19",40371199,40371226,27,"-",0.054,0.628015455186658
"MmuEX0044374","Sorbs1",27,"gene_size_contained",2,FALSE,20414,"Sorbs1","chr19",40358133,40358163,30,"-",0.109,0.0968644013683427
"MmuEX0044374","Sorbs1",27,"gene_size_contained",2,TRUE,20422,"Sorbs1","chr19",40371199,40371226,27,"-",0.054,0.628015455186658
"MmuEX0044507","Spag9",15,"gene_size",4,FALSE,67411,"Spag9","chr11",93970024,93970036,12,"+",0.05,1
"MmuEX0044507","Spag9",15,"gene_size",4,FALSE,67412,"Spag9","chr11",93970024,93970036,12,"+",-0.055,0.00508493134084774
"MmuEX0044507","Spag9",15,"gene_size",4,FALSE,67413,"Spag9","chr11",93971565,93971580,15,"+",-0.002,1
"MmuEX0044507","Spag9",15,"gene_size",4,TRUE,67414,"Spag9","chr11",93971565,93971580,15,"+",0.168,0.0320554566746996
"MmuEX0044508","Spag9",12,"gene_size",4,FALSE,67411,"Spag9","chr11",93970024,93970036,12,"+",0.05,1
"MmuEX0044508","Spag9",12,"gene_size",4,FALSE,67412,"Spag9","chr11",93970024,93970036,12,"+",-0.055,0.00508493134084774
"MmuEX0044508","Spag9",12,"gene_size",4,FALSE,67413,"Spag9","chr11",93971565,93971580,15,"+",-0.002,1
"MmuEX0044508","Spag9",12,"gene_size",4,TRUE,67414,"Spag9","chr11",93971565,93971580,15,"+",0.168,0.0320554566746996
"MmuEX0044509","Spag9",12,"gene_size",4,FALSE,67411,"Spag9","chr11",93970024,93970036,12,"+",0.05,1
"MmuEX0044509","Spag9",12,"gene_size",4,FALSE,67412,"Spag9","chr11",93970024,93970036,12,"+",-0.055,0.00508493134084774
"MmuEX0044509","Spag9",12,"gene_size",4,FALSE,67413,"Spag9","chr11",93971565,93971580,15,"+",-0.002,1
"MmuEX0044509","Spag9",12,"gene_size",4,TRUE,67414,"Spag9","chr11",93971565,93971580,15,"+",0.168,0.0320554566746996
"MmuEX0044624","Speg",30,"gene_size",2,FALSE,36994,"Speg","chr1",75360677,75360712,35,"+",-0.018,1
"MmuEX0044624","Speg",30,"gene_size",2,TRUE,36995,"Speg","chr1",75360682,75360712,30,"+",-0.024,0.686337511383856
"MmuEX0044934","Srpk1",26,"gene_size",2,TRUE,4259,"Srpk1","chr17",28819842,28819868,26,"-",-0.001,1
"MmuEX0044934","Srpk1",26,"gene_size",2,FALSE,4260,"Srpk1","chr17",28819842,28819868,26,"-",-0.001,1
"MmuEX0045982","Synj1",24,"gene_size_contained",3,FALSE,35191,"Synj1","chr16",90737360,90737381,21,"-",-0.013,1
"MmuEX0045982","Synj1",24,"gene_size_contained",3,FALSE,35192,"Synj1","chr16",90737360,90737384,24,"-",-0.003,1
"MmuEX0045982","Synj1",24,"gene_size_contained",3,TRUE,35203,"Synj1","chr16",90768451,90768475,24,"-",-0.1,2.93604005525419e-05
"MmuEX0046693","Tcf7l2",25,"gene_size",3,FALSE,9930,"Tcf7l2","chr19",55916161,55916186,25,"+",0.106,0.510544509816163
"MmuEX0046693","Tcf7l2",25,"gene_size",3,TRUE,9931,"Tcf7l2","chr19",55916161,55916186,25,"+",-0.197,0.00635973075347412
"MmuEX0046693","Tcf7l2",25,"gene_size",3,FALSE,9932,"Tcf7l2","chr19",55916161,55916186,25,"+",-0.102,0.421961836380969
"MmuEX0046857","Tead1",12,"gene_size",2,FALSE,21125,"Tead1","chr7",112455259,112455271,12,"+",-0.008,1
"MmuEX0046857","Tead1",12,"gene_size",2,TRUE,21126,"Tead1","chr7",112455259,112455271,12,"+",-0.017,0.154657485761331
"MmuEX0047379","Tjap1",30,"gene_size_contained",2,TRUE,3645,"Tjap1","chr17",46571805,46571835,30,"-",-0.059,0.00221946751872242
"MmuEX0047379","Tjap1",30,"gene_size_contained",2,FALSE,3648,"Tjap1","chr17",46573327,46573356,29,"-",0,1
"MmuEX0048384","Tnrc6a",22,"gene_size",3,FALSE,30444,"Tnrc6a","chr7",122751386,122751408,22,"+",-0.067,1
"MmuEX0048384","Tnrc6a",22,"gene_size",3,FALSE,30445,"Tnrc6a","chr7",122751386,122751408,22,"+",-0.217,1
"MmuEX0048384","Tnrc6a",22,"gene_size",3,TRUE,30446,"Tnrc6a","chr7",122751386,122751408,22,"+",0.019,0.000804327172103365
"MmuEX0048399","Tnrc6c",22,"gene_size",2,FALSE,13401,"Tnrc6c","chr11",117593204,117593226,22,"+",0.001,1
"MmuEX0048399","Tnrc6c",22,"gene_size",2,TRUE,13402,"Tnrc6c","chr11",117593204,117593226,22,"+",-0.026,1
"MmuEX0048571","Tpd52",27,"gene_size",2,FALSE,34268,"Tpd52","chr3",9008610,9008637,27,"-",-0.007,1
"MmuEX0048571","Tpd52",27,"gene_size",2,TRUE,34269,"Tpd52","chr3",9008610,9008637,27,"-",0.115,0
"MmuEX0048704","Traf3ip1",21,"gene_size",2,FALSE,37053,"Traf3ip1","chr1",91446015,91446036,21,"+",-0.012,1
"MmuEX0048704","Traf3ip1",21,"gene_size",2,TRUE,37054,"Traf3ip1","chr1",91446015,91446036,21,"+",-0.038,1
"MmuEX0049240","Trrap",21,"gene_size",2,TRUE,30826,"Trrap","chr5",144747141,144747162,21,"+",0.023,1
"MmuEX0049240","Trrap",21,"gene_size",2,FALSE,30827,"Trrap","chr5",144747141,144747162,21,"+",-0.009,1
"MmuEX0050127","Ube2b",26,"gene_size",3,TRUE,68288,"Ube2b","chr11",51886200,51886226,26,"-",-0.003,1
"MmuEX0050127","Ube2b",26,"gene_size",3,FALSE,68289,"Ube2b","chr11",51886200,51886226,26,"-",0,1
"MmuEX0050127","Ube2b",26,"gene_size",3,FALSE,68290,"Ube2b","chr11",51886200,51886226,26,"-",-0.001,1
"MmuEX0050589","Unc13a",6,"gene_size_contained",3,TRUE,58411,"Unc13a","chr8",72091860,72091866,6,"-",-0.019,0.00592300659230289
"MmuEX0050589","Unc13a",6,"gene_size_contained",3,FALSE,58412,"Unc13a","chr8",72091860,72091866,6,"-",0.061,0.356185028498428
"MmuEX0050589","Unc13a",6,"gene_size_contained",3,FALSE,58417,"Unc13a","chr8",72108146,72108152,6,"-",-0.001,1
"MmuEX0050593","Unc13a",30,"gene_size_contained",2,FALSE,58408,"Unc13a","chr8",72089181,72089211,30,"-",-0.005,1
"MmuEX0050593","Unc13a",30,"gene_size_contained",2,TRUE,58423,"Unc13a","chr8",72119284,72119314,30,"-",0.025,1
"MmuEX0051075","Usp53",25,"gene_size",2,FALSE,36126,"Usp53","chr3",122776333,122776358,25,"-",0.617,1
"MmuEX0051075","Usp53",25,"gene_size",2,TRUE,36127,"Usp53","chr3",122776333,122776358,25,"-",0.024,0.0021457994225225
"MmuEX0051281","Vav2",15,"gene_size_contained",2,FALSE,36237,"Vav2","chr2",27174850,27174865,15,"-",-0.111,3.07864615168397e-05
"MmuEX0051281","Vav2",15,"gene_size_contained",2,TRUE,36240,"Vav2","chr2",27190441,27190456,15,"-",-0.197,0
"MmuEX0051282","Vav2",15,"gene_size_contained",2,TRUE,36237,"Vav2","chr2",27174850,27174865,15,"-",-0.111,3.07864615168397e-05
"MmuEX0051282","Vav2",15,"gene_size_contained",2,FALSE,36240,"Vav2","chr2",27190441,27190456,15,"-",-0.197,0
"MmuEX0051510","Vps29",12,"gene_size",2,TRUE,55370,"Vps29","chr5",122494856,122494868,12,"+",0.062,0.0468902718751602
"MmuEX0051510","Vps29",12,"gene_size",2,FALSE,55371,"Vps29","chr5",122494856,122494868,12,"+",0.169,0.0526568580765769
"MmuEX0051652","Vti1a",21,"gene_size",3,TRUE,15640,"Vti1a","chr19",55375620,55375641,21,"+",0.171,0.000231369095081125
"MmuEX0051652","Vti1a",21,"gene_size",3,FALSE,15641,"Vti1a","chr19",55375620,55375641,21,"+",0.022,1
"MmuEX0051652","Vti1a",21,"gene_size",3,FALSE,15642,"Vti1a","chr19",55375620,55375641,21,"+",0.133,0.672448327197515
"MmuEX0052215","Wnk1",27,"gene_size",4,FALSE,46783,"Wnk1","chr6",119905083,119905110,27,"-",-0.032,1
"MmuEX0052215","Wnk1",27,"gene_size",4,FALSE,46784,"Wnk1","chr6",119905083,119905110,27,"-",-0.067,1
"MmuEX0052215","Wnk1",27,"gene_size",4,FALSE,46785,"Wnk1","chr6",119905083,119905110,27,"-",-0.021,1
"MmuEX0052215","Wnk1",27,"gene_size",4,TRUE,46786,"Wnk1","chr6",119905083,119905110,27,"-",-0.028,0.0313983465220249
"MmuEX0052595","Ythdf3",25,"gene_size",3,FALSE,47084,"Ythdf3","chr3",16238085,16238110,25,"+",0.004,1
"MmuEX0052595","Ythdf3",25,"gene_size",3,FALSE,47085,"Ythdf3","chr3",16238085,16238110,25,"+",-0.005,1
"MmuEX0052595","Ythdf3",25,"gene_size",3,TRUE,47086,"Ythdf3","chr3",16238085,16238110,25,"+",0.22,1
"MmuEX0052888","Zdhhc15",27,"gene_size",3,FALSE,521,"Zdhhc15","chrX",103676189,103676216,27,"-",-0.011,1
"MmuEX0052888","Zdhhc15",27,"gene_size",3,TRUE,522,"Zdhhc15","chrX",103676189,103676216,27,"-",0.052,0.725918003623298
"MmuEX0052888","Zdhhc15",27,"gene_size",3,FALSE,523,"Zdhhc15","chrX",103676189,103676216,27,"-",-0.01,1
"MmuEX0052911","Zdhhc2",27,"gene_size",2,FALSE,59168,"Zdhhc2","chr8",40898818,40898845,27,"+",0,1
"MmuEX0052911","Zdhhc2",27,"gene_size",2,TRUE,59169,"Zdhhc2","chr8",40898818,40898845,27,"+",-0.001,1
"MmuEX0053758","Zfr",24,"gene_size",2,TRUE,55688,"Zfr","chr15",12135352,12135376,24,"+",0.038,0.925879776171375
"MmuEX0053758","Zfr",24,"gene_size",2,FALSE,55689,"Zfr","chr15",12135352,12135376,24,"+",0.008,0.106128838122702
"MmuEX0053985","Zmynd8",12,"gene_size",2,FALSE,24796,"Zmynd8","chr2",165694787,165694799,12,"-",0.004,1
"MmuEX0053985","Zmynd8",12,"gene_size",2,TRUE,24797,"Zmynd8","chr2",165694787,165694799,12,"-",0.134,1.42618348871355e-05
