"VastDB.ID","gene","length","chrom","start","end","strand","neural.trend","ASD.trend","Ptbp1.dPSI","Ptbp1.signif","Srrm4.dPSI","Srrm4.signif","Srrm3.Srrm4.dPSI","Srrm3.Srrm4.signif","Srsf11.dPSI","Srsf11.signif","Rbfox2.dPSI","Rbfox2.signif","Srrm3.dPSI","Srrm3.signif","Rnps1.dPSI","Rnps1.signif","srrm3_srrm4_dPSI","srrm3_dPSI","srrm4_dPSI","srrm3_srrm4_signif","srrm3_signif","srrm4_signif","match_type","n_rmats_candidates","rmats_id","rmats_gene","rmats_chr","rmats_start","rmats_end","rmats_exon_size","rmats_dPSI","rmats_FDR","rmats_PValue"
"MmuEX0000084","1110007C09Rik",15,"chr13",49305573,49311305,"-",NA,NA,NA,"n.s.",1.6,"n.s.",-1,"n.s.",0,"n.s.",0,"n.s.",0,"n.s.",NA,"n.s.",-0.01,0,0.016,"n.s.","n.s.","n.s.","unmatched",0,NA,NA,NA,NA,NA,NA,NA,NA,NA
"MmuEX0000148","1110034B05Rik",25,"chr1",57450332,57450890,"-",NA,NA,8,"n.s.",-2.9,"n.s.",4,"n.s.",2,"n.s.",2,"n.s.",-3,"n.s.",19,"higher",0.04,-0.03,-0.029,"n.s.","n.s.","n.s.","unmatched",0,NA,NA,NA,NA,NA,NA,NA,NA,NA
"MmuEX0000509","1700029F09Rik",30,"chr1",44145373,44148205,"-",NA,NA,2,"n.s.",-0.4,"n.s.",-2,"n.s.",-2,"n.s.",-1,"n.s.",-2,"n.s.",-1,"n.s.",-0.02,-0.02,-0.004,"n.s.","n.s.","n.s.","unmatched",0,NA,NA,NA,NA,NA,NA,NA,NA,NA
"MmuEX0000612","1700106N22Rik",3,"chr17",85794006,85801765,"+",NA,NA,0,"n.s.",1.6,"n.s.",2,"n.s.",-2,"n.s.",-2,"n.s.",0,"n.s.",0,"n.s.",0.02,0,0.016,"n.s.","n.s.","n.s.","unmatched",0,NA,NA,NA,NA,NA,NA,NA,NA,NA
"MmuEX0000678","1810043G02Rik",19,"chr10",77441527,77443245,"+",NA,NA,0,"n.s.",-0.2,"n.s.",2,"n.s.",3,"n.s.",0,"n.s.",0,"n.s.",-6,"n.s.",0.02,0,-0.002,"n.s.","n.s.","n.s.","unmatched",0,NA,NA,NA,NA,NA,NA,NA,NA,NA
"MmuEX0000738","2010111I01Rik",13,"chr13",63383567,63398165,"+",NA,NA,0,"n.s.",0,"n.s.",0,"n.s.",0,"n.s.",0,"n.s.",0,"n.s.",0,"n.s.",0,0,0,"n.s.","n.s.","n.s.","unmatched",0,NA,NA,NA,NA,NA,NA,NA,NA,NA
"MmuEX0000772","2210016L21Rik",9,"chr5",115396374,115397171,"+",NA,NA,3,"n.s.",-2.5,"n.s.",0,"n.s.",3,"n.s.",5,"n.s.",-2,"n.s.",-2,"n.s.",0,-0.02,-0.025,"n.s.","n.s.","n.s.","unmatched",0,NA,NA,NA,NA,NA,NA,NA,NA,NA
"MmuEX0000885","2310021P13Rik",7,"chr14",21537215,21537648,"+",NA,NA,1,"n.s.",0.3,"n.s.",0,"n.s.",0,"n.s.",0,"n.s.",0,"n.s.",3,"n.s.",0,0,0.003,"n.s.","n.s.","n.s.","unmatched",0,NA,NA,NA,NA,NA,NA,NA,NA,NA
"MmuEX0000992","2410002O22Rik",18,"chr13",104940264,104944375,"-","Neural-low","inconsistent",2,"n.s.",3.8,"n.s.",3,"n.s.",-6,"n.s.",-3,"n.s.",-4,"n.s.",-43,"lower",0.03,-0.04,0.038,"n.s.","n.s.","n.s.","unmatched",0,NA,NA,NA,NA,NA,NA,NA,NA,NA
"MmuEX0001025","2410089E03Rik",4,"chr15",8214442,8219618,"+",NA,NA,1,"n.s.",-0.2,"n.s.",-1,"n.s.",-2,"n.s.",0,"n.s.",-1,"n.s.",0,"n.s.",-0.01,-0.01,-0.002,"n.s.","n.s.","n.s.","unmatched",0,NA,NA,NA,NA,NA,NA,NA,NA,NA
"MmuEX0001668","4930534B04Rik",24,"chr12",92260918,92322113,"-",NA,NA,0,"n.s.",0.1,"n.s.",0,"n.s.",0,"n.s.",0,"n.s.",0,"n.s.",-1,"n.s.",0,0,0.001,"n.s.","n.s.","n.s.","unmatched",0,NA,NA,NA,NA,NA,NA,NA,NA,NA
"MmuEX0001861","4933424B01Rik",24,"chr6",146508733,146510250,"-","Neural-high",NA,NA,"n.s.",-0.5,"n.s.",0,"n.s.",1,"n.s.",NA,"n.s.",NA,"n.s.",NA,"n.s.",0,NA,-0.005,"n.s.","n.s.","n.s.","unmatched",0,NA,NA,NA,NA,NA,NA,NA,NA,NA
"MmuEX0001871","4933427D14Rik",3,"chr11",71973023,71979018,"-",NA,NA,1,"n.s.",0,"n.s.",0,"n.s.",0,"n.s.",0,"n.s.",-1,"n.s.",-2,"n.s.",0,-0.01,0,"n.s.","n.s.","n.s.","unmatched",0,NA,NA,NA,NA,NA,NA,NA,NA,NA
"MmuEX0002065","5830417I10Rik",24,"chr3",88593321,88603536,"+",NA,NA,5,"n.s.",5.6,"n.s.",8,"n.s.",-5,"n.s.",-2,"n.s.",-2,"n.s.",-8,"n.s.",0.08,-0.02,0.056,"n.s.","n.s.","n.s.","unmatched",0,NA,NA,NA,NA,NA,NA,NA,NA,NA
"MmuEX0002361","9430015G10Rik",7,"chr4",155488111,155491118,"+",NA,NA,-1,"n.s.",-0.6,"n.s.",-2,"n.s.",1,"n.s.",2,"n.s.",-3,"n.s.",-2,"n.s.",-0.02,-0.03,-0.006,"n.s.","n.s.","n.s.","unmatched",0,NA,NA,NA,NA,NA,NA,NA,NA,NA
"MmuEX0002493","A430033K04Rik",14,"chr5",139077519,139080643,"+",NA,NA,0,"n.s.",-1,"n.s.",0,"n.s.",0,"n.s.",3,"n.s.",-2,"n.s.",-2,"n.s.",0,-0.02,-0.01,"n.s.","n.s.","n.s.","unmatched",0,NA,NA,NA,NA,NA,NA,NA,NA,NA
"MmuEX0002512","A430110N23Rik",27,"chr7",4877582,4878575,"+",NA,NA,0,"n.s.",-3.4,"n.s.",0,"n.s.",0,"n.s.",5,"n.s.",-3,"n.s.",NA,"n.s.",0,-0.03,-0.034,"n.s.","n.s.","n.s.","unmatched",0,NA,NA,NA,NA,NA,NA,NA,NA,NA
"MmuEX0002733","AI413582",26,"chr17",27701285,27701506,"-",NA,"n.s.",NA,"n.s.",0.1,"n.s.",-2,"n.s.",1,"n.s.",-2,"n.s.",2,"n.s.",-4,"n.s.",-0.02,0.02,0.001,"n.s.","n.s.","n.s.","unmatched",0,NA,NA,NA,NA,NA,NA,NA,NA,NA
"MmuEX0002765","AI848100",21,"chr1",163775490,163777335,"-","Neural-high",NA,0,"n.s.",-2.6,"n.s.",-18,"lower",-1,"n.s.",-1,"n.s.",0,"n.s.",-4,"n.s.",-0.18,0,-0.026,"lower","n.s.","n.s.","unmatched",0,NA,NA,NA,NA,NA,NA,NA,NA,NA
"MmuEX0002786","AL732311.1",29,"chr2",26493616,26495577,"-",NA,NA,-1,"n.s.",-1.1,"n.s.",0,"n.s.",-1,"n.s.",-1,"n.s.",1,"n.s.",1,"n.s.",0,0.01,-0.011,"n.s.","n.s.","n.s.","unmatched",0,NA,NA,NA,NA,NA,NA,NA,NA,NA
"MmuEX0002972","Abca2",3,"chr2",25287610,25288617,"+",NA,NA,3,"n.s.",2.7,"n.s.",-2,"n.s.",-3,"n.s.",20,"higher",0,"n.s.",-6,"n.s.",-0.02,0,0.027,"n.s.","n.s.","n.s.","unmatched",0,NA,NA,NA,NA,NA,NA,NA,NA,NA
"MmuEX0003251","Abi2",7,"chr1",60494077,60500828,"+",NA,"n.s.",1,"n.s.",-0.1,"n.s.",0,"n.s.",0,"n.s.",0,"n.s.",0,"n.s.",0,"n.s.",0,0,-0.001,"n.s.","n.s.","n.s.","unmatched",0,NA,NA,NA,NA,NA,NA,NA,NA,NA
"MmuEX0003401","Acap2",12,"chr16",31127520,31131345,"-","Neural-high","ASD-low",1,"n.s.",-15.3,"lower",-38,"lower",0,"n.s.",0,"n.s.",-1,"n.s.",-13,"lower",-0.38,-0.01,-0.153,"lower","n.s.","lower","unmatched",0,NA,NA,NA,NA,NA,NA,NA,NA,NA
"MmuEX0003412","Acat1",9,"chr9",53403506,53406189,"-",NA,NA,0,"n.s.",0,"n.s.",0,"n.s.",0,"n.s.",0,"n.s.",0,"n.s.",0,"n.s.",0,0,0,"n.s.","n.s.","n.s.","unmatched",0,NA,NA,NA,NA,NA,NA,NA,NA,NA
"MmuEX0003675","Acvr2a",24,"chr2",48728994,48745817,"+","Neural-high",NA,NA,"n.s.",NA,NA,-9,"n.s.",-6,"n.s.",NA,"n.s.",NA,"n.s.",NA,"n.s.",-0.09,NA,NA,"n.s.","n.s.",NA,"unmatched",0,NA,NA,NA,NA,NA,NA,NA,NA,NA
"MmuEX0004041","Add3",14,"chr19",53217580,53277903,"+",NA,NA,-1,"n.s.",3.2,"n.s.",NA,"n.s.",NA,"n.s.",NA,"n.s.",-2,"n.s.",-3,"n.s.",NA,-0.02,0.032,"n.s.","n.s.","n.s.","unmatched",0,NA,NA,NA,NA,NA,NA,NA,NA,NA
"MmuEX0004911","Ank3",3,"chr10",69478402,69486579,"+",NA,NA,-1,"n.s.",0.6,"n.s.",-1,"n.s.",-2,"n.s.",-2,"n.s.",0,"n.s.",0,"n.s.",-0.01,0,0.006,"n.s.","n.s.","n.s.","unmatched",0,NA,NA,NA,NA,NA,NA,NA,NA,NA
"MmuEX0004989","Ankrd10",3,"chr8",11612948,11615814,"-",NA,NA,0,"n.s.",2.2,"n.s.",-2,"n.s.",2,"n.s.",3,"n.s.",0,"n.s.",-1,"n.s.",-0.02,0,0.022,"n.s.","n.s.","n.s.","unmatched",0,NA,NA,NA,NA,NA,NA,NA,NA,NA
"MmuEX0005012","Ankrd13a",3,"chr5",115236819,115239316,"+",NA,NA,0,"n.s.",0.3,"n.s.",0,"n.s.",0,"n.s.",0,"n.s.",0,"n.s.",0,"n.s.",0,0,0.003,"n.s.","n.s.","n.s.","unmatched",0,NA,NA,NA,NA,NA,NA,NA,NA,NA
"MmuEX0005300","Anp32a",3,"chr9",62222559,62225106,"+",NA,NA,0,"n.s.",0,"n.s.",0,"n.s.",0,"n.s.",0,"n.s.",0,"n.s.",0,"n.s.",0,0,0,"n.s.","n.s.","n.s.","unmatched",0,NA,NA,NA,NA,NA,NA,NA,NA,NA
"MmuEX0005371","Aox1",8,"chr1",58106334,58110507,"+",NA,NA,0,"n.s.",-2.1,"n.s.",-1,"n.s.",-2,"n.s.",-2,"n.s.",-1,"n.s.",-3,"n.s.",-0.01,-0.01,-0.021,"n.s.","n.s.","n.s.","unmatched",0,NA,NA,NA,NA,NA,NA,NA,NA,NA
"MmuEX0005388","Ap1b1",9,"chr11",4940425,4941720,"+","Neural-high","n.s.",7,"n.s.",-7.2,"n.s.",-26,"lower",4,"n.s.",-43,"lower",-21,"lower",-32,"lower",-0.26,-0.21,-0.072,"lower","lower","n.s.","unmatched",0,NA,NA,NA,NA,NA,NA,NA,NA,NA
"MmuEX0005425","Ap2b1",18,"chr11",83116340,83121716,"+",NA,NA,NA,"n.s.",NA,"n.s.",-1,"n.s.",NA,"n.s.",NA,"n.s.",NA,"n.s.",NA,"n.s.",-0.01,NA,NA,"n.s.","n.s.","n.s.","unmatched",0,NA,NA,NA,NA,NA,NA,NA,NA,NA
"MmuEX0005432","Ap3b1",9,"chr13",95312832,95317709,"+",NA,NA,2,"n.s.",-1,"n.s.",-1,"n.s.",-1,"n.s.",0,"n.s.",0,"n.s.",0,"n.s.",-0.01,0,-0.01,"n.s.","n.s.","n.s.","unmatched",0,NA,NA,NA,NA,NA,NA,NA,NA,NA
"MmuEX0005959","Arhgef11",15,"chr3",87422715,87487407,"+",NA,NA,5,"n.s.",-1,"n.s.",-3,"n.s.",-1,"n.s.",-2,"n.s.",-1,"n.s.",3,"n.s.",-0.03,-0.01,-0.01,"n.s.","n.s.","n.s.","unmatched",0,NA,NA,NA,NA,NA,NA,NA,NA,NA
"MmuEX0005960","Arhgef11",13,"chr3",87422715,87487407,"+",NA,NA,0,"n.s.",0,"n.s.",0,"n.s.",0,"n.s.",0,"n.s.",0,"n.s.",1,"n.s.",0,0,0,"n.s.","n.s.","n.s.","unmatched",0,NA,NA,NA,NA,NA,NA,NA,NA,NA
"MmuEX0006404","Asf1a",13,"chr10",53326092,53327470,"+",NA,NA,0,"n.s.",0.1,"n.s.",0,"n.s.",0,"n.s.",0,"n.s.",0,"n.s.",1,"n.s.",0,0,0.001,"n.s.","n.s.","n.s.","unmatched",0,NA,NA,NA,NA,NA,NA,NA,NA,NA
"MmuEX0006430","Ash2l",18,"chr8",26939332,26941744,"-","Neural-high",NA,0,"n.s.",-0.1,"n.s.",0,"n.s.",0,"n.s.",0,"n.s.",1,"n.s.",3,"n.s.",0,0.01,-0.001,"n.s.","n.s.","n.s.","unmatched",0,NA,NA,NA,NA,NA,NA,NA,NA,NA
"MmuEX0006507","Asxl2",3,"chr12",3442557,3451661,"+",NA,NA,1,"n.s.",-2.2,"n.s.",-2,"n.s.",1,"n.s.",-2,"n.s.",-3,"n.s.",-4,"n.s.",-0.02,-0.03,-0.022,"n.s.","n.s.","n.s.","unmatched",0,NA,NA,NA,NA,NA,NA,NA,NA,NA
"MmuEX0006778","Atp13a2",8,"chr4",140552715,140555042,"+",NA,NA,0,"n.s.",-0.7,"n.s.",0,"n.s.",0,"n.s.",0,"n.s.",0,"n.s.",0,"n.s.",0,0,-0.007,"n.s.","n.s.","n.s.","unmatched",0,NA,NA,NA,NA,NA,NA,NA,NA,NA
"MmuEX0006958","Atp8b2",7,"chr3",89753940,89756596,"-",NA,"inconsistent",1,"n.s.",-0.1,"n.s.",0,"n.s.",0,"n.s.",0,"n.s.",0,"n.s.",0,"n.s.",0,0,-0.001,"n.s.","n.s.","n.s.","unmatched",0,NA,NA,NA,NA,NA,NA,NA,NA,NA
"MmuEX0007325","BC016423",20,"chr13",3598998,3599184,"-",NA,NA,0,"n.s.",0.9,"n.s.",0,"n.s.",-1,"n.s.",-1,"n.s.",2,"n.s.",3,"n.s.",0,0.02,0.009,"n.s.","n.s.","n.s.","unmatched",0,NA,NA,NA,NA,NA,NA,NA,NA,NA
"MmuEX0007666","Banp",3,"chr8",124529583,124530990,"+",NA,NA,-1,"n.s.",0,"n.s.",-1,"n.s.",4,"n.s.",2,"n.s.",1,"n.s.",0,"n.s.",-0.01,0.01,0,"n.s.","n.s.","n.s.","unmatched",0,NA,NA,NA,NA,NA,NA,NA,NA,NA
"MmuEX0007673","Bap1",30,"chr14",32064841,32065085,"+",NA,NA,0,"n.s.",-0.1,"n.s.",0,"n.s.",0,"n.s.",0,"n.s.",0,"n.s.",0,"n.s.",0,0,-0.001,"n.s.","n.s.","n.s.","unmatched",0,NA,NA,NA,NA,NA,NA,NA,NA,NA
"MmuEX0007703","Baz1b",30,"chr5",135707653,135712144,"+",NA,NA,NA,"n.s.",0.3,"n.s.",NA,"n.s.",0,"n.s.",1,"n.s.",0,"n.s.",0,"n.s.",NA,0,0.003,"n.s.","n.s.","n.s.","unmatched",0,NA,NA,NA,NA,NA,NA,NA,NA,NA
"MmuEX0007942","Bet1l",9,"chr7",148040721,148040972,"-",NA,NA,4,"n.s.",-0.6,"n.s.",0,"n.s.",0,"n.s.",0,"n.s.",1,"n.s.",0,"n.s.",0,0.01,-0.006,"n.s.","n.s.","n.s.","unmatched",0,NA,NA,NA,NA,NA,NA,NA,NA,NA
"MmuEX0007967","Bicd1",9,"chr6",149467636,149498871,"+",NA,NA,0,"n.s.",-0.2,"n.s.",-2,"n.s.",NA,"n.s.",NA,NA,0,"n.s.",1,"n.s.",-0.02,0,-0.002,"n.s.","n.s.","n.s.","unmatched",0,NA,NA,NA,NA,NA,NA,NA,NA,NA
"MmuEX0007973","Bin1",12,"chr18",32581615,32584473,"+",NA,"n.s.",0,"n.s.",0,"n.s.",0,"n.s.",0,"n.s.",0,"n.s.",0,"n.s.",0,"n.s.",0,0,0,"n.s.","n.s.","n.s.","unmatched",0,NA,NA,NA,NA,NA,NA,NA,NA,NA
"MmuEX0008283","Brp44l",4,"chr17",8481604,8489399,"+",NA,NA,NA,NA,NA,"n.s.",1,"n.s.",0,"n.s.",2,"n.s.",NA,NA,NA,NA,0.01,NA,NA,"n.s.",NA,"n.s.","unmatched",0,NA,NA,NA,NA,NA,NA,NA,NA,NA
"MmuEX0008514","C230096C10Rik",9,"chr4",138919695,138920837,"+","Neural-high","ASD-low",0,"n.s.",-0.8,"n.s.",-7,"n.s.",0,"n.s.",-5,"n.s.",0,"n.s.",-2,"n.s.",-0.07,0,-0.008,"n.s.","n.s.","n.s.","unmatched",0,NA,NA,NA,NA,NA,NA,NA,NA,NA
"MmuEX0008535","C2cd3",3,"chr7",107604001,107608285,"+",NA,NA,1,"n.s.",0,"n.s.",0,"n.s.",0,"n.s.",0,"n.s.",0,"n.s.",1,"n.s.",0,0,0,"n.s.","n.s.","n.s.","unmatched",0,NA,NA,NA,NA,NA,NA,NA,NA,NA
"MmuEX0009244","Cask",9,"chrX",13164092,13177482,"-",NA,"ASD-low",0,"n.s.",-0.5,"n.s.",-1,"n.s.",0,"n.s.",0,"n.s.",0,"n.s.",-1,"n.s.",-0.01,0,-0.005,"n.s.","n.s.","n.s.","unmatched",0,NA,NA,NA,NA,NA,NA,NA,NA,NA
"MmuEX0009425","Cc2d2a",15,"chr5",44107085,44109791,"+","Neural-high",NA,0,"n.s.",0.1,"n.s.",0,"n.s.",-1,"n.s.",-1,"n.s.",0,"n.s.",0,"n.s.",0,0,0.001,"n.s.","n.s.","n.s.","unmatched",0,NA,NA,NA,NA,NA,NA,NA,NA,NA
"MmuEX0009436","Ccar1",13,"chr10",62248343,62253668,"-",NA,NA,0,"n.s.",0,"n.s.",0,"n.s.",0,"n.s.",0,"n.s.",-1,"n.s.",-1,"n.s.",0,-0.01,0,"n.s.","n.s.","n.s.","unmatched",0,NA,NA,NA,NA,NA,NA,NA,NA,NA
"MmuEX0009860","Ccdc64",12,"chr5",116120310,116123088,"-","Neural-high",NA,8,"n.s.",-1.5,"n.s.",-4,"n.s.",-7,"n.s.",-7,"n.s.",-3,"n.s.",-3,"n.s.",-0.04,-0.03,-0.015,"n.s.","n.s.","n.s.","unmatched",0,NA,NA,NA,NA,NA,NA,NA,NA,NA
"MmuEX0009920","Ccdc77",28,"chr6",120300463,120304018,"-",NA,NA,NA,"n.s.",1.8,"n.s.",2,"n.s.",2,"n.s.",9,"n.s.",1,"n.s.",3,"n.s.",0.02,0.01,0.018,"n.s.","n.s.","n.s.","unmatched",0,NA,NA,NA,NA,NA,NA,NA,NA,NA
"MmuEX0009921","Ccdc77",3,"chr6",120292088,120298405,"-",NA,NA,1,"n.s.",-2,"n.s.",-1,"n.s.",-1,"n.s.",2,"n.s.",0,"n.s.",1,"n.s.",-0.01,0,-0.02,"n.s.","n.s.","n.s.","unmatched",0,NA,NA,NA,NA,NA,NA,NA,NA,NA
"MmuEX0010414","Cdc42bpg",12,"chr19",6318575,6320078,"+",NA,NA,0,"n.s.",-1.9,"n.s.",-1,"n.s.",-1,"n.s.",2,"n.s.",0,"n.s.",2,"n.s.",-0.01,0,-0.019,"n.s.","n.s.","n.s.","unmatched",0,NA,NA,NA,NA,NA,NA,NA,NA,NA
"MmuEX0010546","Cdk13",6,"chr13",17831027,17842090,"-",NA,NA,0,"n.s.",0,"n.s.",0,"n.s.",0,"n.s.",0,"n.s.",0,"n.s.",2,"n.s.",0,0,0,"n.s.","n.s.","n.s.","unmatched",0,NA,NA,NA,NA,NA,NA,NA,NA,NA
"MmuEX0010780","Cenpc1",29,"chr5",86487272,86491028,"-",NA,NA,NA,NA,-2.6,"n.s.",NA,"n.s.",NA,"n.s.",NA,"n.s.",NA,"n.s.",NA,"n.s.",NA,NA,-0.026,"n.s.","n.s.","n.s.","unmatched",0,NA,NA,NA,NA,NA,NA,NA,NA,NA
"MmuEX0011621","Cldnd1",8,"chr16",58728198,58729550,"+",NA,"n.s.",-1,"n.s.",-0.4,"n.s.",1,"n.s.",0,"n.s.",1,"n.s.",-1,"n.s.",-2,"n.s.",0.01,-0.01,-0.004,"n.s.","n.s.","n.s.","unmatched",0,NA,NA,NA,NA,NA,NA,NA,NA,NA
"MmuEX0011805","Cltc",3,"chr11",86547347,86550572,"-","Neural-high",NA,0,"n.s.",-0.2,"n.s.",0,"n.s.",0,"n.s.",0,"n.s.",0,"n.s.",0,"n.s.",0,0,-0.002,"n.s.","n.s.","n.s.","unmatched",0,NA,NA,NA,NA,NA,NA,NA,NA,NA
"MmuEX0011806","Cltc",12,"chr11",86526209,86531399,"-",NA,NA,0,"n.s.",0,"n.s.",-1,"n.s.",-1,"n.s.",0,"n.s.",0,"n.s.",0,"n.s.",-0.01,0,0,"n.s.","n.s.","n.s.","unmatched",0,NA,NA,NA,NA,NA,NA,NA,NA,NA
"MmuEX0011836","Cmc1",26,"chr9",118024548,118059134,"-",NA,NA,-1,"n.s.",NA,"n.s.",NA,"n.s.",NA,"n.s.",NA,"n.s.",2,"n.s.",NA,"n.s.",NA,0.02,NA,"n.s.","n.s.","n.s.","unmatched",0,NA,NA,NA,NA,NA,NA,NA,NA,NA
"MmuEX0012082","Cog5",27,"chr12",32518252,32522059,"+",NA,NA,2,"n.s.",-1.1,"n.s.",-3,"n.s.",1,"n.s.",0,"n.s.",-5,"n.s.",NA,"n.s.",-0.03,-0.05,-0.011,"n.s.","n.s.","n.s.","unmatched",0,NA,NA,NA,NA,NA,NA,NA,NA,NA
"MmuEX0012341","Col6a5",12,"chr9",105791706,105794456,"-",NA,NA,0,"n.s.",-0.9,"n.s.",0,"n.s.",-7,"n.s.",1,"n.s.",-1,"n.s.",0,"n.s.",0,-0.01,-0.009,"n.s.","n.s.","n.s.","unmatched",0,NA,NA,NA,NA,NA,NA,NA,NA,NA
"MmuEX0012960","Cspp1",10,"chr1",10076034,10078131,"+",NA,NA,5,"n.s.",0.1,"n.s.",NA,"n.s.",NA,NA,NA,"n.s.",-2,"n.s.",NA,NA,NA,-0.02,0.001,"n.s.","n.s.","n.s.","unmatched",0,NA,NA,NA,NA,NA,NA,NA,NA,NA
"MmuEX0013003","Ctage5",27,"chr12",60245758,60247833,"+",NA,"inconsistent",-1,"n.s.",0.5,"n.s.",1,"n.s.",2,"n.s.",1,"n.s.",0,"n.s.",0,"n.s.",0.01,0,0.005,"n.s.","n.s.","n.s.","unmatched",0,NA,NA,NA,NA,NA,NA,NA,NA,NA
"MmuEX0013258","Cxxc1",27,"chr18",74377932,74378385,"+",NA,"inconsistent",0,"n.s.",0,"n.s.",0,"n.s.",0,"n.s.",0,"n.s.",0,"n.s.",0,"n.s.",0,0,0,"n.s.","n.s.","n.s.","unmatched",0,NA,NA,NA,NA,NA,NA,NA,NA,NA
"MmuEX0013313","Cyp20a1",15,"chr1",60409015,60409752,"+",NA,NA,0,"n.s.",0.3,"n.s.",0,"n.s.",0,"n.s.",0,"n.s.",2,"n.s.",0,"n.s.",0,0.02,0.003,"n.s.","n.s.","n.s.","unmatched",0,NA,NA,NA,NA,NA,NA,NA,NA,NA
"MmuEX0013417","Cyth1",3,"chr11",118038611,118043533,"-",NA,NA,0,"n.s.",5.7,"n.s.",0,"n.s.",-20,"lower",-3,"n.s.",-10,"n.s.",-13,"n.s.",0,-0.1,0.057,"n.s.","n.s.","n.s.","unmatched",0,NA,NA,NA,NA,NA,NA,NA,NA,NA
"MmuEX0013424","Cyth3",3,"chr5",144463795,144467952,"+",NA,NA,6,"n.s.",-0.6,"n.s.",-1,"n.s.",0,"n.s.",0,"n.s.",0,"n.s.",1,"n.s.",-0.01,0,-0.006,"n.s.","n.s.","n.s.","unmatched",0,NA,NA,NA,NA,NA,NA,NA,NA,NA
"MmuEX0013953","Dctn2",3,"chr10",126704539,126711769,"+","Neural-high",NA,4,"n.s.",-6,"n.s.",-14,"lower",-28,"lower",-7,"n.s.",-4,"n.s.",-7,"n.s.",-0.14,-0.04,-0.06,"lower","n.s.","n.s.","unmatched",0,NA,NA,NA,NA,NA,NA,NA,NA,NA
"MmuEX0013978","Dcun1d5",9,"chr9",7205401,7206719,"+",NA,NA,-1,"n.s.",3.8,"n.s.",3,"n.s.",3,"n.s.",1,"n.s.",2,"n.s.",41,"higher",0.03,0.02,0.038,"n.s.","n.s.","n.s.","unmatched",0,NA,NA,NA,NA,NA,NA,NA,NA,NA
"MmuEX0014122","Ddx46",3,"chr13",55775476,55777256,"+",NA,NA,-1,"n.s.",-1.9,"n.s.",-1,"n.s.",1,"n.s.",5,"n.s.",0,"n.s.",-2,"n.s.",-0.01,0,-0.019,"n.s.","n.s.","n.s.","unmatched",0,NA,NA,NA,NA,NA,NA,NA,NA,NA
"MmuEX0014209","Dennd1a",12,"chr2",37707973,37709512,"-",NA,NA,-6,"n.s.",0.6,"n.s.",-1,"n.s.",-1,"n.s.",-1,"n.s.",0,"n.s.",2,"n.s.",-0.01,0,0.006,"n.s.","n.s.","n.s.","unmatched",0,NA,NA,NA,NA,NA,NA,NA,NA,NA
"MmuEX0014210","Dennd1a",15,"chr2",37792265,37817160,"-",NA,NA,0,"n.s.",0.5,"n.s.",0,"n.s.",1,"n.s.",1,"n.s.",0,"n.s.",0,"n.s.",0,0,0.005,"n.s.","n.s.","n.s.","unmatched",0,NA,NA,NA,NA,NA,NA,NA,NA,NA
"MmuEX0014448","Dgkq",15,"chr5",109082239,109083092,"-",NA,NA,0,"n.s.",NA,"n.s.",0,"n.s.",NA,"n.s.",NA,"n.s.",-2,"n.s.",NA,"n.s.",0,-0.02,NA,"n.s.","n.s.","n.s.","unmatched",0,NA,NA,NA,NA,NA,NA,NA,NA,NA
"MmuEX0014634","Diap1",9,"chr18",38020168,38049351,"-",NA,NA,1,"n.s.",-0.2,"n.s.",0,"n.s.",1,"n.s.",0,"n.s.",0,"n.s.",-1,"n.s.",0,0,-0.002,"n.s.","n.s.","n.s.","unmatched",0,NA,NA,NA,NA,NA,NA,NA,NA,NA
"MmuEX0014636","Diap1",27,"chr18",38064814,38094855,"-",NA,"n.s.",0,"n.s.",1.8,"n.s.",-2,"n.s.",-9,"n.s.",-75,"lower",-4,"n.s.",-4,"n.s.",-0.02,-0.04,0.018,"n.s.","n.s.","n.s.","unmatched",0,NA,NA,NA,NA,NA,NA,NA,NA,NA
"MmuEX0015390","Dock11",3,"chrX",33549446,33551626,"+",NA,NA,0,"n.s.",-2,"n.s.",-2,"n.s.",2,"n.s.",-3,"n.s.",1,"n.s.",1,"n.s.",-0.02,0.01,-0.02,"n.s.","n.s.","n.s.","unmatched",0,NA,NA,NA,NA,NA,NA,NA,NA,NA
"MmuEX0015669","Dpyd",13,"chr3",119017850,119115051,"+",NA,NA,-12,"n.s.",-8.3,"n.s.",-5,"n.s.",-6,"n.s.",7,"n.s.",NA,"n.s.",NA,"n.s.",-0.05,NA,-0.083,"n.s.","n.s.","n.s.","unmatched",0,NA,NA,NA,NA,NA,NA,NA,NA,NA
"MmuEX0016251","Eea1",15,"chr10",95459727,95465520,"+","Neural-high",NA,16,"higher",-43.3,"lower",-36,"lower",-12,"lower",0,"n.s.",-20,"lower",-33,"lower",-0.36,-0.2,-0.433,"lower","lower","lower","unmatched",0,NA,NA,NA,NA,NA,NA,NA,NA,NA
"MmuEX0016341","Efha1",23,"chr14",58551141,58562424,"-",NA,NA,-1,"n.s.",NA,"n.s.",NA,"n.s.",NA,"n.s.",NA,"n.s.",0,"n.s.",NA,"n.s.",NA,0,NA,"n.s.","n.s.","n.s.","unmatched",0,NA,NA,NA,NA,NA,NA,NA,NA,NA
"MmuEX0016445","Ehbp1",15,"chr11",21959265,21962782,"-",NA,NA,-2,"n.s.",1.6,"n.s.",-1,"n.s.",0,"n.s.",0,"n.s.",0,"n.s.",0,"n.s.",-0.01,0,0.016,"n.s.","n.s.","n.s.","unmatched",0,NA,NA,NA,NA,NA,NA,NA,NA,NA
"MmuEX0016458","Ehd2",4,"chr7",16549716,16552768,"-",NA,NA,-6,"n.s.",-3.3,"n.s.",-3,"n.s.",-3,"n.s.",2,"n.s.",3,"n.s.",2,"n.s.",-0.03,0.03,-0.033,"n.s.","n.s.","n.s.","unmatched",0,NA,NA,NA,NA,NA,NA,NA,NA,NA
"MmuEX0016830","Eml6",9,"chr11",29664127,29677002,"-","Neural-high",NA,-2,"n.s.",-8,"n.s.",-6,"n.s.",-4,"n.s.",3,"n.s.",NA,NA,NA,NA,-0.06,NA,-0.08,"n.s.",NA,"n.s.","unmatched",0,NA,NA,NA,NA,NA,NA,NA,NA,NA
"MmuEX0016995","Epb4.1l2",3,"chr10",25079788,25161378,"+",NA,NA,0,"n.s.",-0.1,"n.s.",0,"n.s.",0,"n.s.",0,"n.s.",0,"n.s.",0,"n.s.",0,0,-0.001,"n.s.","n.s.","n.s.","unmatched",0,NA,NA,NA,NA,NA,NA,NA,NA,NA
"MmuEX0017129","Eprs",21,"chr1",187210998,187218241,"+","Neural-high","ASD-low",19,"higher",-16.6,"lower",-20,"lower",-1,"n.s.",-10,"n.s.",-16,"lower",-19,"lower",-0.2,-0.16,-0.166,"lower","lower","lower","unmatched",0,NA,NA,NA,NA,NA,NA,NA,NA,NA
"MmuEX0017353","Ero1lb",12,"chr13",12683299,12687964,"+",NA,NA,0,"n.s.",NA,"n.s.",0,"n.s.",2,"n.s.",1,"n.s.",0,"n.s.",0,"n.s.",0,0,NA,"n.s.","n.s.","n.s.","unmatched",0,NA,NA,NA,NA,NA,NA,NA,NA,NA
"MmuEX0017461","Etv3",16,"chr3",87329901,87331791,"+",NA,NA,0,"n.s.",-3.1,"n.s.",0,"n.s.",-1,"n.s.",0,"n.s.",2,"n.s.",2,"n.s.",0,0.02,-0.031,"n.s.","n.s.","n.s.","unmatched",0,NA,NA,NA,NA,NA,NA,NA,NA,NA
"MmuEX0017594","Exoc6b",12,"chr6",84571506,84575118,"-",NA,NA,0,"n.s.",-0.5,"n.s.",0,"n.s.",1,"n.s.",0,"n.s.",0,"n.s.",0,"n.s.",0,0,-0.005,"n.s.","n.s.","n.s.","unmatched",0,NA,NA,NA,NA,NA,NA,NA,NA,NA
"MmuEX0017703","Ezh1",15,"chr11",101062242,101064568,"-",NA,NA,-1,"n.s.",-0.6,"n.s.",-1,"n.s.",1,"n.s.",0,"n.s.",2,"n.s.",2,"n.s.",-0.01,0.02,-0.006,"n.s.","n.s.","n.s.","unmatched",0,NA,NA,NA,NA,NA,NA,NA,NA,NA
"MmuEX0018111","Fam178a",19,"chr19",45016917,45017938,"+","Neural-high",NA,NA,NA,-10.5,"lower",NA,NA,NA,"n.s.",NA,"n.s.",NA,NA,NA,NA,NA,NA,-0.105,NA,NA,"lower","unmatched",0,NA,NA,NA,NA,NA,NA,NA,NA,NA
"MmuEX0018329","Fam48a",27,"chr3",54516172,54517654,"+",NA,NA,0,"n.s.",1.3,"n.s.",-1,"n.s.",-1,"n.s.",0,"n.s.",0,"n.s.",0,"n.s.",-0.01,0,0.013,"n.s.","n.s.","n.s.","unmatched",0,NA,NA,NA,NA,NA,NA,NA,NA,NA
"MmuEX0018335","Fam48a",24,"chr3",54497025,54499044,"+",NA,NA,-1,"n.s.",NA,"n.s.",NA,"n.s.",NA,"n.s.",NA,"n.s.",-7,"n.s.",-7,"n.s.",NA,-0.07,NA,"n.s.","n.s.","n.s.","unmatched",0,NA,NA,NA,NA,NA,NA,NA,NA,NA
"MmuEX0018348","Fam49b",14,"chr15",63788238,63802484,"-",NA,"n.s.",0,"n.s.",0,"n.s.",0,"n.s.",0,"n.s.",0,"n.s.",0,"n.s.",0,"n.s.",0,0,0,"n.s.","n.s.","n.s.","unmatched",0,NA,NA,NA,NA,NA,NA,NA,NA,NA
"MmuEX0018497","Fam92a",21,"chr4",12096181,12098130,"-","Neural-high",NA,2,"n.s.",-4.3,"n.s.",-7,"n.s.",-3,"n.s.",4,"n.s.",-4,"n.s.",-6,"n.s.",-0.07,-0.04,-0.043,"n.s.","n.s.","n.s.","unmatched",0,NA,NA,NA,NA,NA,NA,NA,NA,NA
"MmuEX0018555","Fancd2",15,"chr6",113528486,113531377,"+",NA,NA,0,"n.s.",0.7,"n.s.",0,"n.s.",0,"n.s.",-1,"n.s.",0,"n.s.",-1,"n.s.",0,0,0.007,"n.s.","n.s.","n.s.","unmatched",0,NA,NA,NA,NA,NA,NA,NA,NA,NA
"MmuEX0018766","Fbxl12",14,"chr9",20443643,20446467,"-",NA,NA,0,"n.s.",-0.5,"n.s.",0,"n.s.",0,"n.s.",0,"n.s.",0,"n.s.",0,"n.s.",0,0,-0.005,"n.s.","n.s.","n.s.","unmatched",0,NA,NA,NA,NA,NA,NA,NA,NA,NA
"MmuEX0018995","Fcho2",25,"chr13",99525581,99533644,"-",NA,NA,1,"n.s.",-0.4,"n.s.",0,"n.s.",0,"n.s.",1,"n.s.",0,"n.s.",0,"n.s.",0,0,-0.004,"n.s.","n.s.","n.s.","unmatched",0,NA,NA,NA,NA,NA,NA,NA,NA,NA
"MmuEX0019004","Fcho2",12,"chr13",99521887,99525034,"-",NA,NA,0,"n.s.",-0.1,"n.s.",0,"n.s.",0,"n.s.",0,"n.s.",0,"n.s.",0,"n.s.",0,0,-0.001,"n.s.","n.s.","n.s.","unmatched",0,NA,NA,NA,NA,NA,NA,NA,NA,NA
"MmuEX0019077","Fermt2",21,"chr14",46081916,46084398,"-",NA,"n.s.",35,"higher",-7.2,"n.s.",-9,"n.s.",-8,"n.s.",3,"n.s.",-1,"n.s.",-3,"n.s.",-0.09,-0.01,-0.072,"n.s.","n.s.","n.s.","unmatched",0,NA,NA,NA,NA,NA,NA,NA,NA,NA
"MmuEX0019217","Fhit",30,"chr14",10596323,10702543,"-",NA,NA,0,"n.s.",1.1,"n.s.",NA,"n.s.",NA,"n.s.",NA,"n.s.",-2,"n.s.",0,"n.s.",NA,-0.02,0.011,"n.s.","n.s.","n.s.","unmatched",0,NA,NA,NA,NA,NA,NA,NA,NA,NA
"MmuEX0019329","Flna",8,"chrX",71485890,71486441,"-","Neural-high",NA,34,"higher",-0.8,"n.s.",-1,"n.s.",-1,"n.s.",0,"n.s.",0,"n.s.",0,"n.s.",-0.01,0,-0.008,"n.s.","n.s.","n.s.","unmatched",0,NA,NA,NA,NA,NA,NA,NA,NA,NA
"MmuEX0019395","Fmnl2",21,"chr2",52967493,52973145,"+","Neural-high","inconsistent",NA,NA,-1.5,"n.s.",NA,"n.s.",NA,"n.s.",NA,"n.s.",NA,"n.s.",NA,"n.s.",NA,NA,-0.015,"n.s.","n.s.","n.s.","unmatched",0,NA,NA,NA,NA,NA,NA,NA,NA,NA
"MmuEX0019489","Fndc3b",11,"chr3",27387213,27389946,"-","Neural-high",NA,-1,"n.s.",-0.6,"n.s.",-1,"n.s.",4,"n.s.",4,"n.s.",-2,"n.s.",-3,"n.s.",-0.01,-0.02,-0.006,"n.s.","n.s.","n.s.","unmatched",0,NA,NA,NA,NA,NA,NA,NA,NA,NA
"MmuEX0019673","Fryl",9,"chr5",73441745,73445291,"-","Neural-high",NA,NA,"n.s.",-39.6,"lower",-62,"lower",-1,"n.s.",7,"n.s.",-9,"n.s.",-34,"lower",-0.62,-0.09,-0.396,"lower","n.s.","lower","unmatched",0,NA,NA,NA,NA,NA,NA,NA,NA,NA
"MmuEX0019700","Fsd1l",23,"chr4",53662766,53672384,"+",NA,"n.s.",3,"n.s.",-1.7,"n.s.",0,"n.s.",0,"n.s.",2,"n.s.",-1,"n.s.",-2,"n.s.",0,-0.01,-0.017,"n.s.","n.s.","n.s.","unmatched",0,NA,NA,NA,NA,NA,NA,NA,NA,NA
"MmuEX0019741","Fuca1",15,"chr4",135489015,135492837,"+",NA,NA,0,"n.s.",0,"n.s.",0,"n.s.",0,"n.s.",0,"n.s.",0,"n.s.",0,"n.s.",0,0,0,"n.s.","n.s.","n.s.","unmatched",0,NA,NA,NA,NA,NA,NA,NA,NA,NA
"MmuEX0020631","Glyr1",3,"chr16",5021542,5026600,"-",NA,NA,0,"n.s.",-0.1,"n.s.",-1,"n.s.",-1,"n.s.",0,"n.s.",0,"n.s.",0,"n.s.",-0.01,0,-0.001,"n.s.","n.s.","n.s.","unmatched",0,NA,NA,NA,NA,NA,NA,NA,NA,NA
"MmuEX0021285","Gmppa",15,"chr1",75437118,75438049,"+",NA,"ASD-low",0,"n.s.",-0.4,"n.s.",0,"n.s.",0,"n.s.",0,"n.s.",0,"n.s.",0,"n.s.",0,0,-0.004,"n.s.","n.s.","n.s.","unmatched",0,NA,NA,NA,NA,NA,NA,NA,NA,NA
"MmuEX0021305","Gmps",3,"chr3",63791685,63794076,"+",NA,NA,0,"n.s.",0,"n.s.",0,"n.s.",1,"n.s.",0,"n.s.",0,"n.s.",0,"n.s.",0,0,0,"n.s.","n.s.","n.s.","unmatched",0,NA,NA,NA,NA,NA,NA,NA,NA,NA
"MmuEX0021320","Gnas",3,"chr2",174162293,174167153,"+",NA,NA,0,"n.s.",-0.5,"n.s.",0,"n.s.",2,"n.s.",3,"n.s.",0,"n.s.",-2,"n.s.",0,0,-0.005,"n.s.","n.s.","n.s.","unmatched",0,NA,NA,NA,NA,NA,NA,NA,NA,NA
"MmuEX0021782","Gramd1b",21,"chr9",40125179,40141029,"-",NA,NA,0,"n.s.",0.2,"n.s.",0,"n.s.",1,"n.s.",-1,"n.s.",NA,"n.s.",NA,"n.s.",0,NA,0.002,"n.s.","n.s.","n.s.","unmatched",0,NA,NA,NA,NA,NA,NA,NA,NA,NA
"MmuEX0022304","H2afv",15,"chr11",6333841,6339378,"-",NA,NA,0,"n.s.",0,"n.s.",0,"n.s.",0,"n.s.",0,"n.s.",0,"n.s.",0,"n.s.",0,0,0,"n.s.","n.s.","n.s.","unmatched",0,NA,NA,NA,NA,NA,NA,NA,NA,NA
"MmuEX0022398","Haus7",3,"chrX",70692477,70693298,"-",NA,NA,-1,"n.s.",1.6,"n.s.",0,"n.s.",2,"n.s.",1,"n.s.",0,"n.s.",2,"n.s.",0,0,0.016,"n.s.","n.s.","n.s.","unmatched",0,NA,NA,NA,NA,NA,NA,NA,NA,NA
"MmuEX0022639","Heatr7a",27,"chr15",76262726,76263703,"+","Neural-low",NA,-23,"lower",4.7,"n.s.",6,"n.s.",-2,"n.s.",-17,"n.s.",-2,"n.s.",-6,"n.s.",0.06,-0.02,0.047,"n.s.","n.s.","n.s.","unmatched",0,NA,NA,NA,NA,NA,NA,NA,NA,NA
"MmuEX0022724","Hemk1",10,"chr9",107238995,107239331,"-",NA,NA,-4,"n.s.",-1.1,"n.s.",-3,"n.s.",-4,"n.s.",-1,"n.s.",2,"n.s.",12,"n.s.",-0.03,0.02,-0.011,"n.s.","n.s.","n.s.","unmatched",0,NA,NA,NA,NA,NA,NA,NA,NA,NA
"MmuEX0022888","Hif1an",8,"chr19",44642971,44643893,"+",NA,NA,0,"n.s.",-0.2,"n.s.",0,"n.s.",0,"n.s.",0,"n.s.",0,"n.s.",0,"n.s.",0,0,-0.002,"n.s.","n.s.","n.s.","unmatched",0,NA,NA,NA,NA,NA,NA,NA,NA,NA
"MmuEX0022998","Hmbox1",12,"chr14",65442536,65444437,"-",NA,NA,0,"n.s.",-0.3,"n.s.",0,"n.s.",0,"n.s.",0,"n.s.",0,"n.s.",0,"n.s.",0,0,-0.003,"n.s.","n.s.","n.s.","unmatched",0,NA,NA,NA,NA,NA,NA,NA,NA,NA
"MmuEX0023175","Hook2",6,"chr8",87522191,87522388,"+","Neural-high","ASD-low",3,"n.s.",-44.9,"lower",-66,"lower",NA,"n.s.",-7,"n.s.",-10,"n.s.",-42,"lower",-0.66,-0.1,-0.449,"lower","n.s.","lower","unmatched",0,NA,NA,NA,NA,NA,NA,NA,NA,NA
"MmuEX0023183","Hook3",6,"chr8",27154747,27158723,"-","Neural-high",NA,8,"n.s.",-31.7,"lower",-50,"lower",-20,"lower",16,"higher",-21,"lower",-16,"lower",-0.5,-0.21,-0.317,"lower","lower","lower","unmatched",0,NA,NA,NA,NA,NA,NA,NA,NA,NA
"MmuEX0023312","Hsd3b7",13,"chr7",134944761,134944974,"+",NA,NA,-6,"n.s.",NA,NA,0,"n.s.",3,"n.s.",2,"n.s.",-1,"n.s.",NA,"n.s.",0,-0.01,NA,"n.s.","n.s.",NA,"unmatched",0,NA,NA,NA,NA,NA,NA,NA,NA,NA
"MmuEX0023411","Hspg2",9,"chr4",137064380,137066456,"+",NA,NA,0,"n.s.",0.6,"n.s.",-1,"n.s.",1,"n.s.",1,"n.s.",0,"n.s.",4,"n.s.",-0.01,0,0.006,"n.s.","n.s.","n.s.","unmatched",0,NA,NA,NA,NA,NA,NA,NA,NA,NA
"MmuEX0023729","Ift80",3,"chr3",68698104,68702406,"-",NA,NA,0,"n.s.",-0.3,"n.s.",0,"n.s.",0,"n.s.",0,"n.s.",0,"n.s.",1,"n.s.",0,0,-0.003,"n.s.","n.s.","n.s.","unmatched",0,NA,NA,NA,NA,NA,NA,NA,NA,NA
"MmuEX0023931","Il17ra",25,"chr6",120413485,120422943,"+",NA,NA,NA,"n.s.",NA,"n.s.",0,"n.s.",0,"n.s.",0,"n.s.",NA,"n.s.",NA,"n.s.",0,NA,NA,"n.s.","n.s.","n.s.","unmatched",0,NA,NA,NA,NA,NA,NA,NA,NA,NA
"MmuEX0023934","Il17ra",12,"chr6",120427499,120428392,"+",NA,NA,0,"n.s.",-0.4,"n.s.",-2,"n.s.",0,"n.s.",1,"n.s.",0,"n.s.",-1,"n.s.",-0.02,0,-0.004,"n.s.","n.s.","n.s.","unmatched",0,NA,NA,NA,NA,NA,NA,NA,NA,NA
"MmuEX0024216","Inpp5e",23,"chr2",26256013,26257120,"-",NA,NA,-3,"n.s.",1,"n.s.",3,"n.s.",1,"n.s.",1,"n.s.",0,"n.s.",-3,"n.s.",0.03,0,0.01,"n.s.","n.s.","n.s.","unmatched",0,NA,NA,NA,NA,NA,NA,NA,NA,NA
"MmuEX0024454","Iqgap2",7,"chr13",96416859,96418132,"-",NA,NA,0,"n.s.",-0.1,"n.s.",0,"n.s.",0,"n.s.",0,"n.s.",0,"n.s.",0,"n.s.",0,0,-0.001,"n.s.","n.s.","n.s.","unmatched",0,NA,NA,NA,NA,NA,NA,NA,NA,NA
"MmuEX0024760","Itsn2",19,"chr12",4600039,4620048,"+",NA,NA,NA,"n.s.",1.4,"n.s.",NA,"n.s.",NA,"n.s.",NA,"n.s.",NA,"n.s.",NA,"n.s.",NA,NA,0.014,"n.s.","n.s.","n.s.","unmatched",0,NA,NA,NA,NA,NA,NA,NA,NA,NA
"MmuEX0025108","Kcnn2",9,"chr18",45836719,45842724,"+","Neural-high",NA,0,"n.s.",0.2,"n.s.",2,"n.s.",0,"n.s.",-1,"n.s.",0,"n.s.",0,"n.s.",0.02,0,0.002,"n.s.","n.s.","n.s.","unmatched",0,NA,NA,NA,NA,NA,NA,NA,NA,NA
"MmuEX0025263","Kdm1b",21,"chr13",47149105,47154144,"+","Neural-high",NA,-3,"n.s.",-3.6,"n.s.",-17,"lower",-15,"n.s.",-17,"n.s.",-5,"n.s.",-6,"n.s.",-0.17,-0.05,-0.036,"lower","n.s.","n.s.","unmatched",0,NA,NA,NA,NA,NA,NA,NA,NA,NA
"MmuEX0025504","Kif1c",22,"chr11",70532596,70537549,"+","Neural-high",NA,NA,NA,NA,NA,-23,"lower",-12,"n.s.",-20,"n.s.",NA,"n.s.",NA,"n.s.",-0.23,NA,NA,"lower","n.s.",NA,"unmatched",0,NA,NA,NA,NA,NA,NA,NA,NA,NA
"MmuEX0025622","Kifap3",3,"chr1",165724235,165726115,"+",NA,NA,0,"n.s.",-0.2,"n.s.",0,"n.s.",1,"n.s.",0,"n.s.",0,"n.s.",1,"n.s.",0,0,-0.002,"n.s.","n.s.","n.s.","unmatched",0,NA,NA,NA,NA,NA,NA,NA,NA,NA
"MmuEX0026173","Lass6",24,"chr2",68943217,68946498,"+","Neural-high","n.s.",19,"higher",-27.9,"lower",-41,"lower",-4,"n.s.",10,"n.s.",-26,"lower",-31,"lower",-0.41,-0.26,-0.279,"lower","lower","lower","unmatched",0,NA,NA,NA,NA,NA,NA,NA,NA,NA
"MmuEX0026251","Ldb1",12,"chr19",46108671,46108878,"-",NA,NA,3,"n.s.",-0.2,"n.s.",0,"n.s.",0,"n.s.",0,"n.s.",0,"n.s.",-1,"n.s.",0,0,-0.002,"n.s.","n.s.","n.s.","unmatched",0,NA,NA,NA,NA,NA,NA,NA,NA,NA
"MmuEX0026300","Leng1",8,"chr7",3615464,3616917,"-",NA,NA,0,"n.s.",0.3,"n.s.",0,"n.s.",0,"n.s.",0,"n.s.",0,"n.s.",0,"n.s.",0,0,0.003,"n.s.","n.s.","n.s.","unmatched",0,NA,NA,NA,NA,NA,NA,NA,NA,NA
"MmuEX0026461","Limk2",12,"chr11",3260590,3292919,"-",NA,NA,0,"n.s.",1.2,"n.s.",1,"n.s.",1,"n.s.",0,"n.s.",0,"n.s.",1,"n.s.",0.01,0,0.012,"n.s.","n.s.","n.s.","unmatched",0,NA,NA,NA,NA,NA,NA,NA,NA,NA
"MmuEX0026702","Lphn1",15,"chr8",86448255,86453362,"+","Neural-high","n.s.",28,"higher",-6.6,"n.s.",-28,"lower",-36,"lower",-10,"lower",-7,"n.s.",-5,"n.s.",-0.28,-0.07,-0.066,"lower","n.s.","n.s.","unmatched",0,NA,NA,NA,NA,NA,NA,NA,NA,NA
"MmuEX0026704","Lphn1",18,"chr8",86461677,86462248,"+",NA,"inconsistent",0,"n.s.",-1.3,"n.s.",-1,"n.s.",-2,"n.s.",-1,"n.s.",0,"n.s.",0,"n.s.",-0.01,0,-0.013,"n.s.","n.s.","n.s.","unmatched",0,NA,NA,NA,NA,NA,NA,NA,NA,NA
"MmuEX0026711","Lphn2",12,"chr3",148522498,148528563,"-","Neural-high","ASD-low",30,"higher",-21,"lower",-30,"lower",-21,"lower",-15,"lower",-28,"lower",-32,"lower",-0.3,-0.28,-0.21,"lower","lower","lower","unmatched",0,NA,NA,NA,NA,NA,NA,NA,NA,NA
"MmuEX0026793","Lrch3",3,"chr16",32979631,32981913,"+",NA,NA,0,"n.s.",-0.2,"n.s.",-2,"n.s.",0,"n.s.",3,"n.s.",0,"n.s.",-1,"n.s.",-0.02,0,-0.002,"n.s.","n.s.","n.s.","unmatched",0,NA,NA,NA,NA,NA,NA,NA,NA,NA
"MmuEX0026829","Lrmp",28,"chr6",145108958,145109396,"+",NA,NA,NA,"n.s.",-0.4,"n.s.",NA,"n.s.",NA,"n.s.",NA,"n.s.",NA,"n.s.",NA,"n.s.",NA,NA,-0.004,"n.s.","n.s.","n.s.","unmatched",0,NA,NA,NA,NA,NA,NA,NA,NA,NA
"MmuEX0027055","Lrrc57",7,"chr2",120434760,120435016,"-",NA,NA,9,"n.s.",-8.4,"n.s.",-7,"n.s.",1,"n.s.",-1,"n.s.",1,"n.s.",-1,"n.s.",-0.07,0.01,-0.084,"n.s.","n.s.","n.s.","unmatched",0,NA,NA,NA,NA,NA,NA,NA,NA,NA
"MmuEX0027170","Lrrn3",29,"chr12",42181259,42212157,"-",NA,NA,NA,"n.s.",0.9,"n.s.",0,"n.s.",0,"n.s.",0,"n.s.",-1,"n.s.",1,"n.s.",0,-0.01,0.009,"n.s.","n.s.","n.s.","unmatched",0,NA,NA,NA,NA,NA,NA,NA,NA,NA
"MmuEX0027504","Mad2l2",29,"chr4",147517167,147518372,"+",NA,NA,1,"n.s.",-0.3,"n.s.",-1,"n.s.",-14,"lower",-6,"n.s.",-3,"n.s.",-18,"lower",-0.01,-0.03,-0.003,"n.s.","n.s.","n.s.","unmatched",0,NA,NA,NA,NA,NA,NA,NA,NA,NA
"MmuEX0027804","Map4k5",3,"chr12",70919486,70923789,"-",NA,NA,0,"n.s.",0.9,"n.s.",-1,"n.s.",-2,"n.s.",-1,"n.s.",-1,"n.s.",0,"n.s.",-0.01,-0.01,0.009,"n.s.","n.s.","n.s.","unmatched",0,NA,NA,NA,NA,NA,NA,NA,NA,NA
"MmuEX0027827","Mapk14",16,"chr17",28865921,28878732,"+","Neural-high",NA,8,"n.s.",-6.5,"n.s.",-8,"n.s.",-2,"n.s.",5,"n.s.",-1,"n.s.",18,"higher",-0.08,-0.01,-0.065,"n.s.","n.s.","n.s.","unmatched",0,NA,NA,NA,NA,NA,NA,NA,NA,NA
"MmuEX0027928","March6",15,"chr15",31416191,31418546,"-",NA,NA,1,"n.s.",-0.3,"n.s.",0,"n.s.",0,"n.s.",0,"n.s.",0,"n.s.",1,"n.s.",0,0,-0.003,"n.s.","n.s.","n.s.","unmatched",0,NA,NA,NA,NA,NA,NA,NA,NA,NA
"MmuEX0027932","March7",25,"chr2",60083318,60085946,"+","Neural-high",NA,4,"n.s.",-6.3,"n.s.",-4,"n.s.",-10,"n.s.",6,"n.s.",-8,"n.s.",-8,"n.s.",-0.04,-0.08,-0.063,"n.s.","n.s.","n.s.","unmatched",0,NA,NA,NA,NA,NA,NA,NA,NA,NA
"MmuEX0027974","Mars",24,"chr10",126733690,126733928,"-","Neural-high","n.s.",51,"higher",-0.7,"n.s.",-2,"n.s.",-1,"n.s.",0,"n.s.",-3,"n.s.",-11,"lower",-0.02,-0.03,-0.007,"n.s.","n.s.","n.s.","unmatched",0,NA,NA,NA,NA,NA,NA,NA,NA,NA
"MmuEX0028230","Mcm3ap",15,"chr10",75940656,75943745,"+",NA,NA,0,"n.s.",-0.3,"n.s.",0,"n.s.",0,"n.s.",0,"n.s.",1,"n.s.",1,"n.s.",0,0.01,-0.003,"n.s.","n.s.","n.s.","unmatched",0,NA,NA,NA,NA,NA,NA,NA,NA,NA
"MmuEX0029211","Mllt10",3,"chr2",18047857,18068403,"+",NA,NA,1,"n.s.",1.2,"n.s.",0,"n.s.",0,"n.s.",0,"n.s.",-1,"n.s.",-1,"n.s.",0,-0.01,0.012,"n.s.","n.s.","n.s.","unmatched",0,NA,NA,NA,NA,NA,NA,NA,NA,NA
"MmuEX0029239","Mllt4",21,"chr17",13983647,13986114,"+",NA,"inconsistent",-20,"lower",-5,"n.s.",3,"n.s.",-10,"lower",-34,"lower",-2,"n.s.",-9,"n.s.",0.03,-0.02,-0.05,"n.s.","n.s.","n.s.","unmatched",0,NA,NA,NA,NA,NA,NA,NA,NA,NA
"MmuEX0029281","Mmd",9,"chr11",90111050,90118833,"+",NA,NA,0,"n.s.",-0.3,"n.s.",0,"n.s.",0,"n.s.",0,"n.s.",0,"n.s.",0,"n.s.",0,0,-0.003,"n.s.","n.s.","n.s.","unmatched",0,NA,NA,NA,NA,NA,NA,NA,NA,NA
"MmuEX0029740","Mrps27",3,"chr13",100175059,100179763,"+",NA,NA,0,"n.s.",-0.3,"n.s.",0,"n.s.",1,"n.s.",1,"n.s.",0,"n.s.",0,"n.s.",0,0,-0.003,"n.s.","n.s.","n.s.","unmatched",0,NA,NA,NA,NA,NA,NA,NA,NA,NA
"MmuEX0029871","Mta1",12,"chr12",114371788,114374007,"+","Neural-high","ASD-high",17,"higher",-27,"lower",-59,"lower",-23,"lower",4,"n.s.",-42,"lower",-50,"lower",-0.59,-0.42,-0.27,"lower","lower","lower","unmatched",0,NA,NA,NA,NA,NA,NA,NA,NA,NA
"MmuEX0029907","Mtap4",3,"chr9",109834445,109881353,"+",NA,NA,0,"n.s.",0,"n.s.",0,"n.s.",0,"n.s.",0,"n.s.",0,"n.s.",0,"n.s.",0,0,0,"n.s.","n.s.","n.s.","unmatched",0,NA,NA,NA,NA,NA,NA,NA,NA,NA
"MmuEX0030172","Mtss1l",9,"chr8",113251452,113252627,"+",NA,"n.s.",22,"higher",-5.4,"n.s.",-12,"n.s.",-40,"lower",-17,"lower",-15,"n.s.",-33,"lower",-0.12,-0.15,-0.054,"n.s.","n.s.","n.s.","unmatched",0,NA,NA,NA,NA,NA,NA,NA,NA,NA
"MmuEX0030191","Mtx2",3,"chr2",74664101,74685294,"+",NA,NA,0,"n.s.",0.6,"n.s.",0,"n.s.",1,"n.s.",1,"n.s.",1,"n.s.",1,"n.s.",0,0.01,0.006,"n.s.","n.s.","n.s.","unmatched",0,NA,NA,NA,NA,NA,NA,NA,NA,NA
"MmuEX0030251","Mxd3",30,"chr13",55429846,55430629,"-",NA,NA,0,"n.s.",0.1,"n.s.",0,"n.s.",-1,"n.s.",0,"n.s.",0,"n.s.",0,"n.s.",0,0,0.001,"n.s.","n.s.","n.s.","unmatched",0,NA,NA,NA,NA,NA,NA,NA,NA,NA
"MmuEX0030386","Myh9",6,"chr15",77611946,77613818,"-","Neural-high","ASD-low",1,"n.s.",0,"n.s.",0,"n.s.",0,"n.s.",0,"n.s.",0,"n.s.",0,"n.s.",0,0,0,"n.s.","n.s.","n.s.","unmatched",0,NA,NA,NA,NA,NA,NA,NA,NA,NA
"MmuEX0030387","Myh9",12,"chr15",77622777,77626390,"-",NA,NA,0,"n.s.",0,"n.s.",0,"n.s.",1,"n.s.",0,"n.s.",0,"n.s.",0,"n.s.",0,0,0,"n.s.","n.s.","n.s.","unmatched",0,NA,NA,NA,NA,NA,NA,NA,NA,NA
"MmuEX0030465","Myo19",3,"chr11",84712953,84713697,"+",NA,NA,0,"n.s.",0.2,"n.s.",-1,"n.s.",2,"n.s.",-1,"n.s.",-1,"n.s.",-1,"n.s.",-0.01,-0.01,0.002,"n.s.","n.s.","n.s.","unmatched",0,NA,NA,NA,NA,NA,NA,NA,NA,NA
"MmuEX0030480","Myo1b",6,"chr1",51841386,51850483,"-","Neural-high","ASD-low",5,"n.s.",-6.4,"n.s.",-4,"n.s.",-2,"n.s.",-4,"n.s.",0,"n.s.",0,"n.s.",-0.04,0,-0.064,"n.s.","n.s.","n.s.","unmatched",0,NA,NA,NA,NA,NA,NA,NA,NA,NA
"MmuEX0030590","Myo9b",15,"chr8",73860865,73862805,"+","Neural-high",NA,8,"n.s.",NA,NA,NA,NA,NA,"n.s.",NA,"n.s.",-32,"lower",NA,"n.s.",NA,-0.32,NA,NA,"lower",NA,"unmatched",0,NA,NA,NA,NA,NA,NA,NA,NA,NA
"MmuEX0030693","N4bp2",11,"chr5",66189407,66194659,"+","Neural-high",NA,0,"n.s.",-0.1,"n.s.",0,"n.s.",0,"n.s.",0,"n.s.",0,"n.s.",0,"n.s.",0,0,-0.001,"n.s.","n.s.","n.s.","unmatched",0,NA,NA,NA,NA,NA,NA,NA,NA,NA
"MmuEX0030715","Naa15",28,"chr3",51267295,51269515,"+",NA,NA,0,"n.s.",-0.1,"n.s.",1,"n.s.",0,"n.s.",1,"n.s.",NA,"n.s.",0,"n.s.",0.01,NA,-0.001,"n.s.","n.s.","n.s.","unmatched",0,NA,NA,NA,NA,NA,NA,NA,NA,NA
"MmuEX0031126","Nckap5l",15,"chr15",99266519,99288062,"-",NA,NA,0,"n.s.",1.6,"n.s.",1,"n.s.",-1,"n.s.",0,"n.s.",0,"n.s.",-1,"n.s.",0.01,0,0.016,"n.s.","n.s.","n.s.","unmatched",0,NA,NA,NA,NA,NA,NA,NA,NA,NA
"MmuEX0031211","Ncs1",25,"chr2",31101763,31136185,"+",NA,NA,-2,"n.s.",-0.3,"n.s.",0,"n.s.",0,"n.s.",0,"n.s.",0,"n.s.",0,"n.s.",0,0,-0.003,"n.s.","n.s.","n.s.","unmatched",0,NA,NA,NA,NA,NA,NA,NA,NA,NA
"MmuEX0031485","Nelf",6,"chr2",24912697,24913772,"+","Neural-high","n.s.",1,"n.s.",-18.2,"lower",-34,"lower",1,"n.s.",0,"n.s.",-6,"n.s.",1,"n.s.",-0.34,-0.06,-0.182,"lower","n.s.","lower","unmatched",0,NA,NA,NA,NA,NA,NA,NA,NA,NA
"MmuEX0031764","Nipsnap3b",6,"chr4",53030080,53033053,"+",NA,NA,0,"n.s.",0.2,"n.s.",2,"n.s.",-1,"n.s.",0,"n.s.",0,"n.s.",0,"n.s.",0.02,0,0.002,"n.s.","n.s.","n.s.","unmatched",0,NA,NA,NA,NA,NA,NA,NA,NA,NA
"MmuEX0032196","Npm1",3,"chr11",33057049,33059933,"-",NA,NA,0,"n.s.",0,"n.s.",0,"n.s.",0,"n.s.",0,"n.s.",0,"n.s.",0,"n.s.",0,0,0,"n.s.","n.s.","n.s.","unmatched",0,NA,NA,NA,NA,NA,NA,NA,NA,NA
"MmuEX0032309","Nrcam",6,"chr12",45489043,45557611,"+",NA,NA,0,"n.s.",NA,"n.s.",1,"n.s.",2,"n.s.",1,"n.s.",NA,NA,NA,NA,0.01,NA,NA,"n.s.",NA,"n.s.","unmatched",0,NA,NA,NA,NA,NA,NA,NA,NA,NA
"MmuEX0032555","Ntrk3",24,"chr7",85596842,85605166,"-",NA,"n.s.",0,"n.s.",NA,"n.s.",-2,"n.s.",0,"n.s.",NA,"n.s.",NA,"n.s.",NA,"n.s.",-0.02,NA,NA,"n.s.","n.s.","n.s.","unmatched",0,NA,NA,NA,NA,NA,NA,NA,NA,NA
"MmuEX0032860","Nxt1",10,"chr2",148498572,148500199,"+",NA,NA,0,"n.s.",0.8,"n.s.",0,"n.s.",0,"n.s.",0,"n.s.",-1,"n.s.",0,"n.s.",0,-0.01,0.008,"n.s.","n.s.","n.s.","unmatched",0,NA,NA,NA,NA,NA,NA,NA,NA,NA
"MmuEX0032950","Ocrl",3,"chrX",45265869,45266145,"+",NA,NA,2,"n.s.",0.5,"n.s.",-2,"n.s.",-4,"n.s.",-3,"n.s.",1,"n.s.",0,"n.s.",-0.02,0.01,0.005,"n.s.","n.s.","n.s.","unmatched",0,NA,NA,NA,NA,NA,NA,NA,NA,NA
"MmuEX0032958","Odf2",3,"chr2",29759628,29768088,"+",NA,NA,0,"n.s.",0,"n.s.",0,"n.s.",0,"n.s.",0,"n.s.",0,"n.s.",0,"n.s.",0,0,0,"n.s.","n.s.","n.s.","unmatched",0,NA,NA,NA,NA,NA,NA,NA,NA,NA
"MmuEX0032996","Odz3",21,"chr8",49364545,49373144,"-","Neural-high","n.s.",41,"higher",-16.4,"lower",-20,"lower",-13,"lower",4,"n.s.",-8,"n.s.",-9,"n.s.",-0.2,-0.08,-0.164,"lower","n.s.","lower","unmatched",0,NA,NA,NA,NA,NA,NA,NA,NA,NA
"MmuEX0033003","Odz3",27,"chr8",49396124,49420942,"-","Neural-high",NA,36,"higher",-14.8,"lower",-25,"lower",-18,"lower",5,"n.s.",-12,"lower",-18,"lower",-0.25,-0.12,-0.148,"lower","lower","lower","unmatched",0,NA,NA,NA,NA,NA,NA,NA,NA,NA
"MmuEX0033034","Ogdhl",3,"chr14",33135303,33137064,"+",NA,NA,-1,"n.s.",-1,"n.s.",-1,"n.s.",-1,"n.s.",-2,"n.s.",-1,"n.s.",3,"n.s.",-0.01,-0.01,-0.01,"n.s.","n.s.","n.s.","unmatched",0,NA,NA,NA,NA,NA,NA,NA,NA,NA
"MmuEX0033035","Ogdhl",12,"chr14",33148612,33150627,"+",NA,NA,0,"n.s.",0.4,"n.s.",0,"n.s.",-1,"n.s.",0,"n.s.",0,"n.s.",0,"n.s.",0,0,0.004,"n.s.","n.s.","n.s.","unmatched",0,NA,NA,NA,NA,NA,NA,NA,NA,NA
"MmuEX0033334","Otud7b",24,"chr3",95908743,95940396,"+",NA,NA,6,"n.s.",NA,"n.s.",4,"n.s.",-8,"n.s.",-7,"n.s.",5,"n.s.",-2,"n.s.",0.04,0.05,NA,"n.s.","n.s.","n.s.","unmatched",0,NA,NA,NA,NA,NA,NA,NA,NA,NA
"MmuEX0033457","Paf1",30,"chr7",29178274,29180061,"+",NA,"inconsistent",1,"n.s.",0,"n.s.",0,"n.s.",-4,"n.s.",0,"n.s.",0,"n.s.",-1,"n.s.",0,0,0,"n.s.","n.s.","n.s.","unmatched",0,NA,NA,NA,NA,NA,NA,NA,NA,NA
"MmuEX0033596","Papola",30,"chr12",107051493,107056565,"+",NA,NA,NA,"n.s.",NA,"n.s.",NA,"n.s.",NA,"n.s.",NA,"n.s.",0,"n.s.",1,"n.s.",NA,0,NA,"n.s.","n.s.","n.s.","unmatched",0,NA,NA,NA,NA,NA,NA,NA,NA,NA
"MmuEX0033814","Paxip1",11,"chr5",28102220,28107961,"-","Neural-high",NA,5,"n.s.",-7.4,"n.s.",-6,"n.s.",-13,"n.s.",0,"n.s.",-9,"n.s.",-17,"lower",-0.06,-0.09,-0.074,"n.s.","n.s.","n.s.","unmatched",0,NA,NA,NA,NA,NA,NA,NA,NA,NA
"MmuEX0033888","Pcca",15,"chr14",123113348,123137123,"+","Neural-high",NA,1,"n.s.",-1.1,"n.s.",2,"n.s.",7,"n.s.",2,"n.s.",0,"n.s.",2,"n.s.",0.02,0,-0.011,"n.s.","n.s.","n.s.","unmatched",0,NA,NA,NA,NA,NA,NA,NA,NA,NA
"MmuEX0033949","Pcgf2",8,"chr11",97552356,97552997,"-",NA,NA,-2,"n.s.",0.6,"n.s.",0,"n.s.",-1,"n.s.",-1,"n.s.",-1,"n.s.",0,"n.s.",0,-0.01,0.006,"n.s.","n.s.","n.s.","unmatched",0,NA,NA,NA,NA,NA,NA,NA,NA,NA
"MmuEX0033979","Pck2",30,"chr14",56159351,56161242,"+",NA,NA,NA,"n.s.",NA,"n.s.",0,"n.s.",0,"n.s.",0,"n.s.",NA,"n.s.",NA,"n.s.",0,NA,NA,"n.s.","n.s.","n.s.","unmatched",0,NA,NA,NA,NA,NA,NA,NA,NA,NA
"MmuEX0034088","Pctp",3,"chr11",89848682,89850008,"-",NA,NA,0,"n.s.",0.8,"n.s.",1,"n.s.",0,"n.s.",0,"n.s.",0,"n.s.",0,"n.s.",0.01,0,0.008,"n.s.","n.s.","n.s.","unmatched",0,NA,NA,NA,NA,NA,NA,NA,NA,NA
"MmuEX0034294","Pdlim7",6,"chr13",55607729,55608690,"-",NA,NA,NA,NA,-0.1,"n.s.",0,"n.s.",-1,"n.s.",0,"n.s.",-2,"n.s.",-2,"n.s.",0,-0.02,-0.001,"n.s.","n.s.","n.s.","unmatched",0,NA,NA,NA,NA,NA,NA,NA,NA,NA
"MmuEX0034460","Per3",3,"chr4",150380069,150382336,"-",NA,NA,0,"n.s.",2.5,"n.s.",NA,"n.s.",NA,NA,NA,"n.s.",1,"n.s.",2,"n.s.",NA,0.01,0.025,"n.s.","n.s.","n.s.","unmatched",0,NA,NA,NA,NA,NA,NA,NA,NA,NA
"MmuEX0034466","Pes1",3,"chr11",3864064,3868265,"+",NA,NA,0,"n.s.",0.2,"n.s.",0,"n.s.",0,"n.s.",0,"n.s.",0,"n.s.",0,"n.s.",0,0,0.002,"n.s.","n.s.","n.s.","unmatched",0,NA,NA,NA,NA,NA,NA,NA,NA,NA
"MmuEX0034681","Phc1",9,"chr6",122287034,122289615,"-","Neural-high",NA,11,"higher",-7.4,"n.s.",-15,"lower",3,"n.s.",-4,"n.s.",-5,"n.s.",-4,"n.s.",-0.15,-0.05,-0.074,"lower","n.s.","n.s.","unmatched",0,NA,NA,NA,NA,NA,NA,NA,NA,NA
"MmuEX0034919","Phtf2",12,"chr5",20313292,20319057,"-",NA,"inconsistent",0,"n.s.",0,"n.s.",0,"n.s.",0,"n.s.",0,"n.s.",0,"n.s.",0,"n.s.",0,0,0,"n.s.","n.s.","n.s.","unmatched",0,NA,NA,NA,NA,NA,NA,NA,NA,NA
"MmuEX0035069","Pign",12,"chr1",107418705,107443240,"-",NA,NA,0,"n.s.",-0.1,"n.s.",-1,"n.s.",-1,"n.s.",0,"n.s.",0,"n.s.",0,"n.s.",-0.01,0,-0.001,"n.s.","n.s.","n.s.","unmatched",0,NA,NA,NA,NA,NA,NA,NA,NA,NA
"MmuEX0036121","Pofut1",3,"chr2",153074368,153075416,"+",NA,NA,0,"n.s.",0,"n.s.",0,"n.s.",0,"n.s.",0,"n.s.",0,"n.s.",2,"n.s.",0,0,0,"n.s.","n.s.","n.s.","unmatched",0,NA,NA,NA,NA,NA,NA,NA,NA,NA
"MmuEX0036167","Pola2",4,"chr19",5951787,5953064,"-",NA,NA,0,"n.s.",0,"n.s.",0,"n.s.",0,"n.s.",0,"n.s.",0,"n.s.",0,"n.s.",0,0,0,"n.s.","n.s.","n.s.","unmatched",0,NA,NA,NA,NA,NA,NA,NA,NA,NA
"MmuEX0036510","Ppfia2",9,"chr10",106307029,106330487,"+",NA,"n.s.",-3,"n.s.",-34.7,"lower",-36,"lower",-10,"n.s.",-5,"n.s.",-10,"n.s.",-34,"lower",-0.36,-0.1,-0.347,"lower","n.s.","lower","unmatched",0,NA,NA,NA,NA,NA,NA,NA,NA,NA
"MmuEX0036748","Ppp2r2b",4,"chr18",42848121,42861123,"-",NA,NA,1,"n.s.",0.4,"n.s.",1,"n.s.",1,"n.s.",1,"n.s.",-1,"n.s.",2,"n.s.",0.01,-0.01,0.004,"n.s.","n.s.","n.s.","unmatched",0,NA,NA,NA,NA,NA,NA,NA,NA,NA
"MmuEX0036813","Ppp4r1",6,"chr17",66165391,66173599,"+",NA,NA,0,"n.s.",-0.1,"n.s.",0,"n.s.",0,"n.s.",0,"n.s.",0,"n.s.",0,"n.s.",0,0,-0.001,"n.s.","n.s.","n.s.","unmatched",0,NA,NA,NA,NA,NA,NA,NA,NA,NA
"MmuEX0036881","Pppde2",22,"chr15",81833041,81846307,"-",NA,NA,0,"n.s.",0.2,"n.s.",0,"n.s.",0,"n.s.",0,"n.s.",0,"n.s.",0,"n.s.",0,0,0.002,"n.s.","n.s.","n.s.","unmatched",0,NA,NA,NA,NA,NA,NA,NA,NA,NA
"MmuEX0036941","Prdm10",12,"chr9",31149070,31154377,"+","Neural-high",NA,8,"n.s.",-17.6,"n.s.",NA,"n.s.",NA,"n.s.",NA,"n.s.",-14,"n.s.",NA,"n.s.",NA,-0.14,-0.176,"n.s.","n.s.","n.s.","unmatched",0,NA,NA,NA,NA,NA,NA,NA,NA,NA
"MmuEX0037208","Prkx",10,"chrX",75027641,75031466,"-",NA,NA,0,"n.s.",-0.2,"n.s.",0,"n.s.",-1,"n.s.",1,"n.s.",0,"n.s.",0,"n.s.",0,0,-0.002,"n.s.","n.s.","n.s.","unmatched",0,NA,NA,NA,NA,NA,NA,NA,NA,NA
"MmuEX0037236","Prmt3",3,"chr7",57082266,57084313,"+",NA,NA,0,"n.s.",0,"n.s.",0,"n.s.",0,"n.s.",0,"n.s.",0,"n.s.",0,"n.s.",0,0,0,"n.s.","n.s.","n.s.","unmatched",0,NA,NA,NA,NA,NA,NA,NA,NA,NA
"MmuEX0037290","Prom1",13,"chr5",44421009,44424182,"-",NA,NA,0,"n.s.",NA,"n.s.",-1,"n.s.",0,"n.s.",-1,"n.s.",-1,"n.s.",2,"n.s.",-0.01,-0.01,NA,"n.s.","n.s.","n.s.","unmatched",0,NA,NA,NA,NA,NA,NA,NA,NA,NA
"MmuEX0037295","Prom1",27,"chr5",44447323,44454364,"-","Neural-high",NA,NA,NA,NA,"n.s.",-27,"lower",NA,"n.s.",43,"higher",NA,"n.s.",NA,NA,-0.27,NA,NA,"lower","n.s.","n.s.","unmatched",0,NA,NA,NA,NA,NA,NA,NA,NA,NA
"MmuEX0037401","Prrc2b",3,"chr2",32062101,32064159,"+",NA,NA,0,"n.s.",0.1,"n.s.",0,"n.s.",0,"n.s.",0,"n.s.",0,"n.s.",0,"n.s.",0,0,0.001,"n.s.","n.s.","n.s.","unmatched",0,NA,NA,NA,NA,NA,NA,NA,NA,NA
"MmuEX0037468","Prune2",9,"chr19",17267920,17273602,"+",NA,"ASD-high",39,"higher",-1.8,"n.s.",-2,"n.s.",-8,"n.s.",-7,"n.s.",1,"n.s.",-2,"n.s.",-0.02,0.01,-0.018,"n.s.","n.s.","n.s.","unmatched",0,NA,NA,NA,NA,NA,NA,NA,NA,NA
"MmuEX0037688","Ptges2",29,"chr2",32252071,32253057,"+",NA,NA,NA,"n.s.",0.4,"n.s.",NA,"n.s.",NA,"n.s.",NA,"n.s.",1,"n.s.",4,"n.s.",NA,0.01,0.004,"n.s.","n.s.","n.s.","unmatched",0,NA,NA,NA,NA,NA,NA,NA,NA,NA
"MmuEX0037906","Ptprf",12,"chr4",117893214,117895830,"-","Neural-high",NA,8,"n.s.",-0.4,"n.s.",0,"n.s.",0,"n.s.",1,"n.s.",0,"n.s.",0,"n.s.",0,0,-0.004,"n.s.","n.s.","n.s.","unmatched",0,NA,NA,NA,NA,NA,NA,NA,NA,NA
"MmuEX0037907","Ptprf",12,"chr4",117910614,117918375,"-","Neural-high",NA,11,"higher",1.9,"n.s.",-3,"n.s.",-2,"n.s.",-3,"n.s.",0,"n.s.",1,"n.s.",-0.03,0,0.019,"n.s.","n.s.","n.s.","unmatched",0,NA,NA,NA,NA,NA,NA,NA,NA,NA
"MmuEX0038188","Qtrtd1",13,"chr16",43881327,43889679,"-",NA,NA,0,"n.s.",-3.3,"n.s.",-1,"n.s.",1,"n.s.",0,"n.s.",2,"n.s.",2,"n.s.",-0.01,0.02,-0.033,"n.s.","n.s.","n.s.","unmatched",0,NA,NA,NA,NA,NA,NA,NA,NA,NA
"MmuEX0038291","Rab22a",3,"chr2",173521501,173526522,"+",NA,NA,0,"n.s.",0.1,"n.s.",-2,"n.s.",-2,"n.s.",-3,"n.s.",0,"n.s.",1,"n.s.",-0.02,0,0.001,"n.s.","n.s.","n.s.","unmatched",0,NA,NA,NA,NA,NA,NA,NA,NA,NA
"MmuEX0038384","Rab5c",14,"chr11",100581483,100599391,"-",NA,NA,0,"n.s.",0,"n.s.",0,"n.s.",0,"n.s.",0,"n.s.",0,"n.s.",0,"n.s.",0,0,0,"n.s.","n.s.","n.s.","unmatched",0,NA,NA,NA,NA,NA,NA,NA,NA,NA
"MmuEX0038414","Rabep2",12,"chr7",133587822,133588036,"+",NA,NA,0,"n.s.",0.8,"n.s.",1,"n.s.",1,"n.s.",0,"n.s.",1,"n.s.",0,"n.s.",0.01,0.01,0.008,"n.s.","n.s.","n.s.","unmatched",0,NA,NA,NA,NA,NA,NA,NA,NA,NA
"MmuEX0038419","Rabepk",8,"chr2",34652954,34655270,"-",NA,NA,2,"n.s.",-1.4,"n.s.",-1,"n.s.",2,"n.s.",0,"n.s.",1,"n.s.",-1,"n.s.",-0.01,0.01,-0.014,"n.s.","n.s.","n.s.","unmatched",0,NA,NA,NA,NA,NA,NA,NA,NA,NA
"MmuEX0038647","Ralgapb",9,"chr2",158274186,158275912,"+","Neural-high","ASD-low",7,"n.s.",-4.7,"n.s.",-5,"n.s.",-2,"n.s.",2,"n.s.",-4,"n.s.",-5,"n.s.",-0.05,-0.04,-0.047,"n.s.","n.s.","n.s.","unmatched",0,NA,NA,NA,NA,NA,NA,NA,NA,NA
"MmuEX0038871","Rasa2",13,"chr9",96476807,96477891,"-",NA,NA,1,"n.s.",-0.5,"n.s.",1,"n.s.",-1,"n.s.",0,"n.s.",0,"n.s.",0,"n.s.",0.01,0,-0.005,"n.s.","n.s.","n.s.","unmatched",0,NA,NA,NA,NA,NA,NA,NA,NA,NA
"MmuEX0038919","Rasgrp2",23,"chr19",6401864,6402991,"+",NA,NA,2,"n.s.",11.6,"n.s.",NA,"n.s.",NA,"n.s.",NA,"n.s.",-5,"n.s.",-6,"n.s.",NA,-0.05,0.116,"n.s.","n.s.","n.s.","unmatched",0,NA,NA,NA,NA,NA,NA,NA,NA,NA
"MmuEX0039128","Rbm28",7,"chr6",29108923,29109655,"-",NA,NA,0,"n.s.",0.2,"n.s.",1,"n.s.",1,"n.s.",0,"n.s.",0,"n.s.",0,"n.s.",0.01,0,0.002,"n.s.","n.s.","n.s.","unmatched",0,NA,NA,NA,NA,NA,NA,NA,NA,NA
"MmuEX0039453","Rev1",10,"chr1",38165313,38186306,"-",NA,NA,0,"n.s.",0.3,"n.s.",NA,"n.s.",-7,"n.s.",0,"n.s.",3,"n.s.",14,"n.s.",NA,0.03,0.003,"n.s.","n.s.","n.s.","unmatched",0,NA,NA,NA,NA,NA,NA,NA,NA,NA
"MmuEX0039620","Rgs12",22,"chr5",35317983,35361991,"+",NA,"inconsistent",0,"n.s.",NA,"n.s.",NA,NA,NA,NA,NA,NA,-1,"n.s.",NA,"n.s.",NA,-0.01,NA,NA,"n.s.","n.s.","unmatched",0,NA,NA,NA,NA,NA,NA,NA,NA,NA
"MmuEX0039865","Rims2",12,"chr15",39123859,39176855,"+",NA,NA,2,"n.s.",-4.5,"n.s.",-9,"n.s.",-3,"n.s.",-1,"n.s.",-6,"n.s.",-6,"n.s.",-0.09,-0.06,-0.045,"n.s.","n.s.","n.s.","unmatched",0,NA,NA,NA,NA,NA,NA,NA,NA,NA
"MmuEX0039866","Rims2",7,"chr15",39294157,39303879,"+",NA,"n.s.",0,"n.s.",-0.4,"n.s.",0,"n.s.",0,"n.s.",0,"n.s.",0,"n.s.",0,"n.s.",0,0,-0.004,"n.s.","n.s.","n.s.","unmatched",0,NA,NA,NA,NA,NA,NA,NA,NA,NA
"MmuEX0039927","Rit1",8,"chr3",88529991,88530201,"+",NA,"ASD-low",2,"n.s.",-3.6,"n.s.",-2,"n.s.",-2,"n.s.",0,"n.s.",-3,"n.s.",-4,"n.s.",-0.02,-0.03,-0.036,"n.s.","n.s.","n.s.","unmatched",0,NA,NA,NA,NA,NA,NA,NA,NA,NA
"MmuEX0040049","Rnf145",9,"chr11",44375324,44377421,"+",NA,NA,2,"n.s.",-0.3,"n.s.",0,"n.s.",0,"n.s.",0,"n.s.",0,"n.s.",0,"n.s.",0,0,-0.003,"n.s.","n.s.","n.s.","unmatched",0,NA,NA,NA,NA,NA,NA,NA,NA,NA
"MmuEX0040436","Rprd1b",12,"chr2",157861862,157869141,"+",NA,NA,0,"n.s.",0.2,"n.s.",0,"n.s.",0,"n.s.",0,"n.s.",0,"n.s.",3,"n.s.",0,0,0.002,"n.s.","n.s.","n.s.","unmatched",0,NA,NA,NA,NA,NA,NA,NA,NA,NA
"MmuEX0040495","Rps6ka6",15,"chrX",108559900,108563900,"-",NA,NA,NA,NA,NA,"n.s.",-1,"n.s.",0,"n.s.",NA,"n.s.",NA,"n.s.",NA,"n.s.",-0.01,NA,NA,"n.s.","n.s.","n.s.","unmatched",0,NA,NA,NA,NA,NA,NA,NA,NA,NA
"MmuEX0040601","Rrp1b",3,"chr17",32192070,32192855,"+",NA,NA,0,"n.s.",-0.1,"n.s.",0,"n.s.",0,"n.s.",1,"n.s.",-1,"n.s.",-1,"n.s.",0,-0.01,-0.001,"n.s.","n.s.","n.s.","unmatched",0,NA,NA,NA,NA,NA,NA,NA,NA,NA
"MmuEX0040762","Rundc1",6,"chr11",101286925,101290765,"+","Neural-high",NA,0,"n.s.",-27.9,"lower",-50,"lower",-32,"lower",1,"n.s.",-4,"n.s.",-9,"n.s.",-0.5,-0.04,-0.279,"lower","n.s.","lower","unmatched",0,NA,NA,NA,NA,NA,NA,NA,NA,NA
"MmuEX0040805","Ruvbl2",3,"chr7",52684966,52685278,"-",NA,NA,0,"n.s.",-0.4,"n.s.",0,"n.s.",0,"n.s.",0,"n.s.",0,"n.s.",3,"n.s.",0,0,-0.004,"n.s.","n.s.","n.s.","unmatched",0,NA,NA,NA,NA,NA,NA,NA,NA,NA
"MmuEX0040989","Sardh",30,"chr2",27080603,27082596,"-",NA,NA,2,"n.s.",0.3,"n.s.",0,"n.s.",1,"n.s.",NA,"n.s.",NA,"n.s.",NA,"n.s.",0,NA,0.003,"n.s.","n.s.","n.s.","unmatched",0,NA,NA,NA,NA,NA,NA,NA,NA,NA
"MmuEX0041042","Satb2",15,"chr1",56955962,57004922,"-",NA,NA,0,"n.s.",-0.2,"n.s.",0,"n.s.",-1,"n.s.",-1,"n.s.",-1,"n.s.",-2,"n.s.",0,-0.01,-0.002,"n.s.","n.s.","n.s.","unmatched",0,NA,NA,NA,NA,NA,NA,NA,NA,NA
"MmuEX0041350","Scyl2",12,"chr10",89116972,89119452,"-","Neural-high",NA,1,"n.s.",-49.8,"lower",-68,"lower",-16,"lower",1,"n.s.",-16,"lower",-47,"lower",-0.68,-0.16,-0.498,"lower","lower","lower","unmatched",0,NA,NA,NA,NA,NA,NA,NA,NA,NA
"MmuEX0041389","Sdf2",21,"chr11",78064715,78068491,"+",NA,NA,NA,"n.s.",2.3,"n.s.",NA,"n.s.",NA,"n.s.",NA,"n.s.",NA,"n.s.",NA,"n.s.",NA,NA,0.023,"n.s.","n.s.","n.s.","unmatched",0,NA,NA,NA,NA,NA,NA,NA,NA,NA
"MmuEX0041602","Sema4b",7,"chr7",87343657,87357681,"+",NA,NA,0,"n.s.",-0.7,"n.s.",0,"n.s.",-1,"n.s.",0,"n.s.",-1,"n.s.",-1,"n.s.",0,-0.01,-0.007,"n.s.","n.s.","n.s.","unmatched",0,NA,NA,NA,NA,NA,NA,NA,NA,NA
"MmuEX0041817","Setd2",16,"chr9",110435257,110449712,"+",NA,NA,1,"n.s.",0.6,"n.s.",0,"n.s.",0,"n.s.",0,"n.s.",NA,"n.s.",NA,"n.s.",0,NA,0.006,"n.s.","n.s.","n.s.","unmatched",0,NA,NA,NA,NA,NA,NA,NA,NA,NA
"MmuEX0041818","Setd2",15,"chr9",110447820,110449712,"+",NA,NA,NA,"n.s.",NA,"n.s.",-4,"n.s.",-3,"n.s.",NA,"n.s.",-5,"n.s.",NA,"n.s.",-0.04,-0.05,NA,"n.s.","n.s.","n.s.","unmatched",0,NA,NA,NA,NA,NA,NA,NA,NA,NA
"MmuEX0041909","Sf3b3",29,"chr8",113350147,113355383,"-",NA,"n.s.",1,"n.s.",-0.5,"n.s.",3,"n.s.",-3,"n.s.",0,"n.s.",-1,"n.s.",-5,"n.s.",0.03,-0.01,-0.005,"n.s.","n.s.","n.s.","unmatched",0,NA,NA,NA,NA,NA,NA,NA,NA,NA
"MmuEX0041914","Sfi1",9,"chr11",3079511,3086067,"-",NA,NA,0,"n.s.",-0.1,"n.s.",0,"n.s.",0,"n.s.",0,"n.s.",-1,"n.s.",0,"n.s.",0,-0.01,-0.001,"n.s.","n.s.","n.s.","unmatched",0,NA,NA,NA,NA,NA,NA,NA,NA,NA
"MmuEX0041998","Sfxn3",20,"chr19",45126951,45128791,"+",NA,NA,3,"n.s.",1.1,"n.s.",2,"n.s.",-5,"n.s.",-1,"n.s.",-3,"n.s.",NA,"n.s.",0.02,-0.03,0.011,"n.s.","n.s.","n.s.","unmatched",0,NA,NA,NA,NA,NA,NA,NA,NA,NA
"MmuEX0042013","Sfxn5",26,"chr6",85219958,85239170,"-",NA,NA,NA,"n.s.",NA,"n.s.",-2,"n.s.",-6,"n.s.",-2,"n.s.",NA,"n.s.",NA,"n.s.",-0.02,NA,NA,"n.s.","n.s.","n.s.","unmatched",0,NA,NA,NA,NA,NA,NA,NA,NA,NA
"MmuEX0042206","Sh3kbp1",22,"chrX",156303333,156339607,"+",NA,NA,1,"n.s.",0,"n.s.",0,"n.s.",-1,"n.s.",0,"n.s.",0,"n.s.",0,"n.s.",0,0,0,"n.s.","n.s.","n.s.","unmatched",0,NA,NA,NA,NA,NA,NA,NA,NA,NA
"MmuEX0042470","Sirt6",9,"chr10",81089363,81090216,"-",NA,NA,0,"n.s.",0,"n.s.",0,"n.s.",0,"n.s.",0,"n.s.",0,"n.s.",1,"n.s.",0,0,0,"n.s.","n.s.","n.s.","unmatched",0,NA,NA,NA,NA,NA,NA,NA,NA,NA
"MmuEX0042899","Slc25a32",3,"chr15",38937529,38943893,"-",NA,NA,0,"n.s.",0.1,"n.s.",0,"n.s.",0,"n.s.",0,"n.s.",0,"n.s.",0,"n.s.",0,0,0.001,"n.s.","n.s.","n.s.","unmatched",0,NA,NA,NA,NA,NA,NA,NA,NA,NA
"MmuEX0043051","Slc2a9",9,"chr5",38742577,38754081,"-",NA,NA,0,"n.s.",0.4,"n.s.",NA,NA,NA,NA,NA,NA,NA,"n.s.",NA,NA,NA,NA,0.004,NA,"n.s.","n.s.","unmatched",0,NA,NA,NA,NA,NA,NA,NA,NA,NA
"MmuEX0043333","Slc43a2",12,"chr11",75377211,75380480,"+","Neural-high","ASD-low",68,"higher",-5.2,"n.s.",-4,"n.s.",-5,"n.s.",-1,"n.s.",-4,"n.s.",NA,"n.s.",-0.04,-0.04,-0.052,"n.s.","n.s.","n.s.","unmatched",0,NA,NA,NA,NA,NA,NA,NA,NA,NA
"MmuEX0044094","Snapc4",28,"chr2",26221558,26222710,"-",NA,NA,-1,"n.s.",-0.8,"n.s.",2,"n.s.",2,"n.s.",0,"n.s.",-3,"n.s.",0,"n.s.",0.02,-0.03,-0.008,"n.s.","n.s.","n.s.","unmatched",0,NA,NA,NA,NA,NA,NA,NA,NA,NA
"MmuEX0044128","Snip1",3,"chr4",124744197,124745333,"+",NA,NA,-2,"n.s.",-0.1,"n.s.",0,"n.s.",0,"n.s.",0,"n.s.",0,"n.s.",0,"n.s.",0,0,-0.001,"n.s.","n.s.","n.s.","unmatched",0,NA,NA,NA,NA,NA,NA,NA,NA,NA
"MmuEX0044171","Snrpn",20,"chr7",67133634,67140291,"-",NA,NA,5,"n.s.",-7.1,"n.s.",-2,"n.s.",1,"n.s.",0,"n.s.",-3,"n.s.",0,"n.s.",-0.02,-0.03,-0.071,"n.s.","n.s.","n.s.","unmatched",0,NA,NA,NA,NA,NA,NA,NA,NA,NA
"MmuEX0044664","Spg7",15,"chr8",125590476,125594275,"+",NA,NA,-1,"n.s.",-0.2,"n.s.",0,"n.s.",1,"n.s.",1,"n.s.",0,"n.s.",0,"n.s.",0,0,-0.002,"n.s.","n.s.","n.s.","unmatched",0,NA,NA,NA,NA,NA,NA,NA,NA,NA
"MmuEX0044723","Spna2",15,"chr2",29869359,29871108,"+","Neural-high","n.s.",2,"n.s.",-30.5,"lower",-43,"lower",-1,"n.s.",14,"higher",-22,"lower",-37,"lower",-0.43,-0.22,-0.305,"lower","lower","lower","unmatched",0,NA,NA,NA,NA,NA,NA,NA,NA,NA
"MmuEX0045076","Ssrp1",9,"chr2",84882473,84882849,"+",NA,NA,5,"n.s.",-0.2,"n.s.",0,"n.s.",0,"n.s.",-1,"n.s.",0,"n.s.",-1,"n.s.",0,0,-0.002,"n.s.","n.s.","n.s.","unmatched",0,NA,NA,NA,NA,NA,NA,NA,NA,NA
"MmuEX0045090","St18",3,"chr1",6785658,6792400,"+",NA,NA,2,"n.s.",-1.4,"n.s.",4,"n.s.",-1,"n.s.",-1,"n.s.",0,"n.s.",3,"n.s.",0.04,0,-0.014,"n.s.","n.s.","n.s.","unmatched",0,NA,NA,NA,NA,NA,NA,NA,NA,NA
"MmuEX0045510","Ston2",3,"chr12",92878246,92880160,"-",NA,NA,0,"n.s.",-0.8,"n.s.",-1,"n.s.",0,"n.s.",1,"n.s.",0,"n.s.",1,"n.s.",-0.01,0,-0.008,"n.s.","n.s.","n.s.","unmatched",0,NA,NA,NA,NA,NA,NA,NA,NA,NA
"MmuEX0045761","Supt5h",12,"chr7",29114672,29115598,"-",NA,"ASD-high",0,"n.s.",-1.9,"n.s.",-1,"n.s.",-6,"n.s.",-3,"n.s.",0,"n.s.",-1,"n.s.",-0.01,0,-0.019,"n.s.","n.s.","n.s.","unmatched",0,NA,NA,NA,NA,NA,NA,NA,NA,NA
"MmuEX0045823","Suv420h1",20,"chr19",3804562,3804916,"+",NA,NA,0,"n.s.",0,"n.s.",0,"n.s.",0,"n.s.",0,"n.s.",0,"n.s.",0,"n.s.",0,0,0,"n.s.","n.s.","n.s.","unmatched",0,NA,NA,NA,NA,NA,NA,NA,NA,NA
"MmuEX0045827","Suv420h2",20,"chr7",4694713,4697403,"+",NA,NA,0,"n.s.",0,"n.s.",-2,"n.s.",0,"n.s.",0,"n.s.",0,"n.s.",0,"n.s.",-0.02,0,0,"n.s.","n.s.","n.s.","unmatched",0,NA,NA,NA,NA,NA,NA,NA,NA,NA
"MmuEX0046015","Sypl",10,"chr12",33652609,33658992,"+","Neural-high",NA,5,"n.s.",-43.7,"lower",-64,"lower",-16,"n.s.",9,"n.s.",-27,"lower",-8,"n.s.",-0.64,-0.27,-0.437,"lower","lower","lower","unmatched",0,NA,NA,NA,NA,NA,NA,NA,NA,NA
"MmuEX0046126","Tacc2",9,"chr7",137897176,137902689,"+","Neural-high",NA,8,"n.s.",-8.3,"n.s.",-9,"n.s.",-5,"n.s.",9,"n.s.",-8,"n.s.",-4,"n.s.",-0.09,-0.08,-0.083,"n.s.","n.s.","n.s.","unmatched",0,NA,NA,NA,NA,NA,NA,NA,NA,NA
"MmuEX0046160","Taf1",15,"chrX",98734527,98736161,"+",NA,NA,-5,"n.s.",-2.1,"n.s.",NA,"n.s.",NA,"n.s.",NA,"n.s.",-2,"n.s.",NA,NA,NA,-0.02,-0.021,"n.s.","n.s.","n.s.","unmatched",0,NA,NA,NA,NA,NA,NA,NA,NA,NA
"MmuEX0046538","Tbcd",23,"chr11",121440090,121444066,"+",NA,NA,0,"n.s.",0,"n.s.",0,"n.s.",0,"n.s.",1,"n.s.",0,"n.s.",0,"n.s.",0,0,0,"n.s.","n.s.","n.s.","unmatched",0,NA,NA,NA,NA,NA,NA,NA,NA,NA
"MmuEX0047050","Tfdp1",6,"chr8",13369581,13370480,"+",NA,NA,0,"n.s.",-0.2,"n.s.",0,"n.s.",0,"n.s.",0,"n.s.",0,"n.s.",2,"n.s.",0,0,-0.002,"n.s.","n.s.","n.s.","unmatched",0,NA,NA,NA,NA,NA,NA,NA,NA,NA
"MmuEX0047106","Tgfbr1",3,"chr4",47396867,47406118,"+",NA,NA,0,"n.s.",1.4,"n.s.",1,"n.s.",1,"n.s.",0,"n.s.",1,"n.s.",0,"n.s.",0.01,0.01,0.014,"n.s.","n.s.","n.s.","unmatched",0,NA,NA,NA,NA,NA,NA,NA,NA,NA
"MmuEX0047178","Thbs3",27,"chr3",89022053,89022968,"+",NA,NA,-2,"n.s.",-0.5,"n.s.",1,"n.s.",2,"n.s.",-1,"n.s.",0,"n.s.",NA,NA,0.01,0,-0.005,"n.s.","n.s.","n.s.","unmatched",0,NA,NA,NA,NA,NA,NA,NA,NA,NA
"MmuEX0047441","Tle3",17,"chr9",61249865,61255160,"+",NA,NA,0,"n.s.",-0.4,"n.s.",0,"n.s.",0,"n.s.",0,"n.s.",0,"n.s.",0,"n.s.",0,0,-0.004,"n.s.","n.s.","n.s.","unmatched",0,NA,NA,NA,NA,NA,NA,NA,NA,NA
"MmuEX0047442","Tle4",17,"chr19",14542762,14592261,"-",NA,NA,1,"n.s.",0.1,"n.s.",0,"n.s.",0,"n.s.",0,"n.s.",1,"n.s.",0,"n.s.",0,0.01,0.001,"n.s.","n.s.","n.s.","unmatched",0,NA,NA,NA,NA,NA,NA,NA,NA,NA
"MmuEX0047495","Tln1",3,"chr4",43546841,43547261,"-",NA,NA,28,"higher",0.3,"n.s.",-2,"n.s.",-1,"n.s.",-1,"n.s.",0,"n.s.",-1,"n.s.",-0.02,0,0.003,"n.s.","n.s.","n.s.","unmatched",0,NA,NA,NA,NA,NA,NA,NA,NA,NA
"MmuEX0047507","Tln2",3,"chr9",67210625,67213711,"-",NA,NA,3,"n.s.",-0.7,"n.s.",0,"n.s.",0,"n.s.",-1,"n.s.",3,"n.s.",-1,"n.s.",0,0.03,-0.007,"n.s.","n.s.","n.s.","unmatched",0,NA,NA,NA,NA,NA,NA,NA,NA,NA
"MmuEX0047613","Tmco4",14,"chr4",138566517,138575487,"+",NA,NA,16,"n.s.",-45.3,"lower",-54,"lower",-43,"lower",-14,"n.s.",-19,"n.s.",-32,"lower",-0.54,-0.19,-0.453,"lower","n.s.","lower","unmatched",0,NA,NA,NA,NA,NA,NA,NA,NA,NA
"MmuEX0047828","Tmem176b",16,"chr6",48788091,48790359,"-",NA,NA,NA,"n.s.",-1.3,"n.s.",-2,"n.s.",NA,"n.s.",-1,"n.s.",NA,"n.s.",NA,"n.s.",-0.02,NA,-0.013,"n.s.","n.s.","n.s.","unmatched",0,NA,NA,NA,NA,NA,NA,NA,NA,NA
"MmuEX0048152","Tmod3",12,"chr9",75364403,75377175,"-",NA,NA,3,"n.s.",-0.2,"n.s.",0,"n.s.",0,"n.s.",0,"n.s.",0,"n.s.",0,"n.s.",0,0,-0.002,"n.s.","n.s.","n.s.","unmatched",0,NA,NA,NA,NA,NA,NA,NA,NA,NA
"MmuEX0048289","Tnik",9,"chr3",28524145,28529352,"+",NA,NA,0,"n.s.",0.5,"n.s.",0,"n.s.",1,"n.s.",0,"n.s.",0,"n.s.",0,"n.s.",0,0,0.005,"n.s.","n.s.","n.s.","unmatched",0,NA,NA,NA,NA,NA,NA,NA,NA,NA
"MmuEX0048413","Tns1",6,"chr1",74000525,74027487,"-",NA,NA,-1,"n.s.",6.5,"n.s.",-4,"n.s.",-5,"n.s.",-1,"n.s.",0,"n.s.",4,"n.s.",-0.04,0,0.065,"n.s.","n.s.","n.s.","unmatched",0,NA,NA,NA,NA,NA,NA,NA,NA,NA
"MmuEX0048523","Topbp1",27,"chr9",103248210,103249013,"+",NA,NA,NA,"n.s.",NA,"n.s.",1,"n.s.",NA,"n.s.",0,"n.s.",NA,"n.s.",0,"n.s.",0.01,NA,NA,"n.s.","n.s.","n.s.","unmatched",0,NA,NA,NA,NA,NA,NA,NA,NA,NA
"MmuEX0048676","Trabd",15,"chr15",88906572,88911409,"+",NA,NA,1,"n.s.",0.8,"n.s.",0,"n.s.",0,"n.s.",0,"n.s.",0,"n.s.",1,"n.s.",0,0,0.008,"n.s.","n.s.","n.s.","unmatched",0,NA,NA,NA,NA,NA,NA,NA,NA,NA
"MmuEX0048743","Trak1",14,"chr9",121369696,121378102,"+",NA,NA,0,"n.s.",0.2,"n.s.",0,"n.s.",0,"n.s.",0,"n.s.",0,"n.s.",0,"n.s.",0,0,0.002,"n.s.","n.s.","n.s.","unmatched",0,NA,NA,NA,NA,NA,NA,NA,NA,NA
"MmuEX0048859","Trim21",23,"chr7",109708583,109710301,"-",NA,NA,0,"n.s.",0,"n.s.",0,"n.s.",2,"n.s.",1,"n.s.",0,"n.s.",1,"n.s.",0,0,0,"n.s.","n.s.","n.s.","unmatched",0,NA,NA,NA,NA,NA,NA,NA,NA,NA
"MmuEX0049145","Trpm2",7,"chr10",77377544,77380451,"-",NA,NA,1,"n.s.",-2.3,"n.s.",NA,"n.s.",NA,"n.s.",NA,"n.s.",-4,"n.s.",19,"n.s.",NA,-0.04,-0.023,"n.s.","n.s.","n.s.","unmatched",0,NA,NA,NA,NA,NA,NA,NA,NA,NA
"MmuEX0049146","Trpm2",3,"chr10",77393400,77394879,"-",NA,NA,6,"n.s.",NA,"n.s.",-2,"n.s.",-2,"n.s.",0,"n.s.",8,"n.s.",15,"n.s.",-0.02,0.08,NA,"n.s.","n.s.","n.s.","unmatched",0,NA,NA,NA,NA,NA,NA,NA,NA,NA
"MmuEX0049275","Tsc22d3",9,"chrX",137076696,137132666,"-",NA,NA,0,"n.s.",1,"n.s.",0,"n.s.",-1,"n.s.",0,"n.s.",0,"n.s.",0,"n.s.",0,0,0.01,"n.s.","n.s.","n.s.","unmatched",0,NA,NA,NA,NA,NA,NA,NA,NA,NA
"MmuEX0049447","Ttc17",3,"chr2",94226339,94246663,"-",NA,NA,-2,"n.s.",-0.7,"n.s.",1,"n.s.",0,"n.s.",0,"n.s.",1,"n.s.",1,"n.s.",0.01,0.01,-0.007,"n.s.","n.s.","n.s.","unmatched",0,NA,NA,NA,NA,NA,NA,NA,NA,NA
"MmuEX0049593","Ttc7b",3,"chr12",101570930,101586145,"-",NA,NA,0,"n.s.",-0.1,"n.s.",0,"n.s.",0,"n.s.",0,"n.s.",0,"n.s.",0,"n.s.",0,0,-0.001,"n.s.","n.s.","n.s.","unmatched",0,NA,NA,NA,NA,NA,NA,NA,NA,NA
"MmuEX0050296","Ubp1",6,"chr9",113882025,113884463,"+",NA,NA,0,"n.s.",1.1,"n.s.",-1,"n.s.",-2,"n.s.",0,"n.s.",1,"n.s.",3,"n.s.",-0.01,0.01,0.011,"n.s.","n.s.","n.s.","unmatched",0,NA,NA,NA,NA,NA,NA,NA,NA,NA
"MmuEX0050344","Ubr3",3,"chr2",69792419,69794021,"+",NA,NA,1,"n.s.",0.2,"n.s.",0,"n.s.",-1,"n.s.",0,"n.s.",0,"n.s.",0,"n.s.",0,0,0.002,"n.s.","n.s.","n.s.","unmatched",0,NA,NA,NA,NA,NA,NA,NA,NA,NA
"MmuEX0050725","Uqcc",20,"chr2",155677209,155712844,"-",NA,"inconsistent",1,"n.s.",0.5,"n.s.",-1,"n.s.",0,"n.s.",0,"n.s.",0,"n.s.",0,"n.s.",-0.01,0,0.005,"n.s.","n.s.","n.s.","unmatched",0,NA,NA,NA,NA,NA,NA,NA,NA,NA
"MmuEX0050746","Urgcp",4,"chr11",5618267,5622804,"-",NA,NA,0,"n.s.",-0.7,"n.s.",-2,"n.s.",-2,"n.s.",1,"n.s.",-5,"n.s.",-5,"n.s.",-0.02,-0.05,-0.007,"n.s.","n.s.","n.s.","unmatched",0,NA,NA,NA,NA,NA,NA,NA,NA,NA
"MmuEX0050799","Uso1",21,"chr5",92611136,92616260,"+",NA,"n.s.",NA,"n.s.",1,"n.s.",0,"n.s.",1,"n.s.",2,"n.s.",2,"n.s.",2,"n.s.",0,0.02,0.01,"n.s.","n.s.","n.s.","unmatched",0,NA,NA,NA,NA,NA,NA,NA,NA,NA
"MmuEX0050992","Usp36",27,"chr11",118147314,118148980,"-",NA,NA,14,"higher",0.6,"n.s.",-1,"n.s.",-6,"n.s.",-7,"n.s.",0,"n.s.",-3,"n.s.",-0.01,0,0.006,"n.s.","n.s.","n.s.","unmatched",0,NA,NA,NA,NA,NA,NA,NA,NA,NA
"MmuEX0051054","Usp48",15,"chr4",137172423,137176976,"+",NA,NA,1,"n.s.",0.1,"n.s.",0,"n.s.",0,"n.s.",0,"n.s.",0,"n.s.",8,"n.s.",0,0,0.001,"n.s.","n.s.","n.s.","unmatched",0,NA,NA,NA,NA,NA,NA,NA,NA,NA
"MmuEX0051266","Vash2",5,"chr1",192790865,192794282,"-",NA,NA,-1,"n.s.",-0.2,"n.s.",0,"n.s.",0,"n.s.",0,"n.s.",0,"n.s.",1,"n.s.",0,0,-0.002,"n.s.","n.s.","n.s.","unmatched",0,NA,NA,NA,NA,NA,NA,NA,NA,NA
"MmuEX0051310","Vcl",3,"chr14",21806341,21814233,"+",NA,NA,0,"n.s.",0,"n.s.",0,"n.s.",0,"n.s.",0,"n.s.",0,"n.s.",0,"n.s.",0,0,0,"n.s.","n.s.","n.s.","unmatched",0,NA,NA,NA,NA,NA,NA,NA,NA,NA
"MmuEX0051565","Vps53",15,"chr11",75977367,75979700,"-",NA,NA,2,"n.s.",-1.5,"n.s.",0,"n.s.",0,"n.s.",2,"n.s.",-1,"n.s.",0,"n.s.",0,-0.01,-0.015,"n.s.","n.s.","n.s.","unmatched",0,NA,NA,NA,NA,NA,NA,NA,NA,NA
"MmuEX0052395","Xpo6",25,"chr7",133314657,133317671,"-",NA,NA,3,"n.s.",-1.1,"n.s.",NA,"n.s.",NA,"n.s.",NA,"n.s.",2,"n.s.",1,"n.s.",NA,0.02,-0.011,"n.s.","n.s.","n.s.","unmatched",0,NA,NA,NA,NA,NA,NA,NA,NA,NA
"MmuEX0052557","Ykt6",15,"chr11",5859383,5861190,"+",NA,NA,1,"n.s.",-0.4,"n.s.",0,"n.s.",0,"n.s.",0,"n.s.",0,"n.s.",0,"n.s.",0,0,-0.004,"n.s.","n.s.","n.s.","unmatched",0,NA,NA,NA,NA,NA,NA,NA,NA,NA
"MmuEX0052629","Zbed3",4,"chr13",96095300,96106010,"+",NA,NA,0,"n.s.",-0.2,"n.s.",0,"n.s.",0,"n.s.",0,"n.s.",0,"n.s.",0,"n.s.",0,0,-0.002,"n.s.","n.s.","n.s.","unmatched",0,NA,NA,NA,NA,NA,NA,NA,NA,NA
"MmuEX0052795","Zcchc11",14,"chr4",108186172,108189987,"+",NA,NA,0,"n.s.",-1.3,"n.s.",0,"n.s.",-1,"n.s.",-1,"n.s.",0,"n.s.",0,"n.s.",0,0,-0.013,"n.s.","n.s.","n.s.","unmatched",0,NA,NA,NA,NA,NA,NA,NA,NA,NA
"MmuEX0052796","Zcchc11",6,"chr4",108203555,108214615,"+",NA,NA,0,"n.s.",0.3,"n.s.",0,"n.s.",0,"n.s.",0,"n.s.",0,"n.s.",-1,"n.s.",0,0,0.003,"n.s.","n.s.","n.s.","unmatched",0,NA,NA,NA,NA,NA,NA,NA,NA,NA
"MmuEX0052830","Zcchc6",6,"chr13",59880177,59883378,"-",NA,NA,0,"n.s.",-0.4,"n.s.",NA,"n.s.",NA,"n.s.",NA,"n.s.",0,"n.s.",-2,"n.s.",NA,0,-0.004,"n.s.","n.s.","n.s.","unmatched",0,NA,NA,NA,NA,NA,NA,NA,NA,NA
"MmuEX0053389","Zfp511",17,"chr7",147222793,147223118,"+",NA,NA,-2,"n.s.",0.8,"n.s.",1,"n.s.",-1,"n.s.",5,"n.s.",1,"n.s.",2,"n.s.",0.01,0.01,0.008,"n.s.","n.s.","n.s.","unmatched",0,NA,NA,NA,NA,NA,NA,NA,NA,NA
"MmuEX0053422","Zfp524",3,"chr7",4967163,4969038,"+",NA,NA,0,"n.s.",-2.1,"n.s.",-1,"n.s.",-2,"n.s.",-2,"n.s.",1,"n.s.",2,"n.s.",-0.01,0.01,-0.021,"n.s.","n.s.","n.s.","unmatched",0,NA,NA,NA,NA,NA,NA,NA,NA,NA
