"ID","Description","GeneRatio","BgRatio","RichFactor","FoldEnrichment","zScore","pvalue","p.adjust","qvalue","geneID","Count"
"GO:0030695","GTPase regulator activity","44/1004","433/28409",0.10161662817552,2.87532548788679,7.52662151560682,4.18562825896905e-10,1.92329618499628e-07,1.5574943047848e-07,"Sbf2/Arhgef11/Rasal3/Nf1/Rasgef1a/Rgs17/Dock9/Arhgap12/Hps1/Fam13b/Rabgap1l/Fgd2/Chn1/Hps4/Rapgef3/Syngap1/Rapgef1/Racgap1/Ralgps1/Psd/Rabep2/Ralgps2/Arhgap39/Depdc5/Ralgapa1/Nckap1l/Myo9a/Rpgr/Arhgap4/Gopc/Arhgef1/Gripap1/Flcn/Iqsec1/Arfgap1/Sipa1l2/Fgd4/Tsc2/Madd/Arhgap23/Plce1/Obscn/Arhgef40/Arhgef39",44
"GO:0060589","nucleoside-triphosphatase regulator activity","44/1004","433/28409",0.10161662817552,2.87532548788679,7.52662151560682,4.18562825896905e-10,1.92329618499628e-07,1.5574943047848e-07,"Sbf2/Arhgef11/Rasal3/Nf1/Rasgef1a/Rgs17/Dock9/Arhgap12/Hps1/Fam13b/Rabgap1l/Fgd2/Chn1/Hps4/Rapgef3/Syngap1/Rapgef1/Racgap1/Ralgps1/Psd/Rabep2/Ralgps2/Arhgap39/Depdc5/Ralgapa1/Nckap1l/Myo9a/Rpgr/Arhgap4/Gopc/Arhgef1/Gripap1/Flcn/Iqsec1/Arfgap1/Sipa1l2/Fgd4/Tsc2/Madd/Arhgap23/Plce1/Obscn/Arhgef40/Arhgef39",44
"GO:0140993","histone modifying activity","42/1004","444/28409",0.0945945945945946,2.67663131258749,6.8154404705888,8.74843344898048e-09,2.67993677987102e-06,2.17022542050147e-06,"Srpk2/Ezh2/Setd5/Tnik/Stk25/Stk35/Cdk2/Mink1/Hdac5/Wnk1/Ubr2/Rps6ka5/Pikfyve/Med24/Mast3/Slk/Cask/Nek1/Lmtk3/Eef1akmt2/Sirt2/Bap1/Brsk2/Kat2a/Pak6/Cdc42bpa/Setd4/Ntmt1/Aak1/Map4k4/Ttbk2/Limk2/Setdb2/Prpf4b/Pkm/Hdac9/Hdac10/Hdac7/Huwe1/Clock/Ncoa3/Obscn",42
"GO:0019783","ubiquitin-like protein peptidase activity","18/1004","113/28409",0.15929203539823,4.50729824066566,7.15025744026076,9.06369310131141e-08,2.0823834900263e-05,1.68632395332294e-05,"Usp1/Senp7/Usp48/Usp46/Usp35/Usp37/Ufsp2/Eif3h/Usp31/Usp34/Bap1/Usp40/Usp42/Josd2/Tnfaip3/Usp44/Otud7b/Senp8",18
"GO:0008234","cysteine-type peptidase activity","22/1004","175/28409",0.125714285714286,3.55718838929994,6.49483056596731,2.71690487052425e-07,4.10744140938397e-05,3.32622538965062e-05,"Usp1/Senp7/Usp48/Capn15/Espl1/Usp46/Usp35/Usp37/Atg4c/Ufsp2/Ctso/Usp31/Usp34/Bap1/Usp40/Usp42/Josd2/Tnfaip3/Usp44/Otud7b/Senp8/Capn7",22
"GO:0015631","tubulin binding","36/1004","397/28409",0.0906801007556675,2.56586751231848,6.01382091458717,2.83446674253684e-07,4.10744140938397e-05,3.32622538965062e-05,"Eml2/Abraxas1/Mapt/Nf1/Kifc2/Map2/Ttll11/Kif6/Fam161a/Racgap1/Dnm1l/Akap1/Macf1/Camsap3/Cep70/Cdk5rap2/Dst/Dctn1/Clasp2/Zfp207/Irag2/Dysf/Map4k4/Adnp/Kif1b/Ttll5/Stmn4/Ppargc1a/Uxt/Trim46/Sgip1/Eml4/Klc1/Eml5/Ndel1/Mdm1",36
"GO:0003779","actin binding","39/1004","451/28409",0.0864745011086474,2.44686663545375,5.92837961817356,3.12862784175058e-07,4.10744140938397e-05,3.32622538965062e-05,"Map2/Myo6/Adss1/Pdlim5/Ablim1/Myo18a/Ssh3/Myo19/Mtss1/Actr2/Epb41l1/Hpca/Crocc/Homer2/Bin1/Macf1/Camsap3/Myo9a/Dmtn/Flna/Ablim3/Cttn/Actn4/Wipf2/Dst/Kcnma1/Epb41l2/Clasp2/Cald1/Fgd4/Daam1/Plec/Fmnl3/Epb41l3/Evl/Nf2/Shroom1/Ptk2/Sptan1",39
"GO:0008017","microtubule binding","28/1004","279/28409",0.100358422939068,2.83972354310357,5.91074310786501,8.00551797474848e-07,8.483094878433e-05,6.86965016786224e-05,"Eml2/Abraxas1/Mapt/Nf1/Kifc2/Map2/Kif6/Fam161a/Racgap1/Dnm1l/Akap1/Macf1/Camsap3/Cdk5rap2/Dst/Dctn1/Clasp2/Zfp207/Irag2/Dysf/Map4k4/Kif1b/Trim46/Sgip1/Eml4/Eml5/Ndel1/Mdm1",28
"GO:0106310","protein serine kinase activity","33/1004","363/28409",0.0909090909090909,2.57234697573343,5.77083318060823,8.30770989182775e-07,8.483094878433e-05,6.86965016786224e-05,"Srpk2/Camk2d/Mapk10/Pnck/Tnik/Stk25/Stk35/Cdk2/Mink1/Wnk1/Rps6ka5/Pikfyve/Cdk4/Mast3/Slk/Cask/Nek1/Lmtk3/Clk4/Clk1/Brsk2/Pak6/Cdc42bpa/Aak1/Camk2g/Map4k4/Ttbk2/Clk3/Limk2/Prpf4b/Map2k5/Obscn/Cdk8",33
"GO:0016755","aminoacyltransferase activity","39/1004","479/28409",0.081419624217119,2.30383476532284,5.50842104118255,1.41050252064802e-06,0.000129625181647553,0.000104971082326121,"Ggt5/Trim65/Ubr3/Herc3/Traf2/Ube2f/Rnf13/Ube3a/Ubr2/Btrc/Rnf38/Wsb1/Vps11/Stub1/Trim9/Birc3/Pex2/Ankib1/Rnf112/Med24/Ube2h/Rpgr/Ube2k/Uba7/Trim23/Rnf182/Xiap/Tnfaip3/Marchf8/Ppil2/Bard1/Nfx1/Sharpin/Ercc8/Zfp451/Huwe1/Ubr4/Birc6/Cdk8",39
"GO:0019787","ubiquitin-like protein transferase activity","38/1004","463/28409",0.08207343412527,2.32233485066215,5.49091088151855,1.58462775028737e-06,0.0001323884456831,0.000107208786550543,"Trim65/Ubr3/Herc3/Traf2/Ube2f/Rnf13/Ube3a/Ubr2/Btrc/Rnf38/Wsb1/Vps11/Stub1/Trim9/Birc3/Pex2/Ankib1/Rnf112/Med24/Ube2h/Rpgr/Ube2k/Uba7/Trim23/Rnf182/Xiap/Tnfaip3/Marchf8/Ppil2/Bard1/Nfx1/Sharpin/Ercc8/Zfp451/Huwe1/Ubr4/Birc6/Cdk8",38
"GO:0101005","deubiquitinase activity","15/1004","99/28409",0.151515151515152,4.28724495955572,6.27121966946941,2.03206031096661e-06,0.000155621952148193,0.000126023389460824,"Usp1/Usp48/Usp46/Usp35/Usp37/Eif3h/Usp31/Usp34/Bap1/Usp40/Usp42/Josd2/Tnfaip3/Usp44/Otud7b",15
"GO:0004842","ubiquitin-protein transferase activity","36/1004","437/28409",0.0823798627002288,2.33100549746096,5.3669937655174,2.72049394121825e-06,0.000192317994767659,0.000155740017525612,"Trim65/Ubr3/Herc3/Traf2/Rnf13/Ube3a/Ubr2/Btrc/Rnf38/Wsb1/Vps11/Stub1/Trim9/Birc3/Pex2/Ankib1/Rnf112/Med24/Ube2h/Rpgr/Ube2k/Uba7/Trim23/Rnf182/Xiap/Tnfaip3/Marchf8/Ppil2/Bard1/Nfx1/Sharpin/Ercc8/Huwe1/Ubr4/Birc6/Cdk8",36
"GO:0004843","cysteine-type deubiquitinase activity","14/1004","91/28409",0.153846153846154,4.35320257431811,6.1322730059345,3.67948778241169e-06,0.00023433270821164,0.000189763730262447,"Usp1/Usp48/Usp46/Usp35/Usp37/Usp31/Usp34/Bap1/Usp40/Usp42/Josd2/Tnfaip3/Usp44/Otud7b",14
"GO:0044325","transmembrane transporter binding","20/1004","174/28409",0.114942528735632,3.25239272793882,5.7042313015972,3.82479937233362e-06,0.00023433270821164,0.000189763730262447,"Stac/Agrn/Camk2d/Ank3/Tcaf1/Slc8a1/Bak1/Grina/Rapgef3/Pkd1/Fkbp1a/Flna/Gopc/Nptn/Rnf207/Actn4/Cib1/Cacna1c/Cbarp/Rims2",20
"GO:0005085","guanyl-nucleotide exchange factor activity","22/1004","206/28409",0.106796116504854,3.02188334042471,5.57460799324753,4.33088306516101e-06,0.000248755096055186,0.000201443047833476,"Sbf2/Arhgef11/Rasgef1a/Dock9/Hps1/Fgd2/Hps4/Rapgef3/Rapgef1/Ralgps1/Psd/Ralgps2/Rpgr/Arhgef1/Gripap1/Iqsec1/Fgd4/Madd/Plce1/Obscn/Arhgef40/Arhgef39",22
"GO:0005516","calmodulin binding","21/1004","198/28409",0.106060606060606,3.001071471689,5.40826841845245,7.90554536621671e-06,0.00040966467765863,0.000331748384519388,"Map2/Myo6/Camk2d/Pla2g6/Pnck/Slc8a1/Ryr1/Edf1/Unc13a/Camsap3/Kcnq2/Strn4/Cask/Cdk5rap2/Camk2g/Arpp21/Cacna1c/Grin1/Ubr4/Obscn/Sptan1",21
"GO:0004674","protein serine/threonine kinase activity","35/1004","440/28409",0.0795454545454545,2.25080360376675,5.0611507755387,8.02390010648025e-06,0.00040966467765863,0.000331748384519388,"Srpk2/Camk2d/Mapk10/Pnck/Tnik/Stk25/Stk35/Cdk2/Mink1/Wnk1/Rps6ka5/Pikfyve/Cdk4/Mast3/Slk/Strada/Cask/Nek1/Lmtk3/Clk4/Clk1/Brsk2/Pak6/Cdc42bpa/Aak1/Camk2g/Map4k4/Ttbk2/Clk3/Limk2/Prpf4b/Pkm/Map2k5/Obscn/Cdk8",35
"GO:0051015","actin filament binding","22/1004","222/28409",0.0990990990990991,2.80408994652023,5.16514512864851,1.43720128480937e-05,0.000695151568810425,0.000562937012941952,"Myo6/Adss1/Ablim1/Myo18a/Myo19/Mtss1/Actr2/Bin1/Macf1/Camsap3/Myo9a/Dmtn/Flna/Ablim3/Cttn/Actn4/Clasp2/Fgd4/Plec/Fmnl3/Shroom1/Sptan1",22
"GO:0000149","SNARE binding","15/1004","119/28409",0.126050420168067,3.56669958820181,5.37037151624807,2.02678452817931e-05,0.000916108484812607,0.000741868963704843,"Picalm/Vps54/Vps11/Gria2/Trim9/Unc13a/Txlna/Vti1a/Abca1/Snap23/Gopc/Sec22b/Syt17/Sec24c/Exoc3l4",15
"GO:0035173","histone kinase activity","24/1004","261/28409",0.0919540229885057,2.60191418235106,4.97631670023576,2.09339262035525e-05,0.000916108484812607,0.000741868963704843,"Srpk2/Tnik/Stk25/Stk35/Cdk2/Mink1/Wnk1/Rps6ka5/Pikfyve/Mast3/Slk/Cask/Nek1/Lmtk3/Brsk2/Pak6/Cdc42bpa/Aak1/Map4k4/Ttbk2/Limk2/Prpf4b/Pkm/Obscn",24
"GO:0140030","modification-dependent protein binding","23/1004","248/28409",0.092741935483871,2.6242088099216,4.91717821428607,2.69714047738027e-05,0.0011266691357784,0.000912381970099451,"Abraxas1/Ank3/Setd5/Chd5/Brd3/Zfand6/Rad23a/Ccdc38/Mtf2/Macroh2a1/Phf19/Bptf/Ncapg2/Pwwp2a/Trp53bp1/Tnfaip3/Glyr1/Brd9/Sharpin/Otud7b/Cbx5/Tom1/Ikbkg",23
"GO:0002162","dystroglycan binding","5/1004","12/28409",0.416666666666667,11.7899236387782,7.15558337385062,3.51344162274006e-05,0.00140384906578179,0.00113684358227791,"Map2/Agrn/Clasp2/Plec/Large2",5
"GO:0005096","GTPase activator activity","22/1004","238/28409",0.092436974789916,2.61557969801466,4.79057911256628,4.20528781652735e-05,0.0016102747930786,0.00130400810801967,"Rasal3/Nf1/Rgs17/Arhgap12/Fam13b/Rabgap1l/Chn1/Syngap1/Racgap1/Rabep2/Arhgap39/Depdc5/Ralgapa1/Nckap1l/Myo9a/Arhgap4/Arhgef1/Flcn/Arfgap1/Sipa1l2/Tsc2/Arhgap23",22
"GO:0061659","ubiquitin-like protein ligase activity","29/1004","366/28409",0.0792349726775956,2.24201826573487,4.5775023126701,5.00867698794306e-05,0.00184118966076787,0.00149100405493716,"Trim65/Ubr3/Herc3/Traf2/Rnf13/Ube3a/Ubr2/Btrc/Rnf38/Wsb1/Vps11/Stub1/Trim9/Birc3/Pex2/Ankib1/Rnf112/Med24/Rpgr/Ube2k/Trim23/Xiap/Marchf8/Ppil2/Nfx1/Zfp451/Huwe1/Ubr4/Cdk8",29
"GO:0061630","ubiquitin protein ligase activity","28/1004","349/28409",0.0802292263610315,2.27015148574755,4.56979463584052,5.39741863154433e-05,0.00190777989322663,0.00154492913866471,"Trim65/Ubr3/Herc3/Traf2/Rnf13/Ube3a/Ubr2/Btrc/Rnf38/Wsb1/Vps11/Stub1/Trim9/Birc3/Pex2/Ankib1/Rnf112/Med24/Rpgr/Ube2k/Trim23/Xiap/Marchf8/Ppil2/Nfx1/Huwe1/Ubr4/Cdk8",28
"GO:0036002","pre-mRNA binding","8/1004","40/28409",0.2,5.65916334661355,5.64401554974291,6.65376617235497e-05,0.0022647448564423,0.00183400104633722,"Srsf6/U2af1/Tra2b/Elavl4/Rbm41/Prpf39/Arglu1/Hnrnpa2b1",8
"GO:0044024","histone H2AS1 kinase activity","22/1004","250/28409",0.088,2.49003187250996,4.52928064632401,8.75417206388226e-05,0.00277416694024407,0.00224653344797269,"Srpk2/Tnik/Stk25/Stk35/Mink1/Wnk1/Rps6ka5/Pikfyve/Mast3/Slk/Cask/Nek1/Lmtk3/Brsk2/Pak6/Cdc42bpa/Aak1/Map4k4/Ttbk2/Limk2/Prpf4b/Obscn",22
"GO:0140995","histone H2A kinase activity","22/1004","250/28409",0.088,2.49003187250996,4.52928064632401,8.75417206388226e-05,0.00277416694024407,0.00224653344797269,"Srpk2/Tnik/Stk25/Stk35/Mink1/Wnk1/Rps6ka5/Pikfyve/Mast3/Slk/Cask/Nek1/Lmtk3/Brsk2/Pak6/Cdc42bpa/Aak1/Map4k4/Ttbk2/Limk2/Prpf4b/Obscn",22
"GO:0030374","nuclear receptor coactivator activity","9/1004","53/28409",0.169811320754717,4.80495001127565,5.30684849647406,9.07926764361171e-05,0.00278128232149305,0.00225229551720473,"Dcaf6/Trerf1/Pprc1/Pparg/Actn4/Ccdc62/Arglu1/Ppargc1a/Ncoa3",9
"GO:0098847","sequence-specific single stranded DNA binding","5/1004","15/28409",0.333333333333333,9.43193891102258,6.25218866602681,0.000121919611437609,0.00361432654552139,0.00292689865149032,"Rpa1/Terf2/Ctc1/Hsf1/Hnrnpa2b1",5
"GO:0030507","spectrin binding","7/1004","33/28409",0.212121212121212,6.002142943378,5.50312988563844,0.000128750058657653,0.00369754074707447,0.00299428590365002,"Ank3/Ush1c/Unc13a/Camsap3/Dmtn/Epb41l2/Sptan1",7
"GO:0005244","voltage-gated monoatomic ion channel activity","17/1004","174/28409",0.0977011494252874,2.764533818748,4.46871849512673,0.000155561941257843,0.00433216436411993,0.00350820709630925,"Rimbp2/Cacna1g/Scn1a/Ryr1/Clcn7/Vdac3/Kcnq2/Itgav/Clcn3/Tpcn2/Kcnma1/Kcnh6/Cacna1c/Cacnb3/Grin1/Kcnc3/Kcnq4",17
"GO:0022832","voltage-gated channel activity","17/1004","176/28409",0.0965909090909091,2.73311866171677,4.41446828781643,0.000178608007955244,0.00482766939149614,0.0039094694001349,"Rimbp2/Cacna1g/Scn1a/Ryr1/Clcn7/Vdac3/Kcnq2/Itgav/Clcn3/Tpcn2/Kcnma1/Kcnh6/Cacna1c/Cacnb3/Grin1/Kcnc3/Kcnq4",17
"GO:0051020","GTPase binding","26/1004","338/28409",0.0769230769230769,2.17660128715906,4.16515348832752,0.000192656737729666,0.00505861548495895,0.0040964906338308,"Lsm2/Picalm/Dock9/Atg16l1/Radil/Rabgap1l/Kntc1/Hps4/Dnm1l/Becn1/Cdc42se2/Bin1/Depdc5/Cyrib/Abca1/Mff/Flna/Daam1/Tsc2/Cib1/Fmnl3/Xpo4/Mapkap1/Nckap1/Plce1/Rims2",26
"GO:0016747","acyltransferase activity, transferring groups other than amino-acyl groups","20/1004","234/28409",0.0854700854700855,2.41844587462117,4.17023969381701,0.000264923073257864,0.00676289734233268,0.00547662610506753,"Pnpla3/Sh3glb1/Cpt1c/Zdhhc3/Med24/Tafazzin/Sirt2/Acaa1a/Prdx6/Osgep/Kat2a/Zdhhc16/Zdhhc1/Naa80/Pafah1b2/Dgat1/Mboat1/Tmem68/Clock/Ncoa3",20
"GO:0061629","RNA polymerase II-specific DNA-binding transcription factor binding","28/1004","387/28409",0.0723514211886305,2.04724255433048,3.97031973338084,0.000306389130996115,0.00761004355095755,0.00616264909286638,"Hira/Trerf1/Cdk5rap3/Tead3/Fos/Isl1/Hdac5/Dhx9/Ncor1/Gtf2i/Med24/Mef2a/Pparg/Actn4/Lcor/Ccdc62/Hsf1/Ppid/Trp53bp1/Creb1/Tal1/Hdac9/Ppargc1a/Uba3/Taf4/Ncoa3/Tacc2/Foxp1",28
"GO:0031490","chromatin DNA binding","13/1004","121/28409",0.107438016528926,3.04004642586678,4.30431352034095,0.000359415744637097,0.00846930946978186,0.00685848667903989,"Grhl1/Ezh2/Dhx9/Macroh2a1/Bap1/Actn4/Ahdc1/Hsf1/Hmgn3/Ppargc1a/Zfp276/Zfx/Clock",13
"GO:1902936","phosphatidylinositol bisphosphate binding","13/1004","121/28409",0.107438016528926,3.04004642586678,4.30431352034095,0.000359415744637097,0.00846930946978186,0.00685848667903989,"Picalm/Plekha5/Snx14/Tirap/Exoc7/Exoc1/Tpcn2/Chmp3/Plekha4/Atp13a2/Mapkap1/Gsdmd/Obscn",13
"GO:0019894","kinesin binding","8/1004","51/28409",0.156862745098039,4.43855948754004,4.70431196257538,0.000390970844279456,0.00876346843641024,0.00709669799500835,"Spag9/Dlg4/Crocc/Ap1ar/Ktn1/Lrp8/Ttbk2/Klc1",8
"GO:0030331","nuclear estrogen receptor binding","8/1004","51/28409",0.156862745098039,4.43855948754004,4.70431196257538,0.000390970844279456,0.00876346843641024,0.00709669799500835,"Isl1/Ncor1/Pparg/Lcor/Ccdc62/Ppid/Ppargc1a/Ncoa3",8
"GO:0008641","ubiquitin-like modifier activating enzyme activity","4/1004","11/28409",0.363636363636364,10.2893879029337,5.89809612671361,0.000419356924566413,0.00896253520177985,0.00725790319873816,"Nae1/Uba7/Uba3/Atg7",4
"GO:0098505","G-rich strand telomeric DNA binding","4/1004","11/28409",0.363636363636364,10.2893879029337,5.89809612671361,0.000419356924566413,0.00896253520177985,0.00725790319873816,"Rpa1/Terf2/Ctc1/Hnrnpa2b1",4
"GO:0035254","glutamate receptor binding","10/1004","80/28409",0.125,3.53697709163347,4.34928833226399,0.000509195679349557,0.0106352461209601,0.00861247237560135,"Eml2/Dlg3/Dlg4/Homer3/Shank1/Gria2/Homer2/Gripap1/Ptpn4/Grin1",10
"GO:0004620","phospholipase activity","11/1004","95/28409",0.115789473684211,3.27635772698679,4.25376979974294,0.000529259423253745,0.0107270989477029,0.0086868552271072,"Pnpla3/Pla2g6/Smpd4/Pnpla6/Ddhd1/Pla2g4b/Prdx6/Proca1/Gpld1/Plch1/Plce1",11
"GO:0034061","DNA polymerase activity","6/1004","30/28409",0.2,5.65916334661355,4.88699959388851,0.000550397350381339,0.0107270989477029,0.0086868552271072,"Polg2/Primpol/Rev1/Tep1/Terf2/Poln",6
"GO:0080025","phosphatidylinositol-3,5-bisphosphate binding","6/1004","30/28409",0.2,5.65916334661355,4.88699959388851,0.000550397350381339,0.0107270989477029,0.0086868552271072,"Plekha5/Snx14/Tpcn2/Plekha4/Atp13a2/Mapkap1",6
"GO:0019902","phosphatase binding","20/1004","248/28409",0.0806451612903226,2.28192070427966,3.88092499007589,0.000560283731762501,0.0107270989477029,0.0086868552271072,"Sbf2/Mapt/Dlg3/Sfi1/Dlg4/Traf2/Wnk1/Akap1/Vcan/Strn4/Smg7/Pparg/Dtnb/Kat2a/Tsc2/Ncam1/Cacna1c/Grin1/Shc1/Ptk2",20
"GO:1990247","N6-methyladenosine-containing RNA reader activity","4/1004","12/28409",0.333333333333333,9.43193891102258,5.5918321483014,0.00061146817873592,0.0114681480869043,0.00928696030862073,"Ythdc1/Ythdc2/Ythdf3/Hnrnpa2b1",4
"GO:0004197","cysteine-type endopeptidase activity","10/1004","84/28409",0.119047619047619,3.36854961107949,4.16111245060653,0.0007523486206184,0.0138281676469662,0.0111981152584676,"Usp1/Senp7/Usp48/Capn15/Espl1/Usp37/Atg4c/Ctso/Usp34/Capn7",10
"GO:1901981","phosphatidylinositol phosphate binding","17/1004","200/28409",0.085,2.40514442231076,3.81693179050945,0.000789297589035515,0.0142228330259537,0.0115177171403118,"Picalm/Snx13/Fgd2/Plekha5/Racgap1/Snx14/Tirap/Exoc7/Exoc1/Tpcn2/Chmp3/Plekha4/Atp13a2/Mapkap1/Gsdmd/Tom1/Obscn",17
"GO:0005245","voltage-gated calcium channel activity","7/1004","44/28409",0.159090909090909,4.5016072075335,4.44912548225018,0.000824011063845035,0.014540766396482,0.0117751810804796,"Rimbp2/Cacna1g/Ryr1/Itgav/Tpcn2/Cacna1c/Cacnb3",7
"GO:0016874","ligase activity","15/1004","166/28409",0.0903614457831325,2.55685090961455,3.85050718932009,0.000843948541597227,0.014540766396482,0.0117751810804796,"Adss1/Ttll11/Carns1/Wars1/Nae1/Rimkla/Uba7/Aacs/Dalrd3/Qars1/Ttll5/Ears2/Uba3/Atg7/Acsl6",15
"GO:0043047","single-stranded telomeric DNA binding","4/1004","13/28409",0.307692307692308,8.70640514863623,5.31945589851614,0.000858596257076682,0.014540766396482,0.0117751810804796,"Rpa1/Terf2/Ctc1/Hnrnpa2b1",4
"GO:0004407","histone deacetylase activity","5/1004","22/28409",0.227272727272727,6.43086743933357,4.87745281543511,0.000870230850714371,0.014540766396482,0.0117751810804796,"Hdac5/Sirt2/Hdac9/Hdac10/Hdac7",5
"GO:0140097","catalytic activity, acting on DNA","19/1004","239/28409",0.0794979079497908,2.24945823400957,3.7127828834905,0.000903343743700958,0.0146086718643819,0.0118301712480591,"Rtel1/Polg2/Msh5/Chd5/Primpol/Rev1/Dhx9/Tatdn1/Helq/Tep1/Dnase1l2/Exog/Dscc1/Terf2/Bptf/Poln/Dclre1c/Mbd4/Neil1",19
"GO:0035591","signaling adaptor activity","12/1004","117/28409",0.102564102564103,2.90213504954541,3.94616042784109,0.000906087373525322,0.0146086718643819,0.0118301712480591,"Sorbs1/Spag9/Sh2b3/Traf2/Shank1/Homer2/Tirap/Cdc42se2/Bin1/Scrib/Shc1/Ikbkg",12
"GO:0046982","protein heterodimerization activity","23/1004","316/28409",0.0727848101265823,2.0595056482929,3.6251004139077,0.000937441349463409,0.0148535965544288,0.012028512415075,"Gabbr1/Lsm5/Npas1/Cenpt/Bak1/Tcf4/Qtrt2/Lsm7/Tcf12/Qtrt1/Ralgapa1/Pdss2/Mef2a/Nae1/Macroh2a1/Tenm3/Micu3/Hsf1/Ext2/Pafah1b2/Bard1/Uba3/Ikbkg",23
"GO:0070888","E-box binding","8/1004","59/28409",0.135593220338983,3.83672091295834,4.1748258842357,0.0010621736254888,0.0162686550857874,0.013174433475347,"Tcf4/Zeb1/Mitf/Tcf12/Max/Pparg/Tal1/Clock",8
"GO:0030506","ankyrin binding","5/1004","23/28409",0.217391304347826,6.15126450718864,4.73040093955632,0.0010798563223428,0.0162686550857874,0.013174433475347,"Slc8a1/Kcnq2/Nrcam/Plec/Obscn",5
"GO:0033558","protein lysine deacetylase activity","5/1004","23/28409",0.217391304347826,6.15126450718864,4.73040093955632,0.0010798563223428,0.0162686550857874,0.013174433475347,"Hdac5/Sirt2/Hdac9/Hdac10/Hdac7",5
"GO:0035091","phosphatidylinositol binding","22/1004","301/28409",0.0730897009966777,2.06813278447671,3.56587244046592,0.00113414086575918,0.0168108944456885,0.0136135414616594,"Sbf2/Picalm/Snx13/Fgd2/Plekha5/Tom1l2/Racgap1/Snx14/Snx19/Stam/Tirap/Exoc7/Exoc1/Tpcn2/Chmp3/Plekha4/Snx32/Atp13a2/Mapkap1/Gsdmd/Tom1/Obscn",22
"GO:0031593","polyubiquitin modification-dependent protein binding","8/1004","61/28409",0.131147540983607,3.71092678466462,4.05689508726746,0.00132589197939534,0.0193411861756241,0.0156625836162491,"Abraxas1/Zfand6/Rad23a/Tnfaip3/Sharpin/Otud7b/Tom1/Ikbkg",8
"GO:0003697","single-stranded DNA binding","12/1004","123/28409",0.0975609756097561,2.76056748615295,3.74534429748474,0.00140351316343145,0.0201535718311485,0.0163204573445072,"Rad51ap1/Rpa1/Mms22l/Dhx9/Nabp1/Pcbp3/Terf2/Ctc1/Hsf1/Rad52/Hnrnpdl/Hnrnpa2b1",12
"GO:0005080","protein kinase C binding","8/1004","62/28409",0.129032258064516,3.65107312684745,3.99978164567363,0.0014759507532105,0.0206787918202294,0.0167457829642085,"Pdlim5/Hdac5/Tirap/Cask/Flna/Itgav/Hdac9/Hdac7",8
"GO:0016922","nuclear receptor binding","14/1004","158/28409",0.0886075949367089,2.50722426748701,3.63631746413331,0.00149484110701329,0.0206787918202294,0.0167457829642085,"Trerf1/Isl1/Ncor1/Med24/Pparg/Actn4/Lcor/Ccdc62/Ppid/Ppargc1a/Uba3/Ncoa3/Tacc2/Foxp1",14
"GO:0046873","metal ion transmembrane transporter activity","29/1004","450/28409",0.0644444444444444,1.82350818946436,3.37043258694762,0.00150759418058256,0.0206787918202294,0.0167457829642085,"Rimbp2/Slc9b2/Cacna1g/Scn9a/Slc8a1/Grina/Scn1a/Slc9a5/Ryr1/Gria2/Pkd1/P2rx4/Slc12a5/Slc39a3/Kcnq2/Slc39a14/Itgav/Slc29a1/Tpcn2/Kcnma1/Kcnh6/Slc9a8/Cacna1c/Cacnb3/Slc23a2/Grin1/Nipal3/Kcnc3/Kcnq4",29
"GO:0003729","mRNA binding","27/1004","409/28409",0.0660146699266504,1.86793900193846,3.38410730610905,0.00153049420662119,0.0206841790571304,0.0167501455740121,"Tyms/Srsf6/Paip2/Srsf7/Rbms1/Fubp1/Rbm25/Tra2b/Sf3b1/Dhx9/Cpeb1/Taf15/Elavl4/Tia1/Ythdc1/Pcbp3/Sf1/Luc7l2/Thoc2/Tial1/Ythdf3/Chtop/Zc3h12c/Pkm/Slc4a1ap/Unk/Hnrnpa2b1",27
"GO:0042826","histone deacetylase binding","13/1004","143/28409",0.0909090909090909,2.57234697573343,3.60791679972469,0.00172659557707737,0.0229962512367261,0.0186224725094386,"Akap8l/Chd5/Hdac5/Kpna2/Ncor1/Mef2a/Sirt2/Lcor/Kat2a/Tal1/Hdac9/Hdac10/Cbx5",13
"GO:0070063","RNA polymerase binding","8/1004","64/28409",0.125,3.53697709163347,3.88902365566751,0.00181632804119321,0.0238457924265222,0.0193104349642646,"Dhx9/Wdhd1/Bin1/Zfp326/Ccnt2/Ythdc2/Rprd2/Ncoa3",8
"GO:0022843","voltage-gated monoatomic cation channel activity","13/1004","145/28409",0.0896551724137931,2.53686632779228,3.55120355854776,0.00195525206235542,0.0251888262482925,0.020398030075646,"Rimbp2/Cacna1g/Ryr1/Kcnq2/Itgav/Tpcn2/Kcnma1/Kcnh6/Cacna1c/Cacnb3/Grin1/Kcnc3/Kcnq4",13
"GO:0015297","antiporter activity","12/1004","128/28409",0.09375,2.6527328187251,3.58700959051843,0.00197344449388146,0.0251888262482925,0.020398030075646,"Slc25a10/Slc9b2/Slc8a1/Slc44a2/Slc9a5/Clcn7/Clcn3/Slc9a8/Slc26a8/Slc35a2/Slc35c2/Slc26a11",12
"GO:1990841","promoter-specific chromatin binding","9/1004","81/28409",0.111111111111111,3.14397963700753,3.69851591316633,0.00221968976446897,0.0279173168054102,0.0226075745735353,"Ezh2/Zc3h4/Fos/Isl1/Dhx9/Macroh2a1/Pparg/Hsf1/Ppargc1a",9
"GO:0031267","small GTPase binding","21/1004","298/28409",0.0704697986577181,1.99400050803497,3.30163358527197,0.00226075826829374,0.0279173168054102,0.0226075745735353,"Lsm2/Picalm/Dock9/Rabgap1l/Kntc1/Hps4/Dnm1l/Cdc42se2/Depdc5/Cyrib/Abca1/Flna/Daam1/Tsc2/Cib1/Fmnl3/Xpo4/Mapkap1/Nckap1/Plce1/Rims2",21
"GO:0030159","signaling receptor complex adaptor activity","6/1004","39/28409",0.153846153846154,4.35320257431811,4.0108341990102,0.00230872260849964,0.0279173168054102,0.0226075745735353,"Sorbs1/Spag9/Sh2b3/Shank1/Homer2/Shc1",6
"GO:0042162","telomeric DNA binding","6/1004","39/28409",0.153846153846154,4.35320257431811,4.0108341990102,0.00230872260849964,0.0279173168054102,0.0226075745735353,"Rpa1/Smg7/Terf2/Ctc1/Trp53bp1/Hnrnpa2b1",6
"GO:0035255","ionotropic glutamate receptor binding","7/1004","53/28409",0.132075471698113,3.73718334210328,3.81761054956533,0.00251878297562544,0.0300618383714257,0.0243442182333177,"Eml2/Dlg3/Dlg4/Shank1/Gria2/Gripap1/Grin1",7
"GO:0016877","ligase activity, forming carbon-sulfur bonds","6/1004","41/28409",0.146341463414634,4.14085122922942,3.85209703020954,0.00299724771483269,0.0353137262811698,0.0285972217865953,"Nae1/Uba7/Aacs/Uba3/Atg7/Acsl6",6
"GO:1990226","histone methyltransferase binding","4/1004","18/28409",0.222222222222222,6.28795927401505,4.29542650129428,0.00319162450076523,0.037127885015231,0.0300663360698337,"Nop56/Lcorl/Lcor/Paxbp1",4
"GO:0031072","heat shock protein binding","13/1004","155/28409",0.0838709677419355,2.37319753245084,3.28118846312678,0.00350402958651376,0.0402525398750768,0.0325966962850688,"Hspa8/Mapt/Bak1/Stub1/Fkbp1a/Rnf207/Sacs/Dnajb14/Dnajc6/Hsf1/Ppid/Tsc2/Creb1",13
"GO:0019905","syntaxin binding","8/1004","72/28409",0.111111111111111,3.14397963700753,3.48644045432155,0.00383814851161517,0.0435464010144981,0.0352640805420653,"Vps54/Vps11/Unc13a/Txlna/Abca1/Snap23/Gopc/Sec22b",8
"GO:0031418","L-ascorbic acid binding","4/1004","19/28409",0.210526315789474,5.95701404906689,4.13700967765173,0.00393082309994967,0.0440539808396798,0.0356751210739976,"Ogfod1/Dbh/P4ha1/Plod2",4
"GO:0003713","transcription coactivator activity","19/1004","273/28409",0.0695970695970696,1.96930592647724,3.08023106690268,0.00408014232300256,0.0451765156004741,0.0365841550077718,"Dcaf6/Trerf1/Ube3a/Cbfb/Dhx9/Edf1/Med24/Pprc1/Pparg/Actn4/Ccdc62/Kat2a/Maged1/Setd4/Arglu1/Pkm/Ppargc1a/Gsdmd/Ncoa3",19
"GO:0140098","catalytic activity, acting on RNA","24/1004","377/28409",0.0636604774535809,1.80132520316612,2.99795229628375,0.00428001553462195,0.0466836431964299,0.0378046340299822,"Mettl16/Ggt5/Pan2/Mov10/Slfn3/Eif4a2/Qtrt2/Primpol/Dhx9/Wars1/Qtrt1/Ythdc2/Trit1/Exog/Cnot2/Ddx46/Dalrd3/Tut7/Qars1/Ears2/Trmt11/Zc3h12c/Trmu/Ago4",24
"GO:0008143","poly(A) binding","5/1004","31/28409",0.161290322580645,4.56384140855931,3.79997384329436,0.00431785600837491,0.0466836431964299,0.0378046340299822,"Paip2/Rbms1/Elavl4/Zc3h14/Hnrnpdl",5
"GO:0047184","1-acylglycerophosphocholine O-acyltransferase activity","3/1004","10/28409",0.3,8.48874501992032,4.53346015237392,0.00438308439411913,0.0468378436999475,0.0379295063236503,"Tafazzin/Prdx6/Mboat1",3
"GO:0019842","vitamin binding","12/1004","142/28409",0.0845070422535211,2.39119578025924,3.18100862965246,0.00463432705413065,0.0489534087671962,0.0396427008744146,"Tyms/Got1l1/Uros/Abat/Ogfod1/Pygm/Dbh/P4ha1/Csad/Plod2/Ggcx/Accs",12
"GO:0003714","transcription corepressor activity","15/1004","198/28409",0.0757575757575758,2.14362247977786,3.09085278937809,0.00470033843641676,0.0490864888984886,0.0397504697912278,"Tle2/Ezh2/Trerf1/Tle3/Flywch1/Tcf4/Setd5/Hdac5/Ncor1/Lcor/Sfmbt2/Hdac9/Uxt/Hdac7/Zfp451",15
"GO:0048487","beta-tubulin binding","6/1004","45/28409",0.133333333333333,3.77277556440903,3.56294829084891,0.00481930202904104,0.0497633546594237,0.0402985988708695,"Racgap1/Akap1/Adnp/Uxt/Eml4/Ndel1",6
