"paper_EVENT","paper_GENE","paper_LENGTH","paper_TIER","match_type","Comparison","EventType","GeneSymbol","exon_length","DeltaPSI","FDR","Chromosome","Strand","exonStart_0base","exonEnd","n_candidates"
"HsaEX0052286","RAPGEF6",9,"CR","gene_only","Neg_vs_Parental","SE","Rapgef6",70,-0.183,0.000368485976317547,"chr11","+",54452150,54452220,2
"HsaEX1012413","DST",15,"CR","gene+length","Pos_vs_Parental","SE","Dst",18,-0.162,0,"chr1","+",34335822,34335840,1
"HsaEX0037042","LYL1",9,"CR","gene_only","Pos_vs_Parental","A5SS","Lyl1",356,-0.157,0.0372889011847202,"chr8","+",NA,NA,1
"HsaEX1028444","PLCH2",6,"CR","gene_only","Neg_vs_Parental","SE","Plch2",27,0.381,0.00135350089455971,"chr4","-",155069822,155069849,3
"HsaEX1028444","PLCH2",6,"CR","gene_only","Pos_vs_Parental","RI","Plch2",2026,-0.301,0.00253887186183368,"chr4","-",NA,NA,5
"HsaEX1041470","TNIK",9,"CR","gene_only","Neg_vs_Parental","SE","Tnik",24,0.176,3.79978041575934e-08,"chr3","+",28679347,28679371,1
"HsaEX1041470","TNIK",9,"CR","gene_only","KO_vs_Parental","SE","Tnik",87,-0.251,0,"chr3","+",28649055,28649142,1
"HsaEX1041470","TNIK",9,"CR","gene_only","Pos_vs_Parental","SE","Tnik",24,0.111,0.00674559213125424,"chr3","+",28679347,28679371,1
"HsaEX1029068","PPIP5K1",6,"CR","gene_only","Pos_vs_Parental","SE","Ppip5k1",63,0.176,0.0459003690023199,"chr2","-",121157332,121157395,1
"HsaEX6031765","ADGRL2",18,"CR","gene_only","Neg_vs_Parental","A5SS","Adgrl2",52,-0.519,1.10144643457812e-07,"chr3","-",NA,NA,4
"HsaEX6031765","ADGRL2",18,"CR","gene_only","KO_vs_Parental","SE","Adgrl2",12,-0.2,2.75212031095613e-05,"chr3","-",148566062,148566074,3
"HsaEX6031765","ADGRL2",18,"CR","gene_only","Pos_vs_Parental","A3SS","Adgrl2",82,-0.177,0.0012567052559445,"chr3","-",NA,NA,4
"HsaEX6004063","PICALM",42,"CS","gene_only","Neg_vs_Parental","SE","Picalm",24,0.118,1.15267724231651e-07,"chr7","+",89843480,89843504,1
"HsaEX6004063","PICALM",42,"CS","gene_only","Pos_vs_Parental","SE","Picalm",24,-0.188,1.78979631253235e-11,"chr7","+",89843480,89843504,1
"HsaEX6074196","SNAP23",42,"CS","gene_only","Pos_vs_Parental","SE","Snap23",157,-0.5,0.00466891369086734,"chr2","+",120398529,120398686,1
"HsaEX6024969","EXOC7",42,"CS","gene+length","Neg_vs_Parental","SE","Exoc7",39,0.169,2.46650849294221e-07,"chr11","-",116184100,116184139,1
"HsaEX6024969","EXOC7",42,"CS","gene_only","KO_vs_Parental","SE","Exoc7",69,0.114,1.56422732372529e-06,"chr11","-",116187555,116187624,1
"HsaEX6024969","EXOC7",42,"CS","gene_only","Pos_vs_Parental","SE","Exoc7",93,0.286,0,"chr11","-",116188396,116188489,3
"HsaEX6041060","COL4A1",42,"CS","gene_only","Neg_vs_Parental","SE","Col4a1",17,0.116,0.029292636882421,"chr8","-",11254535,11254552,1
"HsaEX6041060","COL4A1",42,"CS","gene_only","Pos_vs_Parental","SE","Col4a1",17,-0.264,6.10355387630414e-14,"chr8","-",11254535,11254552,1
"HsaEX1038166","SNHG14",42,"CS","gene_only","KO_vs_Parental","MXE","Snhg14",147,-0.198,0.012286058796513,"chr7","-",NA,NA,1
"HsaEX1038166","SNHG14",42,"CS","gene_only","Pos_vs_Parental","MXE","Snhg14",147,-0.234,9.56900357245781e-05,"chr7","-",NA,NA,1
"HsaEX6041225","PCID2",42,"CS","gene_only","KO_vs_Parental","SE","Pcid2",55,-0.284,0.00187510898830713,"chr8","-",13144142,13144197,1
"HsaEX6077184","SNAP25",42,"CS","gene_only","Neg_vs_Parental","SE","Snap25",118,-0.111,0.000239161961537944,"chr2","+",136611662,136611780,1
"HsaEX0042009","NCKAP1",18,"HS","gene+length","Pos_vs_Parental","SE","Nckap1",18,-0.142,0,"chr2","-",80401556,80401574,1
"HsaEX0037668","MAP4K4",9,"LS","gene_only","Neg_vs_Parental","SE","Map4k4",225,0.111,2.47459982056176e-06,"chr1","+",40042922,40043147,1
"HsaEX0037668","MAP4K4",9,"LS","gene_only","KO_vs_Parental","SE","Map4k4",162,-0.131,0,"chr1","+",40040589,40040751,2
"HsaEX0037668","MAP4K4",9,"LS","gene_only","Pos_vs_Parental","SE","Map4k4",162,-0.137,0,"chr1","+",40040589,40040751,2
"HsaEX0051135","PTPRF",12,"LS","gene_only","Pos_vs_Parental","SE","Ptprf",27,-0.109,0,"chr4","-",118085015,118085042,1
"HsaEX0060157","SLIT2",12,"LS","gene_only","KO_vs_Parental","SE","Slit2",24,-0.22,0.00109996440603661,"chr5","+",48378308,48378332,1
"HsaEX0004127","ANK2",12,"LS","gene+length","Neg_vs_Parental","SE","Ank2",12,0.138,0.00303344410374097,"chr3","-",126772904,126772916,1
"HsaEX0004127","ANK2",12,"LS","gene+length","KO_vs_Parental","SE","Ank2",12,-0.184,0.00608290220861478,"chr3","-",126772904,126772916,1
"HsaEX0004127","ANK2",12,"LS","gene_only","Pos_vs_Parental","A3SS","Ank2",103,-0.118,0.0236707118722263,"chr3","-",NA,NA,1
"HsaEX0061640","SRC",18,"LS","gene+length","Neg_vs_Parental","SE","Src",18,0.119,0.042033003448259,"chr2","+",157300762,157300780,1
"HsaEX0061640","SRC",18,"LS","gene_only","KO_vs_Parental","SE","Src",108,0.362,0.00499029436401678,"chr2","+",157266747,157266855,1
"HsaEX0061551","SPTAN1",15,"HS","gene_only","Neg_vs_Parental","SE","Sptan1",60,0.114,5.25885650815677e-12,"chr2","+",29891111,29891171,1
"HsaEX0061551","SPTAN1",15,"HS","gene+length","Pos_vs_Parental","SE","Sptan1",15,-0.216,0,"chr2","+",29904169,29904184,1
"HsaEX0044638","TENM3",27,"HS","gene+length","Neg_vs_Parental","SE","Tenm3",27,0.204,0.0346103153099895,"chr8","-",48766272,48766299,1
"HsaEX0044638","TENM3",27,"HS","gene+length","Pos_vs_Parental","SE","Tenm3",27,-0.107,0.000820526485570748,"chr8","-",48766272,48766299,1
"HsaEX0006966","ATP6V0A1",18,"HS","gene_only","KO_vs_Parental","A3SS","Atp6v0a1",104,0.153,0,"chr11","+",NA,NA,1
"HsaEX0006966","ATP6V0A1",18,"HS","gene+length","Pos_vs_Parental","SE","Atp6v0a1",18,-0.134,0,"chr11","+",100940284,100940302,1
"HsaEX0006858","ATP1B3",20,"HS","gene_only","Neg_vs_Parental","SE","Atp1b3",185,-0.144,0.0190141447503712,"chr9","-",96222254,96222439,1
"HsaEX0006858","ATP1B3",20,"HS","gene_only","Pos_vs_Parental","SE","Atp1b3",185,-0.158,0.0337888415180265,"chr9","-",96222254,96222439,1
"HsaEX0051317","PUS7",18,"HS","gene+length","Neg_vs_Parental","SE","Pus7",18,0.11,0.00249790685408837,"chr5","-",23968331,23968349,1
"HsaEX0051317","PUS7",18,"HS","gene+length","KO_vs_Parental","SE","Pus7",18,-0.241,1.1887568555073e-12,"chr5","-",23968331,23968349,1
"HsaEX0058023","SH3GLB1",24,"HS","gene+length","KO_vs_Parental","SE","Sh3glb1",24,-0.128,3.70255676578016e-09,"chr3","-",144405614,144405638,1
"HsaEX0058023","SH3GLB1",24,"HS","gene+length","Pos_vs_Parental","SE","Sh3glb1",24,-0.208,0,"chr3","-",144405614,144405638,1
"HsaEX0067208","TRIM9",24,"HS","gene_only","Neg_vs_Parental","SE","Trim9",33,0.201,5.72525237947919e-05,"chr12","-",70314007,70314040,2
"HsaEX0067208","TRIM9",24,"HS","gene+length","Pos_vs_Parental","SE","Trim9",24,0.3,0.0126767727515466,"chr12","-",70298793,70298817,1
"HsaEX0051667","RAB3GAP1",21,"LS","gene+length","Neg_vs_Parental","SE","Rab3gap1",21,0.191,7.9279837253698e-07,"chr1","+",127869330,127869351,1
"HsaEX0061917","SSR1",15,"HS","gene+length","Neg_vs_Parental","SE","Ssr1",15,0.156,2.10734500767394e-08,"chr13","-",38167070,38167085,1
"HsaEX0061917","SSR1",15,"HS","gene+length","KO_vs_Parental","SE","Ssr1",15,-0.108,0.00103622076099931,"chr13","-",38167070,38167085,1
"HsaEX0013372","BICDL1",12,"LS","gene+length","Neg_vs_Parental","SE","Bicdl1",12,0.126,2.96143813022664e-09,"chr5","-",115810202,115810214,1
"HsaEX0013372","BICDL1",12,"LS","gene_only","Pos_vs_Parental","SE","Bicdl1",109,0.102,0.00129288026233258,"chr5","-",115789214,115789323,2
"HsaEX0060805","SNX14",27,"HS","gene+length","Pos_vs_Parental","SE","Snx14",27,-0.115,2.53532237938914e-13,"chr9","-",88282775,88282802,1
"HsaEX0004145","ANK3",12,"LS","gene+length","Neg_vs_Parental","SE","Ank3",12,0.251,0.00548380560396285,"chr10","+",69765276,69765288,1
"HsaEX0004145","ANK3",12,"LS","gene_only","KO_vs_Parental","SE","Ank3",27,-0.129,0.00320802029789536,"chr10","+",69816653,69816680,1
"HsaEX0004145","ANK3",12,"LS","gene_only","Pos_vs_Parental","SE","Ank3",309,-0.283,0,"chr10","+",69837752,69838061,3
"HsaEX0070740","VTI1A",21,"HS","gene+length","Neg_vs_Parental","SE","Vti1a",21,0.293,0.0119092933064956,"chr19","+",55375620,55375641,2
"HsaEX0070740","VTI1A",21,"HS","gene+length","KO_vs_Parental","SE","Vti1a",21,0.133,0.028565428913202,"chr19","+",55375620,55375641,1
"HsaEX0070740","VTI1A",21,"HS","gene+length","Pos_vs_Parental","SE","Vti1a",21,0.171,0.000231369095081125,"chr19","+",55375620,55375641,1
"HsaEX0052287","RAPGEF6",15,"HS","gene+length","Neg_vs_Parental","SE","Rapgef6",15,0.211,0.000564883834454027,"chr11","+",54542574,54542589,1
"HsaEX0050846","PTK2",9,"HS","gene_only","Neg_vs_Parental","SE","Ptk2",155,-0.277,1.82144288951477e-05,"chr15","-",73236889,73237044,2
"HsaEX0050846","PTK2",9,"HS","gene_only","KO_vs_Parental","SE","Ptk2",155,-0.138,0.000708122398640792,"chr15","-",73236889,73237044,2
"HsaEX0050846","PTK2",9,"HS","gene_only","Pos_vs_Parental","SE","Ptk2",155,-0.124,0.00293072824508913,"chr15","-",73236889,73237044,2
"HsaEX0050855","PTK2",18,"HS","gene_only","Neg_vs_Parental","SE","Ptk2",155,-0.277,1.82144288951477e-05,"chr15","-",73236889,73237044,2
"HsaEX0050855","PTK2",18,"HS","gene_only","KO_vs_Parental","SE","Ptk2",155,-0.138,0.000708122398640792,"chr15","-",73236889,73237044,2
"HsaEX0050855","PTK2",18,"HS","gene_only","Pos_vs_Parental","SE","Ptk2",155,-0.124,0.00293072824508913,"chr15","-",73236889,73237044,2
"HsaEX0050856","PTK2",21,"HS","gene_only","Neg_vs_Parental","SE","Ptk2",155,-0.277,1.82144288951477e-05,"chr15","-",73236889,73237044,2
"HsaEX0050856","PTK2",21,"HS","gene_only","KO_vs_Parental","SE","Ptk2",155,-0.138,0.000708122398640792,"chr15","-",73236889,73237044,2
"HsaEX0050856","PTK2",21,"HS","gene_only","Pos_vs_Parental","SE","Ptk2",155,-0.124,0.00293072824508913,"chr15","-",73236889,73237044,2
"HsaEX0044642","TENM3",21,"HS","gene+length","Neg_vs_Parental","SE","Tenm3",21,0.191,3.21771505736489e-10,"chr8","-",48740167,48740188,1
"HsaEX0044642","TENM3",21,"HS","gene_only","Pos_vs_Parental","SE","Tenm3",27,-0.107,0.000820526485570748,"chr8","-",48766272,48766299,1
"HsaEX0034475","KIF1B",18,"HS","gene+length","Pos_vs_Parental","SE","Kif1b",18,-0.122,0,"chr4","-",149349801,149349819,1
"HsaEX0015474","CLASP1",24,"HS","gene_only","Neg_vs_Parental","SE","Clasp1",108,0.2,3.42019957341774e-06,"chr1","+",118459707,118459815,3
"HsaEX0015474","CLASP1",24,"HS","gene_only","Pos_vs_Parental","SE","Clasp1",108,0.117,7.84067209058939e-05,"chr1","+",118459707,118459815,2
"HsaEX0015476","CLASP1",27,"LS","gene_only","Neg_vs_Parental","SE","Clasp1",108,0.2,3.42019957341774e-06,"chr1","+",118459707,118459815,3
"HsaEX0015476","CLASP1",27,"LS","gene_only","Pos_vs_Parental","SE","Clasp1",108,0.117,7.84067209058939e-05,"chr1","+",118459707,118459815,2
"HsaEX0037980","MAST2",21,"HS","gene+length","Neg_vs_Parental","SE","Mast2",21,0.248,0,"chr4","-",116190609,116190630,1
"HsaEX0023428","EXOC1",21,"LS","gene+length","Neg_vs_Parental","SE","Exoc1",21,0.252,1.58910376195037e-06,"chr5","+",76688593,76688614,1
"HsaEX0023428","EXOC1",21,"LS","gene+length","Pos_vs_Parental","SE","Exoc1",21,0.186,0.00143974915000025,"chr5","+",76688593,76688614,1
"HsaEX0043771","NRCAM",18,"HS","gene_only","KO_vs_Parental","SE","Nrcam",153,0.228,0.00465454392028151,"chr12","+",44631617,44631770,1
"HsaEX0043771","NRCAM",18,"HS","gene_only","Pos_vs_Parental","SE","Nrcam",153,0.205,0.00316715543302736,"chr12","+",44631617,44631770,2
"HsaEX0020438","DNM1",12,"HS","gene_only","Neg_vs_Parental","SE","Dnm1",37,-0.104,0.0269272889583834,"chr2","-",32200462,32200499,1
"HsaEX0016976","CPEB4",24,"HS","gene+length","Neg_vs_Parental","SE","Cpeb4",24,0.103,1.13081564246697e-05,"chr11","+",31868800,31868824,2
"HsaEX0016976","CPEB4",24,"HS","gene+length","KO_vs_Parental","SE","Cpeb4",24,0.122,0.0124957994528287,"chr11","+",31868800,31868824,1
"HsaEX0036234","ADGRL2",12,"HS","gene+length","Neg_vs_Parental","SE","Adgrl2",12,0.142,8.24021668515075e-05,"chr3","-",148566062,148566074,1
"HsaEX0036234","ADGRL2",12,"HS","gene+length","KO_vs_Parental","SE","Adgrl2",12,-0.2,2.75212031095613e-05,"chr3","-",148566062,148566074,1
"HsaEX0036234","ADGRL2",12,"HS","gene+length","Pos_vs_Parental","SE","Adgrl2",12,-0.116,0.00343523606591965,"chr3","-",148566062,148566074,1
"HsaEX0047035","PHF21A",23,"HS","gene_only","KO_vs_Parental","SE","Phf21a",59,-0.371,0.00151611248659623,"chr2","+",92016895,92016954,1
"HsaEX0047035","PHF21A",23,"HS","gene_only","Pos_vs_Parental","SE","Phf21a",365,-0.307,0.000129630711321597,"chr2","+",92017388,92017753,3
"HsaEX0051134","PTPRF",12,"NonResponding","gene_only","Pos_vs_Parental","SE","Ptprf",27,-0.109,0,"chr4","-",118085015,118085042,1
"HsaEX0004128","ANK2",24,"HS","gene_only","Neg_vs_Parental","SE","Ank2",99,0.192,7.50203677072801e-08,"chr3","-",126757031,126757130,2
"HsaEX0004128","ANK2",24,"HS","gene_only","KO_vs_Parental","SE","Ank2",12,-0.184,0.00608290220861478,"chr3","-",126772904,126772916,1
"HsaEX0004128","ANK2",24,"HS","gene_only","Pos_vs_Parental","A3SS","Ank2",103,-0.118,0.0236707118722263,"chr3","-",NA,NA,1
"HsaEX0012545","CASK",18,"HS","gene+length","Neg_vs_Parental","SE","Cask",18,0.169,0,"chrX","-",13462924,13462942,1
"HsaEX0012545","CASK",18,"HS","gene_only","Pos_vs_Parental","MXE","Cask",36,0.136,1.23089842693126e-05,"chrX","-",NA,NA,2
"HsaEX0025270","FBXO25",27,"LS","gene+length","KO_vs_Parental","SE","Fbxo25",27,-0.151,1.79479908582424e-09,"chr8","+",13988921,13988948,1
"HsaEX0058029","SH3GLB2",15,"HS","gene+length","Neg_vs_Parental","SE","Sh3glb2",12,0.228,1.00380021755475e-13,"chr2","-",30239237,30239249,1
"HsaEX0058029","SH3GLB2",15,"HS","gene+length","KO_vs_Parental","SE","Sh3glb2",12,-0.102,8.35987223704826e-05,"chr2","-",30239237,30239249,1
"HsaEX0058029","SH3GLB2",15,"HS","gene+length","Pos_vs_Parental","SE","Sh3glb2",15,-0.128,0,"chr2","-",30236070,30236085,1
"HsaEX0066242","TNIK",24,"LS","gene+length","Neg_vs_Parental","SE","Tnik",24,0.176,3.79978041575934e-08,"chr3","+",28679347,28679371,1
"HsaEX0066242","TNIK",24,"LS","gene_only","KO_vs_Parental","SE","Tnik",87,-0.251,0,"chr3","+",28649055,28649142,1
"HsaEX0066242","TNIK",24,"LS","gene+length","Pos_vs_Parental","SE","Tnik",24,0.111,0.00674559213125424,"chr3","+",28679347,28679371,1
"HsaEX0063208","SYNJ1",24,"HS","gene_only","Neg_vs_Parental","SE","Synj1",39,0.204,3.69833523303806e-07,"chr16","-",90743902,90743941,3
"HsaEX0063208","SYNJ1",24,"HS","gene_only","KO_vs_Parental","SE","Synj1",48,0.317,0.00520790593001812,"chr16","-",90744953,90745001,3
"HsaEX0063208","SYNJ1",24,"HS","gene+length","Pos_vs_Parental","SE","Synj1",24,-0.1,2.93604005525419e-05,"chr16","-",90768451,90768475,1
"HsaEX0035450","CERS6",24,"HS","gene+length","Pos_vs_Parental","SE","Cers6",24,-0.146,0.00015261431686225,"chr2","+",68936086,68936110,1
"HsaEX0003157","AGRN",24,"LS","gene+length","Neg_vs_Parental","SE","Agrn",24,0.323,0.00409956888691432,"chr4","-",156253002,156253026,1
"HsaEX0003157","AGRN",24,"LS","gene_only","KO_vs_Parental","SE","Agrn",12,-0.114,2.71957764949863e-11,"chr4","-",156254002,156254014,2
"HsaEX0003157","AGRN",24,"LS","gene_only","Pos_vs_Parental","RI","Agrn",793,-0.154,0.000233047696470748,"chr4","-",NA,NA,1
"HsaEX0013877","CD47",25,"LS","gene+length","Pos_vs_Parental","SE","Cd47",25,-0.137,1.9594570408698e-08,"chr16","+",49728416,49728441,1
"HsaEX0057701","SFT2D1",23,"HS","gene_only","Pos_vs_Parental","SE","Sft2d1",87,0.266,0.0251027115933998,"chr17","+",8537675,8537762,1
"HsaEX0018764","DCTN1",15,"HS","gene+length","Neg_vs_Parental","MXE","Dctn1",18,0.272,0.00539272644434666,"chr6","+",NA,NA,1
"HsaEX0018764","DCTN1",15,"HS","gene+length","KO_vs_Parental","SE","Dctn1",15,-0.134,2.90781419855577e-06,"chr6","+",83174300,83174315,2
"HsaEX0018764","DCTN1",15,"HS","gene+length","Pos_vs_Parental","SE","Dctn1",15,-0.117,2.54634701482315e-07,"chr6","+",83174300,83174315,1
"HsaEX0023360","EVI5",10,"HS","gene_only","KO_vs_Parental","SE","Evi5",112,-0.254,0.000724764075563876,"chr5","-",107969570,107969682,2
"HsaEX0026467","FRYL",9,"HS","gene_only","Pos_vs_Parental","SE","Fryl",18,-0.103,1.1914221436475e-06,"chr5","-",73182113,73182131,1
"HsaEX0020668","DOCK9",6,"LS","gene_only","Neg_vs_Parental","SE","Dock9",36,0.19,0.0101146356328822,"chr14","-",121797336,121797372,1
"HsaEX0020668","DOCK9",6,"LS","gene_only","Pos_vs_Parental","SE","Dock9",36,0.128,0.0236630531751169,"chr14","-",121797336,121797372,1
"HsaEX0020667","DOCK9",8,"HS","gene_only","Neg_vs_Parental","SE","Dock9",36,0.19,0.0101146356328822,"chr14","-",121797336,121797372,1
"HsaEX0020667","DOCK9",8,"HS","gene_only","Pos_vs_Parental","SE","Dock9",36,0.128,0.0236630531751169,"chr14","-",121797336,121797372,1
"HsaEX0028492","GRAMD1A",12,"HS","gene+length","Neg_vs_Parental","SE","Gramd1a",12,0.183,0,"chr7","-",30832644,30832656,1
"HsaEX0045196","PACSIN2",6,"HS","gene+length","Neg_vs_Parental","SE","Pacsin2",6,0.132,1.47590581058568e-08,"chr15","-",83267823,83267829,1
"HsaEX0045196","PACSIN2",6,"HS","gene+length","KO_vs_Parental","SE","Pacsin2",6,-0.127,2.68699662676668e-06,"chr15","-",83267823,83267829,1
"HsaEX0045196","PACSIN2",6,"HS","gene+length","Pos_vs_Parental","SE","Pacsin2",6,-0.13,4.78678250710644e-06,"chr15","-",83267823,83267829,1
"HsaEX0023051","ERGIC3",15,"HS","gene+length","Neg_vs_Parental","SE","Ergic3",15,0.169,0,"chr2","+",155857296,155857311,1
"HsaEX0023051","ERGIC3",15,"HS","gene+length","KO_vs_Parental","SE","Ergic3",15,-0.123,1.68970967297462e-05,"chr2","+",155857296,155857311,1
"HsaEX0022280","EMC1",9,"HS","gene_only","Pos_vs_Parental","A3SS","Emc1",472,-0.106,0,"chr4","+",NA,NA,1
"HsaEX0027514","GIT2",6,"HS","gene_only","Neg_vs_Parental","SE","Git2",150,-0.106,0.0251831512160118,"chr5","-",114881791,114881941,1
"HsaEX0027514","GIT2",6,"HS","gene_only","KO_vs_Parental","SE","Git2",150,-0.121,0.00475779607883035,"chr5","-",114881791,114881941,1
"HsaEX0027514","GIT2",6,"HS","gene+length","Pos_vs_Parental","SE","Git2",6,-0.133,0,"chr5","-",114891208,114891214,2
"HsaEX0039996","MPP7",12,"HS","gene_only","Pos_vs_Parental","SE","Mpp7",21,0.16,0.00103723031333238,"chr18","-",7430394,7430415,1
"HsaEX0042574","NSMF",6,"HS","gene+length","Neg_vs_Parental","MXE","Nsmf",6,0.141,0.0275405228459169,"chr2","+",NA,NA,1
"HsaEX0042574","NSMF",6,"HS","gene_only","Pos_vs_Parental","SE","Nsmf",501,-0.114,0,"chr2","+",24945647,24946148,1
"HsaEX0005055","APBB1",4,"HS","gene_only","KO_vs_Parental","SE","Apbb1",40,0.214,0.000526213156799754,"chr7","-",105217825,105217865,2
"HsaEX0005055","APBB1",4,"HS","gene+length","Pos_vs_Parental","SE","Apbb1",6,-0.102,0,"chr7","-",105215152,105215158,1
"HsaEX0004907","AP1S2",9,"HS","gene_only","KO_vs_Parental","SE","Ap1s2",95,-0.501,0.00181788032920447,"chrX","+",162703901,162703996,1
"HsaEX0004907","AP1S2",9,"HS","gene_only","Pos_vs_Parental","SE","Ap1s2",95,-0.755,8.08260460600262e-05,"chrX","+",162703901,162703996,1
"HsaEX0050522","PSAP",6,"HS","gene+length","KO_vs_Parental","SE","Psap",9,-0.169,0,"chr10","+",60133316,60133325,1
"HsaEX0050522","PSAP",6,"HS","gene+length","Pos_vs_Parental","SE","Psap",9,-0.129,6.82779603057641e-11,"chr10","+",60133316,60133325,1
"HsaEX0061188","SPAG9",15,"HS","gene+length","Neg_vs_Parental","SE","Spag9",12,0.1,0.00021566047063013,"chr11","+",93970024,93970036,2
"HsaEX0061188","SPAG9",15,"HS","gene+length","Pos_vs_Parental","SE","Spag9",15,0.168,0.0320554566746996,"chr11","+",93971565,93971580,1
"HsaEX0012022","CACNA2D2",21,"HS","gene_only","KO_vs_Parental","A3SS","Cacna2d2",51,0.393,0.000653313495696103,"chr9","+",NA,NA,1
"HsaEX0012022","CACNA2D2",21,"HS","gene_only","Pos_vs_Parental","A3SS","Cacna2d2",51,0.554,7.389000702839e-05,"chr9","+",NA,NA,1
"HsaEX0049811","PPP6R3",18,"LS","gene+length","Neg_vs_Parental","SE","Ppp6r3",18,0.211,0,"chr19","-",3509746,3509764,1
"HsaEX0018777","DCTN4",21,"HS","gene+length","Neg_vs_Parental","SE","Dctn4",21,0.164,2.36488905850054e-07,"chr18","+",60678428,60678449,1
"HsaEX0006155","ASAP1",9,"HS","gene_only","KO_vs_Parental","A5SS","Asap1",123,-0.134,0.00350149210776264,"chr15","-",NA,NA,2
"HsaEX0006155","ASAP1",9,"HS","gene+length","Pos_vs_Parental","SE","Asap1",9,-0.105,3.36458407431524e-12,"chr15","-",64025692,64025701,2
"HsaEX0072774","ZFYVE27",21,"LS","gene+length","Neg_vs_Parental","SE","Zfyve27",21,0.131,0.0409838238074037,"chr19","+",42174058,42174079,1
"HsaEX1018839","KIF1B",27,"NonResponding","gene_only","Pos_vs_Parental","SE","Kif1b",18,-0.122,0,"chr4","-",149349801,149349819,3
"HsaEX1019114","KMT2C",23,"LS","gene_only","KO_vs_Parental","SE","Kmt2c",105,-0.161,0.0011676372523798,"chr5","-",25535793,25535898,1
"HsaEX0038690","MEF2A",24,"LS","gene+length","Pos_vs_Parental","SE","Mef2a",24,-0.188,3.82827506342898e-06,"chr7","-",66894268,66894292,1
"HsaEX0015478","CLASP1",24,"LS","gene_only","Neg_vs_Parental","SE","Clasp1",108,0.2,3.42019957341774e-06,"chr1","+",118459707,118459815,3
"HsaEX0015478","CLASP1",24,"LS","gene_only","Pos_vs_Parental","SE","Clasp1",108,0.117,7.84067209058939e-05,"chr1","+",118459707,118459815,2
"HsaEX0022053","EIF4G3",21,"NonResponding","gene_only","Neg_vs_Parental","SE","Eif4g3",114,-0.183,0.0311196585059158,"chr4","+",137811567,137811681,1
"HsaEX0022053","EIF4G3",21,"NonResponding","gene_only","KO_vs_Parental","SE","Eif4g3",33,0.265,0.00138547240036193,"chr4","+",137814843,137814876,1
"HsaEX0022053","EIF4G3",21,"NonResponding","gene_only","Pos_vs_Parental","A3SS","Eif4g3",118,0.121,2.87812366192774e-06,"chr4","+",NA,NA,4
"HsaEX1036077","SBF1",24,"LS","gene+length","Neg_vs_Parental","SE","Sbf1",24,0.134,0,"chr15","-",89191374,89191398,1
"HsaEX1036077","SBF1",24,"LS","gene_only","KO_vs_Parental","SE","Sbf1",78,0.106,0.0240738652530769,"chr15","-",89180154,89180232,1
"HsaEX0037214","MADD",9,"HS","gene+length","Neg_vs_Parental","SE","Madd",9,0.143,0.000297928868703475,"chr2","-",90971153,90971162,1
"HsaEX0037214","MADD",9,"HS","gene+length","KO_vs_Parental","SE","Madd",9,-0.119,0.00165392342550515,"chr2","-",90971153,90971162,1
"HsaEX0037214","MADD",9,"HS","gene_only","Pos_vs_Parental","A5SS","Madd",84,0.181,1.99055966154638e-09,"chr2","-",NA,NA,2
"HsaEX0066659","TPD52L1",15,"HS","gene_only","Pos_vs_Parental","SE","Tpd52l1",61,-0.592,0.000113527244093131,"chr10","-",31214180,31214241,2
"HsaEX0043752","NRBP1",24,"LS","gene+length","Neg_vs_Parental","SE","Nrbp1",24,0.114,1.54455389076641e-06,"chr5","+",31403665,31403689,1
"HsaEX0049337","PPFIA1",27,"LS","gene+length","Neg_vs_Parental","SE","Ppfia1",30,0.265,7.93719172020803e-12,"chr7","-",144056603,144056633,1
"HsaEX0049337","PPFIA1",27,"LS","gene+length","KO_vs_Parental","SE","Ppfia1",27,-0.354,0.000102816352853368,"chr7","-",144042427,144042454,2
"HsaEX0049337","PPFIA1",27,"LS","gene+length","Pos_vs_Parental","SE","Ppfia1",27,-0.245,3.10346821548892e-05,"chr7","-",144042427,144042454,2
"HsaEX0022845","EPRS",21,"LS","gene_only","Pos_vs_Parental","SE","Eprs",95,0.103,0.00271829243321709,"chr1","+",185106314,185106409,1
"HsaEX0051130","PTPRF",18,"LS","gene_only","Pos_vs_Parental","SE","Ptprf",27,-0.109,0,"chr4","-",118085015,118085042,1
"HsaEX0058030","SH3GLB2",12,"LS","gene+length","Neg_vs_Parental","SE","Sh3glb2",12,0.228,1.00380021755475e-13,"chr2","-",30239237,30239249,1
"HsaEX0058030","SH3GLB2",12,"LS","gene+length","KO_vs_Parental","SE","Sh3glb2",12,-0.102,8.35987223704826e-05,"chr2","-",30239237,30239249,1
"HsaEX0058030","SH3GLB2",12,"LS","gene+length","Pos_vs_Parental","SE","Sh3glb2",15,-0.128,0,"chr2","-",30236070,30236085,1
"HsaEX1041860","TRAPPC8",21,"LS","gene+length","Neg_vs_Parental","SE","Trappc8",18,0.11,7.28534664518961e-06,"chr18","-",20988877,20988895,1
"HsaEX0026036","FMNL2",21,"LS","gene_only","Neg_vs_Parental","A5SS","Fmnl2",94,-0.132,2.85590662230264e-10,"chr2","+",NA,NA,2
"HsaEX0026036","FMNL2",21,"LS","gene_only","KO_vs_Parental","A5SS","Fmnl2",94,-0.118,1.78973237526395e-08,"chr2","+",NA,NA,2
"HsaEX0026036","FMNL2",21,"LS","gene_only","Pos_vs_Parental","A5SS","Fmnl2",94,-0.171,0,"chr2","+",NA,NA,2
"HsaEX0074666","ZYX",26,"NonResponding","gene_only","KO_vs_Parental","RI","Zyx",444,0.106,1.99488037517108e-08,"chr6","+",NA,NA,1
"HsaEX0074666","ZYX",26,"NonResponding","gene_only","Pos_vs_Parental","RI","Zyx",444,0.104,6.41465069040177e-09,"chr6","+",NA,NA,1
"HsaEX1042400","TTC7B",24,"NonResponding","gene_only","Pos_vs_Parental","MXE","Ttc7b",79,0.11,0.00450171857825945,"chr12","-",NA,NA,1
"HsaEX0069337","UNC13B",23,"NonResponding","gene_only","Neg_vs_Parental","SE","Unc13b",36,-0.218,0.0078093393979794,"chr4","+",43161442,43161478,1
"HsaEX0024131","FAM168A",27,"NonResponding","gene+length","Neg_vs_Parental","SE","Fam168a",27,-0.191,1.19363993167714e-06,"chr7","+",100467942,100467969,1
"HsaEX0024131","FAM168A",27,"NonResponding","gene+length","Pos_vs_Parental","SE","Fam168a",27,-0.253,3.86870988106723e-10,"chr7","+",100467942,100467969,1
"HsaEX0009119","INTS13",24,"LS","gene_only","KO_vs_Parental","SE","Ints13",78,-0.143,1.87053318855516e-05,"chr6","-",146451584,146451662,1
"HsaEX0009119","INTS13",24,"LS","gene_only","Pos_vs_Parental","SE","Ints13",78,-0.103,0.00695615131514026,"chr6","-",146451584,146451662,1
"HsaEX0066667","TPD52L2",27,"LS","gene+length","Neg_vs_Parental","SE","Tpd52l2",27,0.106,0.000429899112835956,"chr2","+",181152296,181152323,1
"HsaEX0011689","TMEM245",24,"NonResponding","gene+length","KO_vs_Parental","SE","Tmem245",24,-0.118,0.00522775807558244,"chr4","-",56922386,56922410,1
"HsaEX0011689","TMEM245",24,"NonResponding","gene+length","Pos_vs_Parental","SE","Tmem245",24,-0.112,0.0214078981053374,"chr4","-",56922386,56922410,1
"HsaEX0015276","CHPT1",27,"LS","gene+length","KO_vs_Parental","SE","Chpt1",27,-0.182,0.0171960729853986,"chr10","-",88317214,88317241,1
"HsaEX0015276","CHPT1",27,"LS","gene+length","Pos_vs_Parental","SE","Chpt1",27,-0.272,0.000679456720161651,"chr10","-",88317214,88317241,1
"HsaEX1012909","EIF4G1",21,"LS","gene+length","Neg_vs_Parental","SE","Eif4g1",21,0.166,1.83302648422216e-13,"chr16","+",20493535,20493556,1
"HsaEX1012909","EIF4G1",21,"LS","gene_only","KO_vs_Parental","A3SS","Eif4g1",189,0.509,0.0060802740767832,"chr16","+",NA,NA,1
"HsaEX0005602","ARHGEF11",15,"LS","gene_only","Neg_vs_Parental","SE","Arhgef11",30,0.146,2.78873270258153e-06,"chr3","+",87625535,87625565,1
"HsaEX0005602","ARHGEF11",15,"LS","gene_only","Pos_vs_Parental","SE","Arhgef11",120,-0.106,0.00114814519812022,"chr3","+",87602704,87602824,1
"HsaEX0039306","MINK1",24,"Others","gene_only","KO_vs_Parental","SE","Mink1",111,-0.15,1.48376640068475e-08,"chr11","+",70499414,70499525,1
"HsaEX0039306","MINK1",24,"Others","gene_only","Pos_vs_Parental","SE","Mink1",111,-0.184,0,"chr11","+",70499414,70499525,1
"HsaEX0012542","CASK",27,"LS","gene_only","Neg_vs_Parental","SE","Cask",18,0.169,0,"chrX","-",13462924,13462942,2
"HsaEX0012542","CASK",27,"LS","gene_only","Pos_vs_Parental","MXE","Cask",36,0.136,1.23089842693126e-05,"chrX","-",NA,NA,2
"HsaEX0064198","TCF7L2",25,"LS","gene_only","Neg_vs_Parental","A3SS","Tcf7l2",141,0.123,0.0103281024486097,"chr19","+",NA,NA,1
"HsaEX0064198","TCF7L2",25,"LS","gene+length","KO_vs_Parental","SE","Tcf7l2",25,-0.261,8.31582603574912e-05,"chr19","+",55916161,55916186,2
"HsaEX0064198","TCF7L2",25,"LS","gene+length","Pos_vs_Parental","SE","Tcf7l2",25,-0.197,0.00635973075347412,"chr19","+",55916161,55916186,1
"HsaEX0041847","NBEAL2",20,"LS","gene_only","KO_vs_Parental","SE","Nbeal2",81,-0.183,0.00497008643729722,"chr9","-",110470478,110470559,1
"HsaEX0041847","NBEAL2",20,"LS","gene_only","Pos_vs_Parental","SE","Nbeal2",81,-0.154,0.0310341818625146,"chr9","-",110470478,110470559,1
"HsaEX0015498","CLASP2",24,"HS","gene+length","Neg_vs_Parental","SE","Clasp2",24,0.252,1.26060491336164e-07,"chr9","+",113687648,113687672,1
"HsaEX0015498","CLASP2",24,"HS","gene+length","KO_vs_Parental","SE","Clasp2",24,-0.116,1.23075016092454e-05,"chr9","+",113707817,113707841,1
"HsaEX0015498","CLASP2",24,"HS","gene+length","Pos_vs_Parental","SE","Clasp2",24,-0.131,5.85942704572475e-07,"chr9","+",113707817,113707841,1
"HsaEX0015457","CKAP5",24,"LS","gene+length","KO_vs_Parental","SE","Ckap5",24,-0.11,0.00403930666762491,"chr2","+",91429948,91429972,1
"HsaEX0003154","AGRN",12,"LS","gene_only","Neg_vs_Parental","RI","Agrn",793,-0.438,0,"chr4","-",NA,NA,4
"HsaEX0003154","AGRN",12,"LS","gene+length","KO_vs_Parental","SE","Agrn",12,-0.114,2.71957764949863e-11,"chr4","-",156254002,156254014,1
"HsaEX0003154","AGRN",12,"LS","gene_only","Pos_vs_Parental","RI","Agrn",793,-0.154,0.000233047696470748,"chr4","-",NA,NA,1
"HsaEX0067471","TRRAP",21,"LS","gene+length","Neg_vs_Parental","SE","Trrap",21,0.291,2.55299855330539e-11,"chr5","+",144747141,144747162,1
"HsaEX0046423","PDLIM7",17,"NonResponding","gene_only","Neg_vs_Parental","RI","Pdlim7",1061,-0.179,1.3914298788929e-07,"chr13","-",NA,NA,1
"HsaEX0046423","PDLIM7",17,"NonResponding","gene_only","KO_vs_Parental","RI","Pdlim7",1061,-0.106,0.00751331521402478,"chr13","-",NA,NA,1
"HsaEX0046423","PDLIM7",17,"NonResponding","gene_only","Pos_vs_Parental","RI","Pdlim7",1061,-0.212,1.49705803309647e-08,"chr13","-",NA,NA,1
"HsaEX0015596","CLEC16A",6,"LS","gene_only","Pos_vs_Parental","A5SS","Clec16a",232,0.208,7.73091409290032e-06,"chr16","+",NA,NA,1
"HsaEX0018232","CYLD",9,"LS","gene_only","KO_vs_Parental","SE","Cyld",380,-0.104,0.0121575062353665,"chr8","+",89456086,89456466,1
"HsaEX0039245","MICU1",6,"NonResponding","gene_only","KO_vs_Parental","MXE","Micu1",12,-0.17,0.0247263125253531,"chr10","+",NA,NA,1
"HsaEX0037213","MADD",9,"LS","gene+length","Neg_vs_Parental","SE","Madd",9,0.143,0.000297928868703475,"chr2","-",90971153,90971162,1
"HsaEX0037213","MADD",9,"LS","gene+length","KO_vs_Parental","SE","Madd",9,-0.119,0.00165392342550515,"chr2","-",90971153,90971162,1
"HsaEX0037213","MADD",9,"LS","gene_only","Pos_vs_Parental","A5SS","Madd",84,0.181,1.99055966154638e-09,"chr2","-",NA,NA,2
"HsaEX0063374","TACC2",9,"HS","gene_only","Neg_vs_Parental","SE","Tacc2",90,0.125,0.0278695748695838,"chr7","+",130346256,130346346,1
"HsaEX0063374","TACC2",9,"HS","gene_only","Pos_vs_Parental","SE","Tacc2",126,0.111,0.027714920034109,"chr7","+",130264745,130264871,1
"HsaEX0027793","GMPPA",15,"NonResponding","gene_only","Neg_vs_Parental","SE","Gmppa",41,0.214,0.0195269219288458,"chr1","+",75413637,75413678,1
"HsaEX0027793","GMPPA",15,"NonResponding","gene_only","KO_vs_Parental","SE","Gmppa",55,0.342,0.00128089735047109,"chr1","+",75413427,75413482,2
"HsaEX0027793","GMPPA",15,"NonResponding","gene_only","Pos_vs_Parental","SE","Gmppa",41,0.214,0.0136940342252428,"chr1","+",75413637,75413678,1
"HsaEX0063412","TAF1",6,"LS","gene+length","Neg_vs_Parental","SE","Taf1",6,0.201,5.80152882256624e-11,"chrX","+",100634339,100634345,1
"HsaEX0003019","AGAP1",12,"LS","gene+length","KO_vs_Parental","SE","Agap1",12,-0.128,1.35832390990953e-05,"chr1","+",89538005,89538017,1
"HsaEX0003019","AGAP1",12,"LS","gene_only","Pos_vs_Parental","SE","Agap1",78,-0.145,8.28312764529383e-05,"chr1","+",89751578,89751656,1
"HsaEX0046416","PDLIM5",13,"NonResponding","gene+length","Pos_vs_Parental","SE","Pdlim5",15,-0.337,0.00250359733477747,"chr3","-",142012044,142012059,1
"HsaEX0041235","MYO6",9,"NonResponding","gene_only","Pos_vs_Parental","SE","Myo6",219,-0.134,3.55702936240723e-07,"chr9","+",80214241,80214460,1
"HsaEX0069336","UNC13B",6,"LS","gene_only","Neg_vs_Parental","SE","Unc13b",36,-0.218,0.0078093393979794,"chr4","+",43161442,43161478,1
"HsaEX0066655","TPD52",27,"LS","gene+length","Neg_vs_Parental","SE","Tpd52",27,0.314,4.42357879944787e-07,"chr3","-",9008610,9008637,1
"HsaEX0066655","TPD52",27,"LS","gene+length","KO_vs_Parental","SE","Tpd52",27,-0.167,4.35077212331642e-07,"chr3","-",9008610,9008637,1
"HsaEX0066655","TPD52",27,"LS","gene+length","Pos_vs_Parental","SE","Tpd52",27,0.115,0,"chr3","-",9008610,9008637,1
"HsaEX7010863","TMEM184B",21,"LS","gene+length","KO_vs_Parental","SE","Tmem184b",21,-0.142,5.23319635343233e-06,"chr15","-",79247857,79247878,1
"HsaEX0046893","PHACTR4",24,"NonResponding","gene_only","KO_vs_Parental","SE","Phactr4",81,0.139,0.0161267577272056,"chr4","-",132110592,132110673,1
"HsaEX1046522","ABI2",18,"LS","gene+length","KO_vs_Parental","SE","Abi2",18,-0.192,0,"chr1","+",60478100,60478118,1
"HsaEX1015153","GALK2",12,"CR","gene_only","Neg_vs_Parental","SE","Galk2",136,0.194,0.0156035339710719,"chr2","+",125712245,125712381,1
