"comparison","GeneID","geneSymbol","chr","exonStart_0base","exonEnd","exon_length","IncLevelDifference","FDR"
"KO_vs_Neg","ENSMUSG00000031012","Cask","chrX",13462924,13462942,18,-0.208,0
"KO_vs_Neg","ENSMUSG00000024163","Mapk8ip3","chr17",25127384,25127402,18,-0.255,0
"KO_vs_Neg","ENSMUSG00000045983","Eif4g1","chr16",20493535,20493556,21,-0.224,0
"KO_vs_Neg","ENSMUSG00000009035","Tmem184b","chr15",79247857,79247878,21,-0.216,0
"KO_vs_Neg","ENSMUSG00000021427","Ssr1","chr13",38167070,38167085,15,-0.264,0
"KO_vs_Neg","ENSMUSG00000035954","Dock4","chr12",40844595,40844622,27,-0.155,0
"KO_vs_Neg","ENSMUSG00000049807","Arhgap23","chr11",97382469,97382492,23,-0.278,0
"KO_vs_Neg","ENSMUSG00000057541","Pus7","chr5",23968331,23968349,18,-0.351,0
"KO_vs_Neg","ENSMUSG00000003810","Mast2","chr4",116190609,116190630,21,-0.282,0
"KO_vs_Neg","ENSMUSG00000061306","Slc38a10","chr11",119999292,119999316,24,-0.207,0
"KO_vs_Neg","ENSMUSG00000028218","Cibar1","chr4",12169957,12169978,21,-0.147,0
"KO_vs_Neg","ENSMUSG00000028184","Adgrl2","chr3",148566062,148566074,12,-0.342,0
"KO_vs_Neg","ENSMUSG00000032826","Ank2","chr3",126772904,126772916,12,-0.322,0
"KO_vs_Neg","ENSMUSG00000039671","Zmynd8","chr2",165694787,165694799,12,-0.309,0
"KO_vs_Neg","ENSMUSG00000033392","Clasp2","chr9",113687648,113687672,24,-0.337,0
"KO_vs_Neg","ENSMUSG00000033392","Clasp2","chr9",113707817,113707841,24,-0.174,0
"KO_vs_Neg","ENSMUSG00000038365","Fbxo25","chr8",13988921,13988948,27,-0.2,0
"KO_vs_Neg","ENSMUSG00000037062","Sh3glb1","chr3",144405614,144405638,24,-0.181,0
"KO_vs_Neg","ENSMUSG00000045482","Trrap","chr5",144747141,144747162,21,-0.331,0
"KO_vs_Neg","ENSMUSG00000020231","Dip2a","chr10",76107209,76107239,30,-0.293,0
"KO_vs_Neg","ENSMUSG00000026782","Abi2","chr1",60478100,60478118,18,-0.283,0
"KO_vs_Neg","ENSMUSG00000016664","Pacsin2","chr15",83267823,83267829,6,-0.259,0
"KO_vs_Neg","ENSMUSG00000027523","Gnas","chr2",174169900,174169924,24,-0.192,0
"KO_vs_Neg","ENSMUSG00000024908","Ppp6r3","chr19",3509746,3509764,18,-0.23,0
"KO_vs_Neg","ENSMUSG00000027506","Tpd52","chr3",9008610,9008637,27,-0.48,0
"KO_vs_Neg","ENSMUSG00000036104","Rab3gap1","chr1",127869330,127869351,21,-0.286,0
"KO_vs_Neg","ENSMUSG00000028863","Meaf6","chr4",125001309,125001339,30,-0.124,0
"KO_vs_Neg","ENSMUSG00000028863","Meaf6","chr4",125001309,125001339,30,-0.202,0
"KO_vs_Neg","ENSMUSG00000001248","Gramd1a","chr7",30832644,30832656,12,-0.209,0
"KO_vs_Neg","ENSMUSG00000022329","Stk3","chr15",35115083,35115104,21,-0.16,0
"KO_vs_Neg","ENSMUSG00000027575","Arfgap1","chr2",180620204,180620234,30,-0.199,0
"KO_vs_Neg","ENSMUSG00000027799","Nbea","chr3",55901468,55901477,9,-0.284,0
"KO_vs_Neg","ENSMUSG00000040687","Madd","chr2",90971153,90971162,9,-0.262,0
"KO_vs_Neg","ENSMUSG00000045962","Wnk1","chr6",119905083,119905110,27,-0.108,0
"KO_vs_Neg","ENSMUSG00000031865","Dctn1","chr6",83160917,83160938,21,-0.255,0
"KO_vs_Neg","ENSMUSG00000031865","Dctn1","chr6",83174300,83174315,15,-0.196,0
"KO_vs_Neg","ENSMUSG00000005881","Ergic3","chr2",155857296,155857311,15,-0.292,0
"KO_vs_Neg","ENSMUSG00000031391","L1cam","chrX",72899257,72899269,12,-0.148,0
"KO_vs_Neg","ENSMUSG00000031391","L1cam","chrX",72910627,72910642,15,-0.105,0
"KO_vs_Neg","ENSMUSG00000029462","Vps29","chr5",122494856,122494868,12,-0.196,0
"KO_vs_Neg","ENSMUSG00000039361","Picalm","chr7",89843480,89843504,24,-0.187,0
"KO_vs_Neg","ENSMUSG00000004207","Psap","chr10",60133316,60133325,9,-0.238,0
"KO_vs_Neg","ENSMUSG00000037519","Ppfia1","chr7",144056603,144056633,30,-0.289,0
"KO_vs_Neg","ENSMUSG00000055013","Agap1","chr1",89538005,89538017,12,-0.223,0
"KO_vs_Neg","ENSMUSG00000031561","Tenm3","chr8",48740167,48740188,21,-0.247,0
"KO_vs_Neg","ENSMUSG00000118669","Arvcf","chr16",18219530,18219548,18,-0.258,0
"KO_vs_Neg","ENSMUSG00000034602","Mon2","chr10",122858990,122858993,3,-0.228,0
"KO_vs_Neg","ENSMUSG00000009079","Ewsr1","chr11",5041459,5041477,18,-0.255,0
"KO_vs_Neg","ENSMUSG00000026860","Sh3glb2","chr2",30239237,30239249,12,-0.33,0
"KO_vs_Neg","ENSMUSG00000020900","Myh10","chr11",68636760,68636790,30,-0.16,0
"KO_vs_Neg","ENSMUSG00000000631","Myo18a","chr11",77712355,77712376,21,-0.144,0
"KO_vs_Neg","ENSMUSG00000045983","Eif4g1","chr16",20493535,20493556,21,-0.108,1.84746841480953e-13
"KO_vs_Neg","ENSMUSG00000069601","Ank3","chr10",69816653,69816680,27,-0.316,5.78051064570614e-13
"KO_vs_Neg","ENSMUSG00000029148","Nrbp1","chr5",31403665,31403689,24,-0.154,6.18673836442836e-13
"KO_vs_Neg","ENSMUSG00000022770","Dlg1","chr16",31673485,31673506,21,-0.12,1.14373599348881e-12
"KO_vs_Neg","ENSMUSG00000009621","Vav2","chr2",27190441,27190456,15,-0.127,1.17911954709902e-12
"KO_vs_Neg","ENSMUSG00000009621","Vav2","chr2",27174850,27174865,15,-0.13,1.57248395422558e-12
"KO_vs_Neg","ENSMUSG00000032570","Atp2c1","chr9",105370741,105370753,12,-0.228,5.45443055800909e-12
"KO_vs_Neg","ENSMUSG00000040549","Ckap5","chr2",91429948,91429972,24,-0.208,7.30654711991868e-12
"KO_vs_Neg","ENSMUSG00000036529","Sbf1","chr15",89191374,89191398,24,-0.124,8.5328781078108e-12
"KO_vs_Neg","ENSMUSG00000038271","Iffo1","chr6",125128757,125128766,9,0.234,8.5328781078108e-12
"KO_vs_Neg","ENSMUSG00000070733","Fryl","chr5",73182113,73182131,18,-0.115,1.05069021476454e-11
"KO_vs_Neg","ENSMUSG00000003500","Impdh1","chr6",29201886,29201903,17,-0.106,1.14613573147781e-11
"KO_vs_Neg","ENSMUSG00000027692","Tnik","chr3",28679347,28679371,24,-0.201,1.23175881259333e-11
"KO_vs_Neg","ENSMUSG00000033419","Snap91","chr9",86680882,86680897,15,-0.258,1.3584525374501e-11
"KO_vs_Neg","ENSMUSG00000022377","Asap1","chr15",64025692,64025701,9,-0.153,3.38243500485521e-11
"KO_vs_Neg","ENSMUSG00000024381","Bin1","chr18",32562752,32562776,24,-0.317,9.67551075647787e-11
"KO_vs_Neg","ENSMUSG00000033392","Clasp2","chr9",113689187,113689205,18,0.276,1.10948209132054e-10
"KO_vs_Neg","ENSMUSG00000033382","Trappc8","chr18",20988877,20988895,18,-0.134,1.16157611189352e-10
"KO_vs_Neg","ENSMUSG00000000827","Tpd52l2","chr2",181152296,181152323,27,-0.172,1.40448697869395e-10
"KO_vs_Neg","ENSMUSG00000045962","Wnk1","chr6",119905083,119905110,27,-0.167,2.44679240431569e-10
"KO_vs_Neg","ENSMUSG00000036435","Exoc1","chr5",76688593,76688614,21,-0.278,2.85784889087982e-10
"KO_vs_Neg","ENSMUSG00000020859","Spag9","chr11",93970024,93970036,12,-0.135,4.33747547683961e-10
"KO_vs_Neg","ENSMUSG00000040964","Arhgef10l","chr4",140296066,140296081,15,0.12,5.84811348771669e-10
"KO_vs_Neg","ENSMUSG00000025050","Pcgf6","chr19",47030560,47030578,18,-0.279,7.61624122451094e-10
"KO_vs_Neg","ENSMUSG00000039860","Srrm3","chr5",135895980,135896000,20,-0.164,2.51495810936769e-09
"KO_vs_Neg","ENSMUSG00000034973","Dop1a","chr9",86388923,86388953,30,-0.342,3.06577304894883e-09
"KO_vs_Neg","ENSMUSG00000028863","Meaf6","chr4",125001309,125001339,30,-0.383,3.29604882823061e-09
"KO_vs_Neg","ENSMUSG00000026977","Marchf7","chr2",60077831,60077856,25,-0.207,3.30201275331523e-09
"KO_vs_Neg","ENSMUSG00000043019","Edem3","chr1",151688504,151688519,15,-0.16,5.75443665566205e-09
"KO_vs_Neg","ENSMUSG00000024603","Dctn4","chr18",60678428,60678449,21,-0.174,1.78902369267057e-08
"KO_vs_Neg","ENSMUSG00000010721","Lmbr1","chr5",29528799,29528822,23,0.332,4.17453369978869e-08
"KO_vs_Neg","ENSMUSG00000031502","Col4a1","chr8",11254535,11254552,17,-0.187,4.92938987635925e-08
"KO_vs_Neg","ENSMUSG00000024660","Incenp","chr19",9860555,9860567,12,-0.187,6.47168808224398e-08
"KO_vs_Neg","ENSMUSG00000055762","Eef1d","chr15",75777734,75777749,15,-0.114,9.19560273220305e-08
"KO_vs_Neg","ENSMUSG00000028078","Dclk2","chr3",86695928,86695941,13,-0.113,1.4489641181007e-07
"KO_vs_Neg","ENSMUSG00000029461","Fam168a","chr7",100467942,100467969,27,0.226,2.28717167978114e-07
"KO_vs_Neg","ENSMUSG00000027646","Src","chr2",157300762,157300780,18,-0.218,3.17014036092595e-07
"KO_vs_Neg","ENSMUSG00000034799","Unc13a","chr8",72119284,72119314,30,0.151,3.26822828186032e-07
"KO_vs_Neg","ENSMUSG00000064302","Clasp1","chr1",118469404,118469428,24,-0.137,3.52256422834034e-07
"KO_vs_Neg","ENSMUSG00000022722","Arl6","chr16",59439028,59439041,13,-0.152,3.74033361234717e-07
"KO_vs_Neg","ENSMUSG00000031824","6430548M08Rik","chr8",120884206,120884236,30,-0.223,3.78927906386595e-07
"KO_vs_Neg","ENSMUSG00000028524","Sgip1","chr4",102762761,102762773,12,-0.345,4.56587375021618e-07
"KO_vs_Neg","ENSMUSG00000015536","Mocs2","chr13",114961746,114961770,24,-0.412,4.84610702150202e-07
"KO_vs_Neg","ENSMUSG00000037533","Rapgef6","chr11",54542574,54542589,15,-0.263,7.48750719125912e-07
"KO_vs_Neg","ENSMUSG00000040537","Adam22","chr5",8136593,8136623,30,-0.157,9.65811629617483e-07
"KO_vs_Neg","ENSMUSG00000033083","Tbc1d4","chr14",101698134,101698137,3,-0.389,9.92512581055156e-07
"KO_vs_Neg","ENSMUSG00000018820","Zfyve27","chr19",42174058,42174079,21,-0.163,1.15371583328239e-06
"KO_vs_Neg","ENSMUSG00000013033","Adgrl1","chr8",84652890,84652905,15,-0.176,1.53364606434595e-06
"KO_vs_Neg","ENSMUSG00000024985","Tcf7l2","chr19",55916161,55916186,25,-0.307,1.69496479558512e-06
"KO_vs_Neg","ENSMUSG00000037697","Ddhd1","chr14",45866310,45866331,21,-0.262,1.85627400218482e-06
"KO_vs_Neg","ENSMUSG00000031314","Taf1","chrX",100634339,100634345,6,-0.158,2.15654782517105e-06
"KO_vs_Neg","ENSMUSG00000026049","Tex30","chr1",44130342,44130372,30,-0.253,2.67452075506746e-06
"KO_vs_Neg","ENSMUSG00000030172","Erc1","chr6",119711041,119711053,12,-0.162,4.57189503336278e-06
"KO_vs_Neg","ENSMUSG00000026768","Itga8","chr2",12198080,12198093,13,-0.331,5.24177501285652e-06
"KO_vs_Neg","ENSMUSG00000031558","Slit2","chr5",48378308,48378332,24,-0.349,6.85919487393402e-06
"KO_vs_Neg","ENSMUSG00000028524","Sgip1","chr4",102757722,102757734,12,-0.567,8.74456397774759e-06
"KO_vs_Neg","ENSMUSG00000057789","Bak1","chr17",27240636,27240656,20,-0.105,1.44763063529942e-05
"KO_vs_Neg","ENSMUSG00000031561","Tenm3","chr8",48766272,48766299,27,-0.142,1.84209524660517e-05
"KO_vs_Neg","ENSMUSG00000049550","Clip1","chr5",123719654,123719660,6,-0.12,1.87729181849722e-05
"KO_vs_Neg","ENSMUSG00000016624","Phf21b","chr15",84678096,84678119,23,-0.102,2.33183745853666e-05
"KO_vs_Neg","ENSMUSG00000069601","Ank3","chr10",69765276,69765288,12,-0.282,3.58513054050286e-05
"KO_vs_Neg","ENSMUSG00000028184","Adgrl2","chr3",148532847,148532874,27,-0.217,4.15260032063717e-05
"KO_vs_Neg","ENSMUSG00000040111","Gramd1b","chr9",40211735,40211747,12,-0.129,4.3831913840888e-05
"KO_vs_Neg","ENSMUSG00000025558","Dock9","chr14",121797806,121797812,6,-0.18,4.40409339649548e-05
"KO_vs_Neg","ENSMUSG00000064302","Clasp1","chr1",118440434,118440458,24,-0.511,4.53392879061824e-05
"KO_vs_Neg","ENSMUSG00000037519","Ppfia1","chr7",144042427,144042454,27,-0.103,5.19145191776284e-05
"KO_vs_Neg","ENSMUSG00000025006","Sorbs1","chr19",40371199,40371226,27,-0.227,5.51438235355504e-05
"KO_vs_Neg","ENSMUSG00000034908","Sidt2","chr9",45858838,45858850,12,-0.139,6.71696024841429e-05
"KO_vs_Neg","ENSMUSG00000024985","Tcf7l2","chr19",55916161,55916186,25,-0.253,7.38671313274315e-05
"KO_vs_Neg","ENSMUSG00000033902","Mapkbp1","chr2",119843781,119843799,18,-0.135,9.07482972994859e-05
"KO_vs_Neg","ENSMUSG00000048078","Tenm4","chr7",96503923,96503944,21,-0.109,9.18234818925705e-05
"KO_vs_Neg","ENSMUSG00000024985","Tcf7l2","chr19",55916161,55916186,25,-0.256,9.49584169245262e-05
"KO_vs_Neg","ENSMUSG00000024349","Sting1","chr18",35872977,35873001,24,-0.298,0.000110379873206579
"KO_vs_Neg","ENSMUSG00000024381","Bin1","chr18",32562752,32562776,24,-0.387,0.00012130085239439
"KO_vs_Neg","ENSMUSG00000047193","Dync2h1","chr9",7045348,7045369,21,-0.182,0.000141459366264083
"KO_vs_Neg","ENSMUSG00000020111","Micu1","chr10",59602905,59602911,6,-0.404,0.000167108766753156
"KO_vs_Neg","ENSMUSG00000041439","Mfsd6","chr1",52697857,52697882,25,-0.173,0.000198872229382038
"KO_vs_Neg","ENSMUSG00000034621","Gpatch8","chr11",102422138,102422156,18,-0.128,0.00023775378055292
"KO_vs_Neg","ENSMUSG00000063919","Srrm4","chr5",116592731,116592747,16,-0.142,0.000285361628026205
"KO_vs_Neg","ENSMUSG00000055762","Eef1d","chr15",75777734,75777749,15,-0.109,0.000413012812043359
"KO_vs_Neg","ENSMUSG00000040265","Dnm3","chr1",161872954,161872966,12,-0.456,0.000758495725036617
"KO_vs_Neg","ENSMUSG00000024381","Bin1","chr18",32562752,32562776,24,-0.156,0.000825339132136487
"KO_vs_Neg","ENSMUSG00000062785","Kcnc3","chr7",44247013,44247043,30,-0.139,0.000906739352620324
"KO_vs_Neg","ENSMUSG00000029462","Vps29","chr5",122494856,122494868,12,-0.167,0.00111725047593559
"KO_vs_Neg","ENSMUSG00000020407","Upp1","chr11",9068630,9068660,30,0.313,0.00118865912912121
"KO_vs_Neg","ENSMUSG00000020717","Pecam1","chr11",106552827,106552850,23,-0.246,0.00153731264192957
"KO_vs_Neg","ENSMUSG00000022607","Ptk2","chr15",73154066,73154084,18,-0.114,0.00156299363649623
"KO_vs_Neg","ENSMUSG00000026113","Inpp4a","chr1",37413355,37413370,15,-0.183,0.00163289301585616
"KO_vs_Neg","ENSMUSG00000058571","Gpc6","chr14",118129753,118129783,30,-0.207,0.00198845142527508
"KO_vs_Neg","ENSMUSG00000033918","Parl","chr16",20101673,20101681,8,-0.183,0.00202263063768267
"KO_vs_Neg","ENSMUSG00000037697","Ddhd1","chr14",45866310,45866331,21,-0.121,0.00207726519237665
"KO_vs_Neg","ENSMUSG00000043831","Lysmd4","chr7",66874123,66874149,26,-0.154,0.00214020951838361
"KO_vs_Neg","ENSMUSG00000030592","Ryr1","chr7",28744343,28744361,18,-0.163,0.00247436932244443
"KO_vs_Neg","ENSMUSG00000031865","Dctn1","chr6",83160917,83160938,21,-0.102,0.00251280893762989
"KO_vs_Neg","ENSMUSG00000075415","Fnbp1","chr2",30934893,30934908,15,-0.13,0.00340338440646924
"KO_vs_Neg","ENSMUSG00000034574","Daam1","chr12",72005520,72005547,27,-0.115,0.00354515186673421
"KO_vs_Neg","ENSMUSG00000055762","Eef1d","chr15",75777734,75777749,15,-0.172,0.00416601768775506
"KO_vs_Neg","ENSMUSG00000037519","Ppfia1","chr7",144042427,144042454,27,-0.212,0.0046656695693523
"KO_vs_Neg","ENSMUSG00000020598","Nrcam","chr12",44581839,44581857,18,-0.103,0.00486288678443971
"KO_vs_Neg","ENSMUSG00000003863","Ppfia3","chr7",44992976,44993003,27,-0.151,0.00487948981387696
"KO_vs_Neg","ENSMUSG00000024581","Napg","chr18",63116444,63116462,18,0.174,0.00514096686757941
"KO_vs_Neg","ENSMUSG00000017740","Slc12a5","chr2",164838783,164838798,15,-0.116,0.00534648850762245
"KO_vs_Neg","ENSMUSG00000029629","Phf14","chr6",12047123,12047153,30,0.129,0.00568900948867267
"KO_vs_Neg","ENSMUSG00000037519","Ppfia1","chr7",144042427,144042454,27,-0.319,0.00949241351047431
"KO_vs_Neg","ENSMUSG00000038738","Shank1","chr7",43993721,43993745,24,-0.412,0.0113484540203796
"KO_vs_Neg","ENSMUSG00000030672","Mylpf","chr7",126810920,126810935,15,-0.104,0.0115221575572799
"KO_vs_Neg","ENSMUSG00000041936","Agrn","chr4",156253002,156253026,24,-0.34,0.0119276200088191
"KO_vs_Neg","ENSMUSG00000064302","Clasp1","chr1",118451050,118451077,27,-0.141,0.0126264667523349
"KO_vs_Neg","ENSMUSG00000037519","Ppfia1","chr7",144042427,144042454,27,-0.142,0.0126401968737011
"KO_vs_Neg","ENSMUSG00000031865","Dctn1","chr6",83160917,83160938,21,-0.167,0.0130116416078201
"KO_vs_Neg","ENSMUSG00000046311","Zfp62","chr11",49095277,49095302,25,-0.15,0.0134605019273338
"KO_vs_Neg","ENSMUSG00000040940","Arhgef1","chr7",24617944,24617956,12,-0.104,0.0137489998888895
"KO_vs_Neg","ENSMUSG00000045962","Wnk1","chr6",119905083,119905110,27,-0.363,0.015461084253138
"KO_vs_Neg","ENSMUSG00000037126","Psd","chr19",46314605,46314621,16,0.167,0.0157337401514619
"KO_vs_Neg","ENSMUSG00000057531","Dtnbp1","chr13",45106647,45106670,23,-0.114,0.0160393049056953
"KO_vs_Neg","ENSMUSG00000021071","Trim9","chr12",70314007,70314037,30,-0.124,0.0200062789161027
"KO_vs_Neg","ENSMUSG00000022770","Dlg1","chr16",31673485,31673506,21,0.104,0.024514981157809
"KO_vs_Neg","ENSMUSG00000020859","Spag9","chr11",93970024,93970036,12,-0.2,0.0245857504547019
"KO_vs_Neg","ENSMUSG00000032480","Dhx30","chr9",109937008,109937037,29,0.147,0.0267592997654952
"KO_vs_Neg","ENSMUSG00000027071","P2rx3","chr2",84862864,84862891,27,0.112,0.0317491235553265
"KO_vs_Neg","ENSMUSG00000028033","Kcnq5","chr1",21536606,21536633,27,-0.225,0.0352042772059307
"KO_vs_Neg","ENSMUSG00000060002","Chpt1","chr10",88317214,88317241,27,-0.187,0.0360085409179483
"KO_vs_Neg","ENSMUSG00000026113","Inpp4a","chr1",37413352,37413370,18,-0.101,0.040880943796105
"KO_vs_Parental","ENSMUSG00000026782","Abi2","chr1",60478100,60478118,18,-0.192,0
"KO_vs_Parental","ENSMUSG00000031391","L1cam","chrX",72899257,72899269,12,-0.15,0
"KO_vs_Parental","ENSMUSG00000004207","Psap","chr10",60133316,60133325,9,-0.169,0
"KO_vs_Parental","ENSMUSG00000028863","Meaf6","chr4",125001309,125001339,30,-0.103,2.02282635086675e-13
"KO_vs_Parental","ENSMUSG00000057541","Pus7","chr5",23968331,23968349,18,-0.241,1.18875685550730e-12
"KO_vs_Parental","ENSMUSG00000041936","Agrn","chr4",156254002,156254014,12,-0.114,2.71957764949863e-11
"KO_vs_Parental","ENSMUSG00000038271","Iffo1","chr6",125128757,125128766,9,0.212,4.14906097984441e-11
"KO_vs_Parental","ENSMUSG00000038365","Fbxo25","chr8",13988921,13988948,27,-0.151,1.79479908582424e-09
"KO_vs_Parental","ENSMUSG00000037062","Sh3glb1","chr3",144405614,144405638,24,-0.128,3.70255676578016e-09
"KO_vs_Parental","ENSMUSG00000040354","Mars1","chr10",127132585,127132609,24,-0.141,6.08886163483443e-09
"KO_vs_Parental","ENSMUSG00000027506","Tpd52","chr3",9008610,9008637,27,-0.167,4.35077212331642e-07
"KO_vs_Parental","ENSMUSG00000034799","Unc13a","chr8",72119284,72119314,30,0.148,5.14325206225925e-07
"KO_vs_Parental","ENSMUSG00000016664","Pacsin2","chr15",83267823,83267829,6,-0.127,2.68699662676668e-06
"KO_vs_Parental","ENSMUSG00000031865","Dctn1","chr6",83174300,83174315,15,-0.134,2.90781419855577e-06
"KO_vs_Parental","ENSMUSG00000009035","Tmem184b","chr15",79247857,79247878,21,-0.142,5.23319635343233e-06
"KO_vs_Parental","ENSMUSG00000033083","Tbc1d4","chr14",101698134,101698137,3,-0.29,8.50099271685382e-06
"KO_vs_Parental","ENSMUSG00000022635","Zcrb1","chr15",93293467,93293496,29,-0.371,8.50099271685382e-06
"KO_vs_Parental","ENSMUSG00000030231","Plekha5","chr6",140482731,140482749,18,0.108,9.72253761539212e-06
"KO_vs_Parental","ENSMUSG00000024349","Sting1","chr18",35872977,35873001,24,-0.354,9.85710703348617e-06
"KO_vs_Parental","ENSMUSG00000033392","Clasp2","chr9",113707817,113707841,24,-0.116,1.23075016092454e-05
"KO_vs_Parental","ENSMUSG00000055013","Agap1","chr1",89538005,89538017,12,-0.128,1.35832390990953e-05
"KO_vs_Parental","ENSMUSG00000005881","Ergic3","chr2",155857296,155857311,15,-0.123,1.68970967297462e-05
"KO_vs_Parental","ENSMUSG00000028184","Adgrl2","chr3",148566062,148566074,12,-0.2,2.75212031095613e-05
"KO_vs_Parental","ENSMUSG00000034621","Gpatch8","chr11",102422138,102422156,18,-0.133,5.81428934292745e-05
"KO_vs_Parental","ENSMUSG00000004980","Hnrnpa2b1","chr6",51441407,51441431,24,-0.109,6.62101601546216e-05
"KO_vs_Parental","ENSMUSG00000025050","Pcgf6","chr19",47030560,47030578,18,-0.239,8.02260841651831e-05
"KO_vs_Parental","ENSMUSG00000024985","Tcf7l2","chr19",55916161,55916186,25,-0.261,8.31582603574912e-05
"KO_vs_Parental","ENSMUSG00000026860","Sh3glb2","chr2",30239237,30239249,12,-0.102,8.35987223704826e-05
"KO_vs_Parental","ENSMUSG00000024163","Mapk8ip3","chr17",25127384,25127402,18,-0.106,8.71200588607524e-05
"KO_vs_Parental","ENSMUSG00000037519","Ppfia1","chr7",144042427,144042454,27,-0.354,0.000102816352853368
"KO_vs_Parental","ENSMUSG00000024985","Tcf7l2","chr19",55916161,55916186,25,-0.23,0.000144925292810683
"KO_vs_Parental","ENSMUSG00000017740","Slc12a5","chr2",164838783,164838798,15,-0.139,0.000156906897602068
"KO_vs_Parental","ENSMUSG00000045962","Wnk1","chr6",119905083,119905110,27,-0.124,0.000204056324386081
"KO_vs_Parental","ENSMUSG00000033392","Clasp2","chr9",113689187,113689205,18,0.156,0.000383058860733669
"KO_vs_Parental","ENSMUSG00000024660","Incenp","chr19",9860555,9860567,12,-0.139,0.000413627253948577
"KO_vs_Parental","ENSMUSG00000068329","Htra2","chr6",83029678,83029707,29,-0.108,0.000580175684369423
"KO_vs_Parental","ENSMUSG00000037126","Psd","chr19",46314605,46314621,16,0.306,0.000580795420531676
"KO_vs_Parental","ENSMUSG00000028863","Meaf6","chr4",125001309,125001339,30,-0.129,0.000996979237635412
"KO_vs_Parental","ENSMUSG00000021427","Ssr1","chr13",38167070,38167085,15,-0.108,0.00103622076099931
"KO_vs_Parental","ENSMUSG00000031558","Slit2","chr5",48378308,48378332,24,-0.22,0.00109996440603661
"KO_vs_Parental","ENSMUSG00000039671","Zmynd8","chr2",165694787,165694799,12,-0.103,0.00121419725215528
"KO_vs_Parental","ENSMUSG00000028078","Dclk2","chr3",86695928,86695941,13,0.237,0.00138547240036193
"KO_vs_Parental","ENSMUSG00000027201","Myef2","chr2",124929596,124929623,27,-0.139,0.00155854391235661
"KO_vs_Parental","ENSMUSG00000040687","Madd","chr2",90971153,90971162,9,-0.119,0.00165392342550515
"KO_vs_Parental","ENSMUSG00000020231","Dip2a","chr10",76107209,76107239,30,-0.125,0.00172773960048172
"KO_vs_Parental","ENSMUSG00000062785","Kcnc3","chr7",44247013,44247043,30,0.435,0.00216674875329145
"KO_vs_Parental","ENSMUSG00000048078","Tenm4","chr7",96503923,96503944,21,-0.12,0.00293531458603236
"KO_vs_Parental","ENSMUSG00000034602","Mon2","chr10",122858990,122858993,3,-0.123,0.00305786624407419
"KO_vs_Parental","ENSMUSG00000069601","Ank3","chr10",69816653,69816680,27,-0.129,0.00320802029789536
"KO_vs_Parental","ENSMUSG00000027071","P2rx3","chr2",84862864,84862891,27,-0.331,0.00355553083615883
"KO_vs_Parental","ENSMUSG00000040549","Ckap5","chr2",91429948,91429972,24,-0.11,0.00403930666762491
"KO_vs_Parental","ENSMUSG00000037032","Apbb1","chr7",105217825,105217838,13,0.122,0.00420325618263272
"KO_vs_Parental","ENSMUSG00000055296","Tmem245","chr4",56922386,56922410,24,-0.118,0.00522775807558244
"KO_vs_Parental","ENSMUSG00000032826","Ank2","chr3",126772904,126772916,12,-0.184,0.00608290220861478
"KO_vs_Parental","ENSMUSG00000071291","Zfp58","chr13",67644303,67644330,27,-0.117,0.00675526133378442
"KO_vs_Parental","ENSMUSG00000013033","Adgrl1","chr8",84652890,84652905,15,-0.112,0.00951857003732209
"KO_vs_Parental","ENSMUSG00000033768","Nrxn2","chr19",6498284,6498314,30,0.25,0.0100050187765785
"KO_vs_Parental","ENSMUSG00000031865","Dctn1","chr6",83163409,83163427,18,0.142,0.0107254087596252
"KO_vs_Parental","ENSMUSG00000020300","Cpeb4","chr11",31868800,31868824,24,0.122,0.0124957994528287
"KO_vs_Parental","ENSMUSG00000087380","2210408F21Rik","chr6",31305266,31305295,29,-0.202,0.0156336776689927
"KO_vs_Parental","ENSMUSG00000057531","Dtnbp1","chr13",45106647,45106670,23,-0.114,0.0171101245796303
"KO_vs_Parental","ENSMUSG00000060002","Chpt1","chr10",88317214,88317241,27,-0.182,0.0171960729853986
"KO_vs_Parental","ENSMUSG00000036591","Arhgap21","chr2",20888010,20888040,30,0.109,0.0259022052114803
"KO_vs_Parental","ENSMUSG00000031824","6430548M08Rik","chr8",120884206,120884236,30,-0.121,0.0274146668240237
"KO_vs_Parental","ENSMUSG00000024983","Vti1a","chr19",55375620,55375641,21,0.133,0.028565428913202
"KO_vs_Parental","ENSMUSG00000021198","Unc79","chr12",103016153,103016182,29,0.207,0.0295964181947837
"KO_vs_Parental","ENSMUSG00000030592","Ryr1","chr7",28816632,28816653,21,-0.234,0.0417691578307347
"KO_vs_Parental","ENSMUSG00000034973","Dop1a","chr9",86388923,86388953,30,-0.147,0.0430694033484026
"KO_vs_Parental","ENSMUSG00000020882","Cacnb1","chr11",97901452,97901472,20,-0.341,0.0495735485107121
"KO_vs_Pos","ENSMUSG00000025290","Rps24","chr14",24544119,24544137,18,0.33,0
"KO_vs_Pos","ENSMUSG00000052632","Asap2","chr12",21264362,21264371,9,0.169,0
"KO_vs_Pos","ENSMUSG00000019302","Atp6v0a1","chr11",100940284,100940302,18,0.136,0
"KO_vs_Pos","ENSMUSG00000039671","Zmynd8","chr2",165694787,165694799,12,-0.237,0
"KO_vs_Pos","ENSMUSG00000026131","Dst","chr1",34335822,34335840,18,0.14,0
"KO_vs_Pos","ENSMUSG00000033295","Ptprf","chr4",118085015,118085042,27,0.105,0
"KO_vs_Pos","ENSMUSG00000057738","Sptan1","chr2",29904169,29904184,15,0.172,0
"KO_vs_Pos","ENSMUSG00000027506","Tpd52","chr3",9008610,9008637,27,-0.13,0
"KO_vs_Pos","ENSMUSG00000063077","Kif1b","chr4",149349801,149349819,18,0.12,0
"KO_vs_Pos","ENSMUSG00000030557","Mef2a","chr7",66894268,66894292,24,0.206,0
"KO_vs_Pos","ENSMUSG00000026860","Sh3glb2","chr2",30236070,30236085,15,0.118,0
"KO_vs_Pos","ENSMUSG00000027506","Tpd52","chr3",9008610,9008637,27,-0.16,2.04873155477467e-13
"KO_vs_Pos","ENSMUSG00000038271","Iffo1","chr6",125128757,125128766,9,0.23,2.04873155477467e-13
"KO_vs_Pos","ENSMUSG00000001419","Mef2d","chr3",88069087,88069108,21,0.11,1.93605131925998e-12
"KO_vs_Pos","ENSMUSG00000033392","Clasp2","chr9",113689187,113689205,18,0.256,5.28013996162569e-12
"KO_vs_Pos","ENSMUSG00000031502","Col4a1","chr8",11254535,11254552,17,0.193,9.80689522266303e-12
"KO_vs_Pos","ENSMUSG00000022558","Mroh1","chr15",76316571,76316598,27,0.117,9.70524346245658e-11
"KO_vs_Pos","ENSMUSG00000022377","Asap1","chr15",64025692,64025701,9,0.11,3.53194255451477e-10
"KO_vs_Pos","ENSMUSG00000029461","Fam168a","chr7",100467942,100467969,27,0.289,3.79158748842058e-10
"KO_vs_Pos","ENSMUSG00000027002","Nckap1","chr2",80401556,80401574,18,0.103,5.06196751182027e-10
"KO_vs_Pos","ENSMUSG00000040964","Arhgef10l","chr4",140296066,140296081,15,0.117,5.06196751182027e-10
"KO_vs_Pos","ENSMUSG00000029462","Vps29","chr5",122494856,122494868,12,-0.146,1.607742794071e-09
"KO_vs_Pos","ENSMUSG00000061306","Slc38a10","chr11",119999292,119999316,24,-0.111,4.79821281644661e-09
"KO_vs_Pos","ENSMUSG00000057789","Bak1","chr17",27240636,27240656,20,0.214,5.19596977601666e-09
"KO_vs_Pos","ENSMUSG00000118669","Arvcf","chr16",18219530,18219548,18,-0.164,1.36697587837454e-08
"KO_vs_Pos","ENSMUSG00000028649","Macf1","chr4",123257849,123257867,18,0.111,3.94699255713016e-08
"KO_vs_Pos","ENSMUSG00000025266","Gnl3l","chrX",149787266,149787281,15,0.105,4.9474370156212e-08
"KO_vs_Pos","ENSMUSG00000026782","Abi2","chr1",60478100,60478118,18,-0.128,1.97776564662084e-07
"KO_vs_Pos","ENSMUSG00000039298","Cdk5rap2","chr4",70165184,70165211,27,0.207,2.93543476727841e-07
"KO_vs_Pos","ENSMUSG00000037519","Ppfia1","chr7",144056603,144056633,30,-0.195,9.60246863571366e-07
"KO_vs_Pos","ENSMUSG00000010721","Lmbr1","chr5",29528799,29528822,23,0.35,1.18548075497208e-06
"KO_vs_Pos","ENSMUSG00000033392","Clasp2","chr9",113687648,113687672,24,-0.175,1.28877255820974e-06
"KO_vs_Pos","ENSMUSG00000025650","Col7a1","chr9",108794117,108794144,27,0.16,4.21616729542119e-06
"KO_vs_Pos","ENSMUSG00000060373","Hnrnpc","chr14",52335471,52335497,26,-0.113,4.35640507835712e-06
"KO_vs_Pos","ENSMUSG00000064302","Clasp1","chr1",118469404,118469428,24,-0.127,5.13835540335706e-06
"KO_vs_Pos","ENSMUSG00000049807","Arhgap23","chr11",97382469,97382492,23,-0.159,5.62303009055214e-06
"KO_vs_Pos","ENSMUSG00000057541","Pus7","chr5",23968331,23968349,18,-0.156,6.59331727489156e-06
"KO_vs_Pos","ENSMUSG00000051166","Eml5","chr12",98787858,98787873,15,0.17,1.26244727170216e-05
"KO_vs_Pos","ENSMUSG00000033419","Snap91","chr9",86680882,86680897,15,-0.133,2.74577993398122e-05
"KO_vs_Pos","ENSMUSG00000039361","Picalm","chr7",89843480,89843504,24,0.119,3.44884039626834e-05
"KO_vs_Pos","ENSMUSG00000027799","Nbea","chr3",55901468,55901477,9,-0.165,6.97437709647868e-05
"KO_vs_Pos","ENSMUSG00000041890","Git2","chr5",114891208,114891214,6,0.134,7.04626229573355e-05
"KO_vs_Pos","ENSMUSG00000009621","Vav2","chr2",27190441,27190456,15,0.124,7.23755642427545e-05
"KO_vs_Pos","ENSMUSG00000034799","Unc13a","chr8",72119284,72119314,30,0.123,7.5125191792531e-05
"KO_vs_Pos","ENSMUSG00000036435","Exoc1","chr5",76688593,76688614,21,-0.212,8.02070186201684e-05
"KO_vs_Pos","ENSMUSG00000036473","Tbc1d24","chr17",24403354,24403372,18,0.137,0.000235584340743401
"KO_vs_Pos","ENSMUSG00000032525","Nktr","chr9",121559062,121559090,28,0.15,0.000237585224407376
"KO_vs_Pos","ENSMUSG00000013033","Adgrl1","chr8",84652890,84652905,15,-0.147,0.000258965820401399
"KO_vs_Pos","ENSMUSG00000036104","Rab3gap1","chr1",127869330,127869351,21,-0.13,0.00030251663927304
"KO_vs_Pos","ENSMUSG00000062785","Kcnc3","chr7",44247013,44247043,30,-0.167,0.000335518293043425
"KO_vs_Pos","ENSMUSG00000028273","Pdlim5","chr3",142012044,142012059,15,0.417,0.000425141976348309
"KO_vs_Pos","ENSMUSG00000031558","Slit2","chr5",48378308,48378332,24,-0.233,0.000447017155206141
"KO_vs_Pos","ENSMUSG00000027692","Tnik","chr3",28679347,28679371,24,-0.136,0.000484694570916778
"KO_vs_Pos","ENSMUSG00000020231","Dip2a","chr10",76107209,76107239,30,-0.115,0.00126562538547532
"KO_vs_Pos","ENSMUSG00000006649","Nphs1","chr7",30181066,30181091,25,0.177,0.00133586370436443
"KO_vs_Pos","ENSMUSG00000057440","Mpp7","chr18",7430394,7430415,21,-0.154,0.00151008825560723
"KO_vs_Pos","ENSMUSG00000056602","Fry","chr5",150384853,150384862,9,0.105,0.00173278994638492
"KO_vs_Pos","ENSMUSG00000024985","Tcf7l2","chr19",55916161,55916186,25,-0.21,0.00191471572376007
"KO_vs_Pos","ENSMUSG00000064302","Clasp1","chr1",118440434,118440458,24,-0.444,0.00197540200350367
"KO_vs_Pos","ENSMUSG00000031561","Tenm3","chr8",48740167,48740188,21,-0.109,0.00204976177004206
"KO_vs_Pos","ENSMUSG00000022635","Zcrb1","chr15",93293467,93293496,29,-0.314,0.00215598778348523
"KO_vs_Pos","ENSMUSG00000003352","Cacnb3","chr15",98538839,98538859,20,0.117,0.00236871669007652
"KO_vs_Pos","ENSMUSG00000025006","Sorbs1","chr19",40371199,40371226,27,-0.133,0.00269746484454433
"KO_vs_Pos","ENSMUSG00000020859","Spag9","chr11",93971565,93971580,15,-0.26,0.00450809770771871
"KO_vs_Pos","ENSMUSG00000020111","Micu1","chr10",59602905,59602911,6,-0.342,0.00624891011595724
"KO_vs_Pos","ENSMUSG00000063919","Srrm4","chr5",116592731,116592747,16,-0.108,0.00658628004698489
"KO_vs_Pos","ENSMUSG00000033419","Snap91","chr9",86680882,86680897,15,0.106,0.00751420363173312
"KO_vs_Pos","ENSMUSG00000033918","Parl","chr16",20101673,20101681,8,-0.179,0.00819929087142175
"KO_vs_Pos","ENSMUSG00000037032","Apbb1","chr7",105217825,105217838,13,0.111,0.00832141057289344
"KO_vs_Pos","ENSMUSG00000042632","Pla2g6","chr15",79187773,79187802,29,0.156,0.0111211380704494
"KO_vs_Pos","ENSMUSG00000037519","Ppfia1","chr7",144042427,144042454,27,-0.129,0.0131647435875794
"KO_vs_Pos","ENSMUSG00000022377","Asap1","chr15",64025692,64025701,9,0.137,0.0137755276680777
"KO_vs_Pos","ENSMUSG00000032735","Ablim3","chr18",61938707,61938715,8,0.145,0.0145062436963107
"KO_vs_Pos","ENSMUSG00000029060","Mib2","chr4",155739708,155739727,19,0.137,0.01455618333438
"KO_vs_Pos","ENSMUSG00000057531","Dtnbp1","chr13",45106647,45106670,23,-0.114,0.0174765318238545
"KO_vs_Pos","ENSMUSG00000028078","Dclk2","chr3",86695928,86695941,13,0.165,0.019261347768237
"KO_vs_Pos","ENSMUSG00000029055","Plch2","chr4",155069822,155069849,27,-0.151,0.0219012197497392
"KO_vs_Pos","ENSMUSG00000046311","Zfp62","chr11",49095277,49095302,25,-0.114,0.0249979754130578
"KO_vs_Pos","ENSMUSG00000096054","Syne1","chr10",5376254,5376275,21,0.134,0.0250137391122041
"KO_vs_Pos","ENSMUSG00000037697","Ddhd1","chr14",45866310,45866331,21,-0.169,0.0278136008282746
"KO_vs_Pos","ENSMUSG00000069601","Ank3","chr10",69816653,69816680,27,-0.112,0.0310822018524838
"KO_vs_Pos","ENSMUSG00000050373","Snx21","chr2",164633477,164633488,11,0.142,0.0404235986790244
"KO_vs_Pos","ENSMUSG00000018501","Ncor1","chr11",62294261,62294288,27,-0.108,0.0438862494201937
"KO_vs_Pos","ENSMUSG00000028524","Sgip1","chr4",102757722,102757734,12,-0.19,0.045290102711449
"KO_vs_Pos","ENSMUSG00000037519","Ppfia1","chr7",144042427,144042454,27,-0.169,0.0455830283827774
"KO_vs_Pos","ENSMUSG00000060002","Chpt1","chr10",88317214,88317241,27,-0.269,0.0483641062517397
"Neg_vs_Parental","ENSMUSG00000031012","Cask","chrX",13462924,13462942,18,0.169,0
"Neg_vs_Parental","ENSMUSG00000024163","Mapk8ip3","chr17",25127384,25127402,18,0.149,0
"Neg_vs_Parental","ENSMUSG00000036529","Sbf1","chr15",89191374,89191398,24,0.134,0
"Neg_vs_Parental","ENSMUSG00000035954","Dock4","chr12",40844595,40844622,27,0.164,0
"Neg_vs_Parental","ENSMUSG00000003810","Mast2","chr4",116190609,116190630,21,0.248,0
"Neg_vs_Parental","ENSMUSG00000061306","Slc38a10","chr11",119999292,119999316,24,0.174,0
"Neg_vs_Parental","ENSMUSG00000024908","Ppp6r3","chr19",3509746,3509764,18,0.211,0
"Neg_vs_Parental","ENSMUSG00000001248","Gramd1a","chr7",30832644,30832656,12,0.183,0
"Neg_vs_Parental","ENSMUSG00000031865","Dctn1","chr6",83160917,83160938,21,0.262,0
"Neg_vs_Parental","ENSMUSG00000005881","Ergic3","chr2",155857296,155857311,15,0.169,0
"Neg_vs_Parental","ENSMUSG00000009079","Ewsr1","chr11",5041459,5041477,18,0.222,0
"Neg_vs_Parental","ENSMUSG00000026860","Sh3glb2","chr2",30239237,30239249,12,0.228,1.00380021755475e-13
"Neg_vs_Parental","ENSMUSG00000045983","Eif4g1","chr16",20493535,20493556,21,0.166,1.83302648422216e-13
"Neg_vs_Parental","ENSMUSG00000027799","Nbea","chr3",55901468,55901477,9,0.201,1.83302648422216e-13
"Neg_vs_Parental","ENSMUSG00000049807","Arhgap23","chr11",97382469,97382492,23,0.228,8.00498907670246e-13
"Neg_vs_Parental","ENSMUSG00000016346","Kcnq2","chr2",180745434,180745464,30,0.153,1.25008143371497e-12
"Neg_vs_Parental","ENSMUSG00000039671","Zmynd8","chr2",165694787,165694799,12,0.206,2.98823603224726e-12
"Neg_vs_Parental","ENSMUSG00000037519","Ppfia1","chr7",144056603,144056633,30,0.265,7.93719172020803e-12
"Neg_vs_Parental","ENSMUSG00000004980","Hnrnpa2b1","chr6",51441407,51441431,24,-0.167,1.60289999095546e-11
"Neg_vs_Parental","ENSMUSG00000045482","Trrap","chr5",144747141,144747162,21,0.291,2.55299855330539e-11
"Neg_vs_Parental","ENSMUSG00000031314","Taf1","chrX",100634339,100634345,6,0.201,5.80152882256624e-11
"Neg_vs_Parental","ENSMUSG00000118669","Arvcf","chr16",18219530,18219548,18,0.166,7.88857169241047e-11
"Neg_vs_Parental","ENSMUSG00000027523","Gnas","chr2",174169900,174169924,24,0.15,8.39408628074766e-11
"Neg_vs_Parental","ENSMUSG00000022329","Stk3","chr15",35115083,35115104,21,0.135,2.32344502416303e-10
"Neg_vs_Parental","ENSMUSG00000031561","Tenm3","chr8",48740167,48740188,21,0.191,3.21771505736489e-10
"Neg_vs_Parental","ENSMUSG00000041609","Bicdl1","chr5",115810202,115810214,12,0.126,2.96143813022664e-09
"Neg_vs_Parental","ENSMUSG00000003863","Ppfia3","chr7",44992976,44993003,27,0.239,5.1877029221982e-09
"Neg_vs_Parental","ENSMUSG00000016664","Pacsin2","chr15",83267823,83267829,6,0.132,1.47590581058568e-08
"Neg_vs_Parental","ENSMUSG00000021427","Ssr1","chr13",38167070,38167085,15,0.156,2.10734500767394e-08
"Neg_vs_Parental","ENSMUSG00000027692","Tnik","chr3",28679347,28679371,24,0.176,3.79978041575934e-08
"Neg_vs_Parental","ENSMUSG00000039361","Picalm","chr7",89843480,89843504,24,0.118,1.15267724231651e-07
"Neg_vs_Parental","ENSMUSG00000033392","Clasp2","chr9",113687648,113687672,24,0.252,1.26060491336164e-07
"Neg_vs_Parental","ENSMUSG00000024603","Dctn4","chr18",60678428,60678449,21,0.164,2.36488905850054e-07
"Neg_vs_Parental","ENSMUSG00000026977","Marchf7","chr2",60077831,60077856,25,0.187,2.84857067591192e-07
"Neg_vs_Parental","ENSMUSG00000027506","Tpd52","chr3",9008610,9008637,27,0.314,4.42357879944787e-07
"Neg_vs_Parental","ENSMUSG00000036104","Rab3gap1","chr1",127869330,127869351,21,0.191,7.9279837253698e-07
"Neg_vs_Parental","ENSMUSG00000040354","Mars1","chr10",127132585,127132609,24,-0.123,8.84120397101463e-07
"Neg_vs_Parental","ENSMUSG00000028078","Dclk2","chr3",86695928,86695941,13,0.107,9.02838700735828e-07
"Neg_vs_Parental","ENSMUSG00000029461","Fam168a","chr7",100467942,100467969,27,-0.191,1.19363993167714e-06
"Neg_vs_Parental","ENSMUSG00000029148","Nrbp1","chr5",31403665,31403689,24,0.114,1.54455389076641e-06
"Neg_vs_Parental","ENSMUSG00000036435","Exoc1","chr5",76688593,76688614,21,0.252,1.58910376195037e-06
"Neg_vs_Parental","ENSMUSG00000041977","Arhgef11","chr3",87625535,87625565,30,0.146,2.78873270258153e-06
"Neg_vs_Parental","ENSMUSG00000059436","Max","chr12",77008036,77008063,27,0.148,3.18154548488872e-06
"Neg_vs_Parental","ENSMUSG00000034908","Sidt2","chr9",45858838,45858850,12,0.156,5.41086159805272e-06
"Neg_vs_Parental","ENSMUSG00000032570","Atp2c1","chr9",105370741,105370753,12,0.168,5.43819269842008e-06
"Neg_vs_Parental","ENSMUSG00000048078","Tenm4","chr7",96454311,96454338,27,0.102,6.02621193284705e-06
"Neg_vs_Parental","ENSMUSG00000033382","Trappc8","chr18",20988877,20988895,18,0.11,7.28534664518961e-06
"Neg_vs_Parental","ENSMUSG00000020300","Cpeb4","chr11",31868800,31868824,24,0.103,1.13081564246697e-05
"Neg_vs_Parental","ENSMUSG00000062785","Kcnc3","chr7",44247013,44247043,30,0.151,1.7021590643803e-05
"Neg_vs_Parental","ENSMUSG00000037697","Ddhd1","chr14",45866310,45866331,21,0.202,1.72061376212635e-05
"Neg_vs_Parental","ENSMUSG00000029462","Vps29","chr5",122494856,122494868,12,0.112,1.87816700589279e-05
"Neg_vs_Parental","ENSMUSG00000031865","Dctn1","chr6",83164745,83164766,21,-0.137,2.3696378192652e-05
"Neg_vs_Parental","ENSMUSG00000030172","Erc1","chr6",119711041,119711053,12,0.163,2.75166287953894e-05
"Neg_vs_Parental","ENSMUSG00000020300","Cpeb4","chr11",31868800,31868824,24,0.164,3.91008884983753e-05
"Neg_vs_Parental","ENSMUSG00000036591","Arhgap21","chr2",20888010,20888040,30,0.21,4.24107750950333e-05
"Neg_vs_Parental","ENSMUSG00000021198","Unc79","chr12",103016153,103016182,29,0.285,5.84596770543621e-05
"Neg_vs_Parental","ENSMUSG00000040111","Gramd1b","chr9",40211735,40211747,12,0.133,6.265064870653e-05
"Neg_vs_Parental","ENSMUSG00000056917","Sipa1","chr19",5711623,5711651,28,0.295,6.66291490053471e-05
"Neg_vs_Parental","ENSMUSG00000028184","Adgrl2","chr3",148566062,148566074,12,0.142,8.24021668515075e-05
"Neg_vs_Parental","ENSMUSG00000033419","Snap91","chr9",86680882,86680897,15,0.195,0.000122089744963173
"Neg_vs_Parental","ENSMUSG00000033902","Mapkbp1","chr2",119843781,119843799,18,0.12,0.000138854636536258
"Neg_vs_Parental","ENSMUSG00000069601","Ank3","chr10",69816653,69816680,27,0.187,0.000174189054449646
"Neg_vs_Parental","ENSMUSG00000028184","Adgrl2","chr3",148532847,148532874,27,0.203,0.000209883033950081
"Neg_vs_Parental","ENSMUSG00000040940","Arhgef1","chr7",24617944,24617956,12,0.131,0.000225967412359808
"Neg_vs_Parental","ENSMUSG00000039860","Srrm3","chr5",135895980,135896000,20,0.114,0.00026876094254613
"Neg_vs_Parental","ENSMUSG00000040687","Madd","chr2",90971153,90971162,9,0.143,0.000297928868703475
"Neg_vs_Parental","ENSMUSG00000062785","Kcnc3","chr7",44247013,44247043,30,0.326,0.00035228058859102
"Neg_vs_Parental","ENSMUSG00000000827","Tpd52l2","chr2",181152296,181152323,27,0.106,0.000429899112835956
"Neg_vs_Parental","ENSMUSG00000037533","Rapgef6","chr11",54542574,54542589,15,0.211,0.000564883834454027
"Neg_vs_Parental","ENSMUSG00000020231","Dip2a","chr10",76107209,76107239,30,0.168,0.000735208041510314
"Neg_vs_Parental","ENSMUSG00000022635","Zcrb1","chr15",93293467,93293496,29,-0.163,0.000759170680914049
"Neg_vs_Parental","ENSMUSG00000026113","Inpp4a","chr1",37413355,37413370,15,0.181,0.000806405267909375
"Neg_vs_Parental","ENSMUSG00000069631","Strada","chr11",106071780,106071809,29,0.157,0.000900127417551208
"Neg_vs_Parental","ENSMUSG00000036578","Fxyd7","chr7",30746797,30746827,30,0.198,0.000914872697111681
"Neg_vs_Parental","ENSMUSG00000033335","Dnm2","chr9",21401953,21401965,12,0.118,0.000947054302203747
"Neg_vs_Parental","ENSMUSG00000056486","Chn1","chr2",73540798,73540826,28,-0.173,0.00124751535681706
"Neg_vs_Parental","ENSMUSG00000024381","Bin1","chr18",32562752,32562776,24,0.158,0.00216435526037455
"Neg_vs_Parental","ENSMUSG00000057541","Pus7","chr5",23968331,23968349,18,0.11,0.00249790685408837
"Neg_vs_Parental","ENSMUSG00000032826","Ank2","chr3",126772904,126772916,12,0.138,0.00303344410374097
"Neg_vs_Parental","ENSMUSG00000063919","Srrm4","chr5",116592731,116592747,16,0.128,0.00306135752008045
"Neg_vs_Parental","ENSMUSG00000029462","Vps29","chr5",122494856,122494868,12,0.163,0.00350628173276468
"Neg_vs_Parental","ENSMUSG00000037541","Shank2","chr7",143961792,143961813,21,0.216,0.00367211715503187
"Neg_vs_Parental","ENSMUSG00000022623","Shank3","chr15",89422217,89422241,24,0.129,0.00370443296087122
"Neg_vs_Parental","ENSMUSG00000066392","Nrxn3","chr12",88817048,88817078,30,-0.277,0.00398410740864226
"Neg_vs_Parental","ENSMUSG00000043019","Edem3","chr1",151688504,151688519,15,0.115,0.00404923577228385
"Neg_vs_Parental","ENSMUSG00000041936","Agrn","chr4",156253002,156253026,24,0.323,0.00409956888691432
"Neg_vs_Parental","ENSMUSG00000028524","Sgip1","chr4",102757722,102757734,12,0.461,0.00482199685480026
"Neg_vs_Parental","ENSMUSG00000034602","Mon2","chr10",122858990,122858993,3,0.104,0.00513475016025838
"Neg_vs_Parental","ENSMUSG00000069601","Ank3","chr10",69765276,69765288,12,0.251,0.00548380560396285
"Neg_vs_Parental","ENSMUSG00000020859","Spag9","chr11",93970024,93970036,12,0.196,0.00595332956613346
"Neg_vs_Parental","ENSMUSG00000004562","Arhgef40","chr14",52242335,52242356,21,-0.176,0.00878694833148361
"Neg_vs_Parental","ENSMUSG00000040537","Adam22","chr5",8136593,8136623,30,0.13,0.00900364149579749
"Neg_vs_Parental","ENSMUSG00000024983","Vti1a","chr19",55375620,55375641,21,0.293,0.0119092933064956
"Neg_vs_Parental","ENSMUSG00000028524","Sgip1","chr4",102762761,102762773,12,0.167,0.012020875500013
"Neg_vs_Parental","ENSMUSG00000024381","Bin1","chr18",32562752,32562776,24,0.14,0.0132226098273639
"Neg_vs_Parental","ENSMUSG00000024983","Vti1a","chr19",55375620,55375641,21,0.135,0.0167201831173847
"Neg_vs_Parental","ENSMUSG00000028033","Kcnq5","chr1",21536606,21536633,27,0.353,0.016825005150273
"Neg_vs_Parental","ENSMUSG00000071291","Zfp58","chr13",67644303,67644330,27,-0.104,0.0175637429423673
"Neg_vs_Parental","ENSMUSG00000024273","2700062C07Rik","chr18",24604118,24604141,23,-0.102,0.0216985677542389
"Neg_vs_Parental","ENSMUSG00000022770","Dlg1","chr16",31673485,31673506,21,-0.104,0.0218207418493108
"Neg_vs_Parental","ENSMUSG00000031502","Col4a1","chr8",11254535,11254552,17,0.116,0.029292636882421
"Neg_vs_Parental","ENSMUSG00000025006","Sorbs1","chr19",40371199,40371226,27,0.149,0.0343502534780225
"Neg_vs_Parental","ENSMUSG00000031561","Tenm3","chr8",48766272,48766299,27,0.204,0.0346103153099895
"Neg_vs_Parental","ENSMUSG00000043831","Lysmd4","chr7",66874123,66874149,26,0.106,0.0348177002792262
"Neg_vs_Parental","ENSMUSG00000028078","Dclk2","chr3",86695928,86695941,13,0.13,0.0357757878867097
"Neg_vs_Parental","ENSMUSG00000018820","Zfyve27","chr19",42174058,42174079,21,0.131,0.0409838238074037
"Neg_vs_Parental","ENSMUSG00000027646","Src","chr2",157300762,157300780,18,0.119,0.042033003448259
"Neg_vs_Parental","ENSMUSG00000029055","Plch2","chr4",155069822,155069849,27,0.144,0.0428140432341417
"Neg_vs_Parental","ENSMUSG00000034973","Dop1a","chr9",86388923,86388953,30,0.195,0.042844740993165
"Neg_vs_Parental","ENSMUSG00000021375","Kif13a","chr13",47018294,47018307,13,0.115,0.0476513745860557
"Pos_vs_Neg","ENSMUSG00000013236","Ptprs","chr17",56734790,56734817,27,-0.14,0
"Pos_vs_Neg","ENSMUSG00000057789","Bak1","chr17",27240636,27240656,20,-0.319,0
"Pos_vs_Neg","ENSMUSG00000024163","Mapk8ip3","chr17",25127384,25127402,18,-0.199,0
"Pos_vs_Neg","ENSMUSG00000045983","Eif4g1","chr16",20493535,20493556,21,-0.174,0
"Pos_vs_Neg","ENSMUSG00000022377","Asap1","chr15",64025692,64025701,9,-0.13,0
"Pos_vs_Neg","ENSMUSG00000022377","Asap1","chr15",64025692,64025701,9,-0.29,0
"Pos_vs_Neg","ENSMUSG00000025290","Rps24","chr14",24544119,24544137,18,-0.367,0
"Pos_vs_Neg","ENSMUSG00000021427","Ssr1","chr13",38167070,38167085,15,-0.215,0
"Pos_vs_Neg","ENSMUSG00000051166","Eml5","chr12",98786119,98786128,9,-0.12,0
"Pos_vs_Neg","ENSMUSG00000035954","Dock4","chr12",40844595,40844622,27,-0.23,0
"Pos_vs_Neg","ENSMUSG00000052632","Asap2","chr12",21264362,21264371,9,-0.208,0
"Pos_vs_Neg","ENSMUSG00000069631","Strada","chr11",106071780,106071809,29,-0.169,0
"Pos_vs_Neg","ENSMUSG00000069631","Strada","chr11",106071780,106071809,29,-0.211,0
"Pos_vs_Neg","ENSMUSG00000019302","Atp6v0a1","chr11",100940284,100940302,18,-0.173,0
"Pos_vs_Neg","ENSMUSG00000028184","Adgrl2","chr3",148566062,148566074,12,-0.258,0
"Pos_vs_Neg","ENSMUSG00000033392","Clasp2","chr9",113707817,113707841,24,-0.19,0
"Pos_vs_Neg","ENSMUSG00000041890","Git2","chr5",114891208,114891214,6,-0.146,0
"Pos_vs_Neg","ENSMUSG00000041890","Git2","chr5",114891208,114891214,6,-0.185,0
"Pos_vs_Neg","ENSMUSG00000037062","Sh3glb1","chr3",144405614,144405638,24,-0.262,0
"Pos_vs_Neg","ENSMUSG00000016664","Pacsin2","chr15",83267823,83267829,6,-0.262,0
"Pos_vs_Neg","ENSMUSG00000032422","Snx14","chr9",88282775,88282802,27,-0.127,0
"Pos_vs_Neg","ENSMUSG00000026131","Dst","chr1",34335822,34335840,18,-0.156,0
"Pos_vs_Neg","ENSMUSG00000033295","Ptprf","chr4",118085015,118085042,27,-0.123,0
"Pos_vs_Neg","ENSMUSG00000057738","Sptan1","chr2",29904169,29904184,15,-0.246,0
"Pos_vs_Neg","ENSMUSG00000009621","Vav2","chr2",27174850,27174865,15,-0.198,0
"Pos_vs_Neg","ENSMUSG00000009621","Vav2","chr2",27190441,27190456,15,-0.251,0
"Pos_vs_Neg","ENSMUSG00000028863","Meaf6","chr4",125001309,125001339,30,-0.131,0
"Pos_vs_Neg","ENSMUSG00000001419","Mef2d","chr3",88069087,88069108,21,-0.157,0
"Pos_vs_Neg","ENSMUSG00000027575","Arfgap1","chr2",180620204,180620234,30,-0.268,0
"Pos_vs_Neg","ENSMUSG00000027002","Nckap1","chr2",80401556,80401574,18,-0.163,0
"Pos_vs_Neg","ENSMUSG00000063077","Kif1b","chr4",149349801,149349819,18,-0.124,0
"Pos_vs_Neg","ENSMUSG00000028649","Macf1","chr4",123257849,123257867,18,-0.159,0
"Pos_vs_Neg","ENSMUSG00000030557","Mef2a","chr7",66894268,66894292,24,-0.242,0
"Pos_vs_Neg","ENSMUSG00000031865","Dctn1","chr6",83160917,83160938,21,-0.179,0
"Pos_vs_Neg","ENSMUSG00000031865","Dctn1","chr6",83174300,83174315,15,-0.18,0
"Pos_vs_Neg","ENSMUSG00000005881","Ergic3","chr2",155857296,155857311,15,-0.228,0
"Pos_vs_Neg","ENSMUSG00000031391","L1cam","chrX",72899257,72899269,12,-0.177,0
"Pos_vs_Neg","ENSMUSG00000039361","Picalm","chr7",89843480,89843504,24,-0.306,0
"Pos_vs_Neg","ENSMUSG00000037032","Apbb1","chr7",105215152,105215158,6,-0.109,0
"Pos_vs_Neg","ENSMUSG00000004207","Psap","chr10",60133316,60133325,9,-0.198,0
"Pos_vs_Neg","ENSMUSG00000031502","Col4a1","chr8",11254535,11254552,17,-0.38,0
"Pos_vs_Neg","ENSMUSG00000034602","Mon2","chr10",122858990,122858993,3,-0.21,0
"Pos_vs_Neg","ENSMUSG00000009079","Ewsr1","chr11",5041459,5041477,18,-0.164,0
"Pos_vs_Neg","ENSMUSG00000026860","Sh3glb2","chr2",30236070,30236085,15,-0.127,0
"Pos_vs_Neg","ENSMUSG00000026860","Sh3glb2","chr2",30239237,30239249,12,-0.259,0
"Pos_vs_Neg","ENSMUSG00000031012","Cask","chrX",13462924,13462942,18,-0.147,5.97394073947943e-14
"Pos_vs_Neg","ENSMUSG00000022973","Synj1","chr16",90768451,90768475,24,-0.145,5.97394073947943e-14
"Pos_vs_Neg","ENSMUSG00000024908","Ppp6r3","chr19",3509746,3509764,18,-0.194,2.93718753023347e-13
"Pos_vs_Neg","ENSMUSG00000020859","Spag9","chr11",93970024,93970036,12,-0.155,3.49549590374577e-13
"Pos_vs_Neg","ENSMUSG00000025050","Pcgf6","chr19",47030560,47030578,18,-0.232,7.83250008064072e-13
"Pos_vs_Neg","ENSMUSG00000009035","Tmem184b","chr15",79247857,79247878,21,-0.164,1.45289886991692e-12
"Pos_vs_Neg","ENSMUSG00000028218","Cibar1","chr4",12169957,12169978,21,-0.119,1.60210228921922e-12
"Pos_vs_Neg","ENSMUSG00000020900","Myh10","chr11",68636760,68636790,30,-0.112,2.03645002096121e-12
"Pos_vs_Neg","ENSMUSG00000038365","Fbxo25","chr8",13988921,13988948,27,-0.126,2.33247245047625e-12
"Pos_vs_Neg","ENSMUSG00000001248","Gramd1a","chr7",30832644,30832656,12,-0.15,3.70471536659771e-12
"Pos_vs_Neg","ENSMUSG00000003810","Mast2","chr4",116190609,116190630,21,-0.208,1.11780965436326e-11
"Pos_vs_Neg","ENSMUSG00000027506","Tpd52","chr3",9008610,9008637,27,-0.321,1.95434381321732e-11
"Pos_vs_Neg","ENSMUSG00000033902","Mapkbp1","chr2",119843781,119843799,18,-0.168,3.85106681816142e-11
"Pos_vs_Neg","ENSMUSG00000036473","Tbc1d24","chr17",24403354,24403372,18,-0.165,4.45042654580627e-11
"Pos_vs_Neg","ENSMUSG00000057541","Pus7","chr5",23968331,23968349,18,-0.195,4.74896846994781e-11
"Pos_vs_Neg","ENSMUSG00000070733","Fryl","chr5",73182113,73182131,18,-0.118,5.24828037660951e-11
"Pos_vs_Neg","ENSMUSG00000045482","Trrap","chr5",144747141,144747162,21,-0.268,7.26769485678823e-10
"Pos_vs_Neg","ENSMUSG00000032826","Ank2","chr3",126772904,126772916,12,-0.279,9.69109833252022e-10
"Pos_vs_Neg","ENSMUSG00000040549","Ckap5","chr2",91429948,91429972,24,-0.16,1.51728058561834e-09
"Pos_vs_Neg","ENSMUSG00000025650","Col7a1","chr9",108794117,108794144,27,-0.16,1.10752350374598e-08
"Pos_vs_Neg","ENSMUSG00000028863","Meaf6","chr4",125001309,125001339,30,-0.24,1.58046617402657e-08
"Pos_vs_Neg","ENSMUSG00000068663","Clec16a","chr16",10390781,10390787,6,-0.202,2.44670742375471e-08
"Pos_vs_Neg","ENSMUSG00000024381","Bin1","chr18",32562752,32562776,24,-0.178,2.99398542793916e-08
"Pos_vs_Neg","ENSMUSG00000050373","Snx21","chr2",164633477,164633488,11,-0.258,5.44145711601244e-08
"Pos_vs_Neg","ENSMUSG00000026768","Itga8","chr2",12198080,12198093,13,-0.525,2.55919725366272e-07
"Pos_vs_Neg","ENSMUSG00000024381","Bin1","chr18",32562752,32562776,24,-0.227,2.5824826937173e-07
"Pos_vs_Neg","ENSMUSG00000068329","Htra2","chr6",83029678,83029707,29,-0.139,3.64822441415405e-07
"Pos_vs_Neg","ENSMUSG00000043831","Lysmd4","chr7",66874123,66874149,26,-0.319,4.17330923336479e-07
"Pos_vs_Neg","ENSMUSG00000031561","Tenm3","chr8",48766272,48766299,27,-0.154,5.20497027957235e-07
"Pos_vs_Neg","ENSMUSG00000051166","Eml5","chr12",98787858,98787873,15,-0.199,5.66781263985599e-07
"Pos_vs_Neg","ENSMUSG00000039860","Srrm3","chr5",135895980,135896000,20,-0.133,7.50198519159827e-07
"Pos_vs_Neg","ENSMUSG00000031865","Dctn1","chr6",83160917,83160938,21,-0.131,7.50198519159827e-07
"Pos_vs_Neg","ENSMUSG00000041609","Bicdl1","chr5",115810202,115810214,12,-0.108,9.73021597452192e-07
"Pos_vs_Neg","ENSMUSG00000040687","Madd","chr2",90971153,90971162,9,-0.173,1.14790077152693e-06
"Pos_vs_Neg","ENSMUSG00000049550","Clip1","chr5",123719654,123719660,6,-0.133,1.26293883053115e-06
"Pos_vs_Neg","ENSMUSG00000029148","Nrbp1","chr5",31403665,31403689,24,-0.113,1.65308777446094e-06
"Pos_vs_Neg","ENSMUSG00000022565","Plec","chr15",76078758,76078773,15,-0.125,1.85705918742235e-06
"Pos_vs_Neg","ENSMUSG00000069631","Strada","chr11",106071780,106071809,29,-0.219,3.99208245985994e-06
"Pos_vs_Neg","ENSMUSG00000047193","Dync2h1","chr9",7045348,7045369,21,-0.319,4.38744507487686e-06
"Pos_vs_Neg","ENSMUSG00000036452","Arhgap26","chr18",39490851,39490881,30,0.112,6.37419184990565e-06
"Pos_vs_Neg","ENSMUSG00000024381","Bin1","chr18",32562752,32562776,24,-0.468,7.12801985625908e-06
"Pos_vs_Neg","ENSMUSG00000056602","Fry","chr5",150384853,150384862,9,-0.105,8.50071367828821e-06
"Pos_vs_Neg","ENSMUSG00000031561","Tenm3","chr8",48740167,48740188,21,-0.138,1.20377093140584e-05
"Pos_vs_Neg","ENSMUSG00000031865","Dctn1","chr6",83160917,83160938,21,-0.217,1.27740298289617e-05
"Pos_vs_Neg","ENSMUSG00000033335","Dnm2","chr9",21401953,21401965,12,-0.134,1.27740298289617e-05
"Pos_vs_Neg","ENSMUSG00000055447","Cd47","chr16",49728416,49728441,25,-0.12,1.39058557345626e-05
"Pos_vs_Neg","ENSMUSG00000033382","Trappc8","chr18",20988877,20988895,18,-0.108,1.67261195847377e-05
"Pos_vs_Neg","ENSMUSG00000015536","Mocs2","chr13",114961746,114961770,24,-0.302,1.77654450371153e-05
"Pos_vs_Neg","ENSMUSG00000020231","Dip2a","chr10",76107209,76107239,30,-0.178,1.92571144542786e-05
"Pos_vs_Neg","ENSMUSG00000043019","Edem3","chr1",151688504,151688519,15,-0.131,2.04197089610415e-05
"Pos_vs_Neg","ENSMUSG00000020598","Nrcam","chr12",44581839,44581857,18,-0.121,2.34993266324929e-05
"Pos_vs_Neg","ENSMUSG00000032570","Atp2c1","chr9",105370741,105370753,12,-0.159,2.74851229380132e-05
"Pos_vs_Neg","ENSMUSG00000027799","Nbea","chr3",55901468,55901477,9,-0.119,3.6374701663313e-05
"Pos_vs_Neg","ENSMUSG00000037533","Rapgef6","chr11",54542574,54542589,15,-0.249,3.78250609841152e-05
"Pos_vs_Neg","ENSMUSG00000055013","Agap1","chr1",89538005,89538017,12,-0.155,7.57251319184666e-05
"Pos_vs_Neg","ENSMUSG00000033392","Clasp2","chr9",113687648,113687672,24,-0.162,8.53596794246251e-05
"Pos_vs_Neg","ENSMUSG00000032525","Nktr","chr9",121559062,121559090,28,-0.162,9.91544999218054e-05
"Pos_vs_Neg","ENSMUSG00000018820","Zfyve27","chr19",42174058,42174079,21,-0.171,0.000128919431685876
"Pos_vs_Neg","ENSMUSG00000036104","Rab3gap1","chr1",127869330,127869351,21,-0.156,0.000151981335763407
"Pos_vs_Neg","ENSMUSG00000040111","Gramd1b","chr9",40211735,40211747,12,-0.124,0.000154523090506098
"Pos_vs_Neg","ENSMUSG00000020185","E2f7","chr10",110601999,110602023,24,-0.208,0.000157952890008492
"Pos_vs_Neg","ENSMUSG00000034973","Dop1a","chr9",86388923,86388953,30,-0.238,0.00017552197200838
"Pos_vs_Neg","ENSMUSG00000031824","6430548M08Rik","chr8",120884206,120884236,30,-0.163,0.000195855675262046
"Pos_vs_Neg","ENSMUSG00000027035","Cers6","chr2",68936086,68936110,24,-0.153,0.000219561943536123
"Pos_vs_Neg","ENSMUSG00000068036","Afdn","chr17",14068616,14068637,21,-0.14,0.000225318609509415
"Pos_vs_Neg","ENSMUSG00000024985","Tcf7l2","chr19",55916161,55916186,25,-0.274,0.000250926955901035
"Pos_vs_Neg","ENSMUSG00000041936","Agrn","chr4",156253002,156253026,24,-0.281,0.000252317320935641
"Pos_vs_Neg","ENSMUSG00000026113","Inpp4a","chr1",37413355,37413370,15,-0.189,0.000252704296466011
"Pos_vs_Neg","ENSMUSG00000069601","Ank3","chr10",69816653,69816680,27,-0.203,0.000270916767874743
"Pos_vs_Neg","ENSMUSG00000028524","Sgip1","chr4",102762761,102762773,12,-0.212,0.000319100853283944
"Pos_vs_Neg","ENSMUSG00000040940","Arhgef1","chr7",24617944,24617956,12,-0.142,0.000349549322964765
"Pos_vs_Neg","ENSMUSG00000022722","Arl6","chr16",59439028,59439041,13,-0.114,0.000419340324963389
"Pos_vs_Neg","ENSMUSG00000025558","Dock9","chr14",121797806,121797812,6,-0.163,0.00047466755245244
"Pos_vs_Neg","ENSMUSG00000020866","Cacna1g","chr11",94307451,94307481,30,-0.113,0.000505966163220418
"Pos_vs_Neg","ENSMUSG00000036591","Arhgap21","chr2",20888010,20888040,30,-0.173,0.000519375883823197
"Pos_vs_Neg","ENSMUSG00000022558","Mroh1","chr15",76316571,76316598,27,-0.105,0.000627025957532448
"Pos_vs_Neg","ENSMUSG00000026977","Marchf7","chr2",60077831,60077856,25,-0.154,0.000679408276511247
"Pos_vs_Neg","ENSMUSG00000024603","Dctn4","chr18",60678428,60678449,21,-0.116,0.000847431678826536
"Pos_vs_Neg","ENSMUSG00000003352","Cacnb3","chr15",98538839,98538859,20,-0.117,0.000928315746636552
"Pos_vs_Neg","ENSMUSG00000026782","Abi2","chr1",60478100,60478118,18,-0.154,0.00101834698792541
"Pos_vs_Neg","ENSMUSG00000034574","Daam1","chr12",72005520,72005547,27,-0.149,0.00104614113724889
"Pos_vs_Neg","ENSMUSG00000026113","Inpp4a","chr1",37413352,37413370,18,-0.178,0.00121854916777306
"Pos_vs_Neg","ENSMUSG00000056486","Chn1","chr2",73540798,73540826,28,0.173,0.0014749741929655
"Pos_vs_Neg","ENSMUSG00000056917","Sipa1","chr19",5711623,5711651,28,-0.24,0.00158427772684203
"Pos_vs_Neg","ENSMUSG00000055762","Eef1d","chr15",75777734,75777749,15,-0.191,0.00161870393340701
"Pos_vs_Neg","ENSMUSG00000024381","Bin1","chr18",32562752,32562776,24,-0.183,0.00208046661519362
"Pos_vs_Neg","ENSMUSG00000049807","Arhgap23","chr11",97382469,97382492,23,-0.119,0.00281653495104578
"Pos_vs_Neg","ENSMUSG00000037541","Shank2","chr7",143950374,143950383,9,-0.31,0.00307421634037144
"Pos_vs_Neg","ENSMUSG00000060002","Chpt1","chr10",88317214,88317241,27,-0.277,0.00332935003385768
"Pos_vs_Neg","ENSMUSG00000037519","Ppfia1","chr7",144042427,144042454,27,-0.211,0.00355105937779969
"Pos_vs_Neg","ENSMUSG00000041439","Mfsd6","chr1",52697857,52697882,25,-0.187,0.00377390186651676
"Pos_vs_Neg","ENSMUSG00000022623","Shank3","chr15",89422217,89422241,24,-0.129,0.00475512609792908
"Pos_vs_Neg","ENSMUSG00000031314","Taf1","chrX",100634339,100634345,6,-0.123,0.00510598170639072
"Pos_vs_Neg","ENSMUSG00000024660","Incenp","chr19",9860555,9860567,12,-0.107,0.00547648364839144
"Pos_vs_Neg","ENSMUSG00000034621","Gpatch8","chr11",102422138,102422156,18,-0.102,0.00659530528896927
"Pos_vs_Neg","ENSMUSG00000069601","Ank3","chr10",69765276,69765288,12,-0.232,0.00665861882122832
"Pos_vs_Neg","ENSMUSG00000041977","Arhgef11","chr3",87625535,87625565,30,-0.104,0.00694254068583544
"Pos_vs_Neg","ENSMUSG00000066392","Nrxn3","chr12",88799322,88799340,18,-0.107,0.00775182702475399
"Pos_vs_Neg","ENSMUSG00000027646","Src","chr2",157300762,157300780,18,-0.129,0.00901336846699156
"Pos_vs_Neg","ENSMUSG00000030172","Erc1","chr6",119711041,119711053,12,-0.113,0.00939676154670815
"Pos_vs_Neg","ENSMUSG00000039298","Cdk5rap2","chr4",70165184,70165211,27,-0.11,0.0125751854738223
"Pos_vs_Neg","ENSMUSG00000040537","Adam22","chr5",8136593,8136623,30,-0.123,0.0193797588654903
"Pos_vs_Neg","ENSMUSG00000038738","Shank1","chr7",43993721,43993745,24,-0.15,0.0240037690747515
"Pos_vs_Neg","ENSMUSG00000022607","Ptk2","chr15",73154066,73154084,18,-0.103,0.0259964889903592
"Pos_vs_Neg","ENSMUSG00000060002","Chpt1","chr10",88317214,88317241,27,0.242,0.0304520179554488
"Pos_vs_Neg","ENSMUSG00000096054","Syne1","chr10",5376254,5376275,21,-0.128,0.0320830657553067
"Pos_vs_Neg","ENSMUSG00000036578","Fxyd7","chr7",30746797,30746827,30,-0.115,0.0329110538357381
"Pos_vs_Neg","ENSMUSG00000054640","Slc8a1","chr17",81749631,81749652,21,-0.229,0.0332894035650328
"Pos_vs_Neg","ENSMUSG00000037541","Shank2","chr7",143961792,143961813,21,-0.193,0.0376227255319689
"Pos_vs_Neg","ENSMUSG00000075289","Carns1","chr19",4225003,4225030,27,0.194,0.0399296639988636
"Pos_vs_Neg","ENSMUSG00000028524","Sgip1","chr4",102757722,102757734,12,-0.377,0.0404657305882664
"Pos_vs_Neg","ENSMUSG00000028760","Eif4g3","chr4",137823219,137823240,21,-0.202,0.0412773192079174
"Pos_vs_Neg","ENSMUSG00000033768","Nrxn2","chr19",6498284,6498314,30,-0.158,0.0467283876167216
"Pos_vs_Neg","ENSMUSG00000003863","Ppfia3","chr7",44992976,44993003,27,-0.159,0.0474626958112484
"Pos_vs_Parental","ENSMUSG00000013236","Ptprs","chr17",56734790,56734817,27,-0.124,0
"Pos_vs_Parental","ENSMUSG00000057789","Bak1","chr17",27240636,27240656,20,-0.298,0
"Pos_vs_Parental","ENSMUSG00000025290","Rps24","chr14",24544119,24544137,18,-0.36,0
"Pos_vs_Parental","ENSMUSG00000052632","Asap2","chr12",21264362,21264371,9,-0.196,0
"Pos_vs_Parental","ENSMUSG00000069631","Strada","chr11",106071780,106071809,29,-0.143,0
"Pos_vs_Parental","ENSMUSG00000019302","Atp6v0a1","chr11",100940284,100940302,18,-0.134,0
"Pos_vs_Parental","ENSMUSG00000041890","Git2","chr5",114891208,114891214,6,-0.133,0
"Pos_vs_Parental","ENSMUSG00000037062","Sh3glb1","chr3",144405614,144405638,24,-0.208,0
"Pos_vs_Parental","ENSMUSG00000026131","Dst","chr1",34335822,34335840,18,-0.162,0
"Pos_vs_Parental","ENSMUSG00000033295","Ptprf","chr4",118085015,118085042,27,-0.109,0
"Pos_vs_Parental","ENSMUSG00000057738","Sptan1","chr2",29904169,29904184,15,-0.216,0
"Pos_vs_Parental","ENSMUSG00000027506","Tpd52","chr3",9008610,9008637,27,0.115,0
"Pos_vs_Parental","ENSMUSG00000009621","Vav2","chr2",27190441,27190456,15,-0.197,0
"Pos_vs_Parental","ENSMUSG00000027575","Arfgap1","chr2",180620204,180620234,30,-0.169,0
"Pos_vs_Parental","ENSMUSG00000027002","Nckap1","chr2",80401556,80401574,18,-0.142,0
"Pos_vs_Parental","ENSMUSG00000063077","Kif1b","chr4",149349801,149349819,18,-0.122,0
"Pos_vs_Parental","ENSMUSG00000028649","Macf1","chr4",123257849,123257867,18,-0.137,0
"Pos_vs_Parental","ENSMUSG00000031391","L1cam","chrX",72899257,72899269,12,-0.179,0
"Pos_vs_Parental","ENSMUSG00000020212","Mdm1","chr10",117992738,117992768,30,-0.124,0
"Pos_vs_Parental","ENSMUSG00000037032","Apbb1","chr7",105215152,105215158,6,-0.102,0
"Pos_vs_Parental","ENSMUSG00000031708","Tecr","chr8",84299656,84299674,18,-0.111,0
"Pos_vs_Parental","ENSMUSG00000040354","Mars1","chr10",127132585,127132609,24,-0.22,0
"Pos_vs_Parental","ENSMUSG00000026860","Sh3glb2","chr2",30236070,30236085,15,-0.128,0
"Pos_vs_Parental","ENSMUSG00000031502","Col4a1","chr8",11254535,11254552,17,-0.264,6.10355387630414e-14
"Pos_vs_Parental","ENSMUSG00000032422","Snx14","chr9",88282775,88282802,27,-0.115,2.53532237938914e-13
"Pos_vs_Parental","ENSMUSG00000022558","Mroh1","chr15",76316571,76316598,27,-0.123,3.79776685637924e-13
"Pos_vs_Parental","ENSMUSG00000059436","Max","chr12",77008036,77008063,27,0.18,6.74755089948493e-13
"Pos_vs_Parental","ENSMUSG00000022377","Asap1","chr15",64025692,64025701,9,-0.105,3.36458407431524e-12
"Pos_vs_Parental","ENSMUSG00000068329","Htra2","chr6",83029678,83029707,29,-0.175,1.28323871904668e-11
"Pos_vs_Parental","ENSMUSG00000039361","Picalm","chr7",89843480,89843504,24,-0.188,1.78979631253235e-11
"Pos_vs_Parental","ENSMUSG00000004207","Psap","chr10",60133316,60133325,9,-0.129,6.82779603057641e-11
"Pos_vs_Parental","ENSMUSG00000025650","Col7a1","chr9",108794117,108794144,27,-0.16,3.47158990782136e-10
"Pos_vs_Parental","ENSMUSG00000029461","Fam168a","chr7",100467942,100467969,27,-0.253,3.86870988106723e-10
"Pos_vs_Parental","ENSMUSG00000032525","Nktr","chr9",121559062,121559090,28,-0.2,2.01290237575617e-09
"Pos_vs_Parental","ENSMUSG00000022377","Asap1","chr15",64025692,64025701,9,-0.223,1.06657471876529e-08
"Pos_vs_Parental","ENSMUSG00000041890","Git2","chr5",114891208,114891214,6,-0.165,1.10335478096785e-08
"Pos_vs_Parental","ENSMUSG00000055447","Cd47","chr16",49728416,49728441,25,-0.137,1.9594570408698e-08
"Pos_vs_Parental","ENSMUSG00000022565","Plec","chr15",76078758,76078773,15,-0.145,2.63934084002508e-08
"Pos_vs_Parental","ENSMUSG00000051166","Eml5","chr12",98787858,98787873,15,-0.19,3.03047940772426e-08
"Pos_vs_Parental","ENSMUSG00000042632","Pla2g6","chr15",79187773,79187802,29,-0.205,9.75537972425887e-08
"Pos_vs_Parental","ENSMUSG00000031865","Dctn1","chr6",83174300,83174315,15,-0.117,2.54634701482315e-07
"Pos_vs_Parental","ENSMUSG00000069631","Strada","chr11",106071780,106071809,29,-0.172,3.707656846415e-07
"Pos_vs_Parental","ENSMUSG00000033392","Clasp2","chr9",113707817,113707841,24,-0.131,5.85942704572475e-07
"Pos_vs_Parental","ENSMUSG00000070733","Fryl","chr5",73182113,73182131,18,-0.103,1.1914221436475e-06
"Pos_vs_Parental","ENSMUSG00000016346","Kcnq2","chr2",180745434,180745464,30,0.126,1.44977024033862e-06
"Pos_vs_Parental","ENSMUSG00000062785","Kcnc3","chr7",44247013,44247043,30,0.178,1.82748512603246e-06
"Pos_vs_Parental","ENSMUSG00000030557","Mef2a","chr7",66894268,66894292,24,-0.188,3.82827506342898e-06
"Pos_vs_Parental","ENSMUSG00000016664","Pacsin2","chr15",83267823,83267829,6,-0.13,4.78678250710644e-06
"Pos_vs_Parental","ENSMUSG00000004980","Hnrnpa2b1","chr6",51441407,51441431,24,-0.115,9.85658267333971e-06
"Pos_vs_Parental","ENSMUSG00000039671","Zmynd8","chr2",165694787,165694799,12,0.134,1.42618348871355e-05
"Pos_vs_Parental","ENSMUSG00000009621","Vav2","chr2",27174850,27174865,15,-0.111,3.07864615168397e-05
"Pos_vs_Parental","ENSMUSG00000037519","Ppfia1","chr7",144042427,144042454,27,-0.245,3.10346821548892e-05
"Pos_vs_Parental","ENSMUSG00000021313","Ryr2","chr13",11649192,11649216,24,0.199,5.62550019090521e-05
"Pos_vs_Parental","ENSMUSG00000025050","Pcgf6","chr19",47030560,47030578,18,-0.192,6.80291273311075e-05
"Pos_vs_Parental","ENSMUSG00000037519","Ppfia1","chr7",144056603,144056633,30,0.171,8.62476499492149e-05
"Pos_vs_Parental","ENSMUSG00000039298","Cdk5rap2","chr4",70165184,70165211,27,-0.2,9.75081230277943e-05
"Pos_vs_Parental","ENSMUSG00000027035","Cers6","chr2",68936086,68936110,24,-0.146,0.00015261431686225
"Pos_vs_Parental","ENSMUSG00000054640","Slc8a1","chr17",81749631,81749652,21,-0.281,0.000169610867625732
"Pos_vs_Parental","ENSMUSG00000024983","Vti1a","chr19",55375620,55375641,21,0.171,0.000231369095081125
"Pos_vs_Parental","ENSMUSG00000027201","Myef2","chr2",124929596,124929623,27,-0.133,0.000395948924569673
"Pos_vs_Parental","ENSMUSG00000003352","Cacnb3","chr15",98538839,98538859,20,-0.117,0.0004518079449838
"Pos_vs_Parental","ENSMUSG00000060002","Chpt1","chr10",88317214,88317241,27,-0.272,0.000679456720161651
"Pos_vs_Parental","ENSMUSG00000031561","Tenm3","chr8",48766272,48766299,27,-0.107,0.000820526485570748
"Pos_vs_Parental","ENSMUSG00000021711","Trappc13","chr13",104288672,104288690,18,-0.113,0.000914081619341403
"Pos_vs_Parental","ENSMUSG00000057440","Mpp7","chr18",7430394,7430415,21,0.16,0.00103723031333238
"Pos_vs_Parental","ENSMUSG00000017740","Slc12a5","chr2",164838783,164838798,15,-0.12,0.00103894471213766
"Pos_vs_Parental","ENSMUSG00000062785","Kcnc3","chr7",44247013,44247043,30,0.236,0.00103894471213766
"Pos_vs_Parental","ENSMUSG00000034621","Gpatch8","chr11",102422138,102422156,18,-0.107,0.00110545444193773
"Pos_vs_Parental","ENSMUSG00000043323","Fbrsl1","chr5",110543910,110543940,30,0.24,0.00120904652686324
"Pos_vs_Parental","ENSMUSG00000049807","Arhgap23","chr11",97382469,97382492,23,0.109,0.00137006976834466
"Pos_vs_Parental","ENSMUSG00000036435","Exoc1","chr5",76688593,76688614,21,0.186,0.00143974915000025
"Pos_vs_Parental","ENSMUSG00000047193","Dync2h1","chr9",7045348,7045369,21,-0.253,0.00202032281237565
"Pos_vs_Parental","ENSMUSG00000028273","Pdlim5","chr3",142012044,142012059,15,-0.337,0.00250359733477747
"Pos_vs_Parental","ENSMUSG00000028184","Adgrl2","chr3",148566062,148566074,12,-0.116,0.00343523606591965
"Pos_vs_Parental","ENSMUSG00000066392","Nrxn3","chr12",88799322,88799340,18,-0.107,0.00452207672631305
"Pos_vs_Parental","ENSMUSG00000033768","Nrxn2","chr19",6498284,6498314,30,0.247,0.00552988573066778
"Pos_vs_Parental","ENSMUSG00000024985","Tcf7l2","chr19",55916161,55916186,25,-0.197,0.00635973075347412
"Pos_vs_Parental","ENSMUSG00000061130","Ppm1b","chr17",85322836,85322863,27,0.145,0.00672431491383747
"Pos_vs_Parental","ENSMUSG00000027692","Tnik","chr3",28679347,28679371,24,0.111,0.00674559213125424
"Pos_vs_Parental","ENSMUSG00000024349","Sting1","chr18",35872977,35873001,24,-0.252,0.0067723244443014
"Pos_vs_Parental","ENSMUSG00000032735","Ablim3","chr18",61938707,61938715,8,-0.145,0.00680940737724422
"Pos_vs_Parental","ENSMUSG00000043831","Lysmd4","chr7",66874123,66874149,26,-0.241,0.00738641869172005
"Pos_vs_Parental","ENSMUSG00000030592","Ryr1","chr7",28816632,28816653,21,-0.288,0.00891484093789967
"Pos_vs_Parental","ENSMUSG00000021375","Kif13a","chr13",47018294,47018307,13,0.138,0.0103601446742514
"Pos_vs_Parental","ENSMUSG00000021071","Trim9","chr12",70298793,70298817,24,0.3,0.0126767727515466
"Pos_vs_Parental","ENSMUSG00000013033","Adgrl1","chr8",84652890,84652905,15,-0.126,0.0141959276367446
"Pos_vs_Parental","ENSMUSG00000034602","Mon2","chr10",122858990,122858993,3,-0.106,0.0142090723300144
"Pos_vs_Parental","ENSMUSG00000015452","Ager","chr17",34819324,34819351,27,-0.122,0.0171914712868452
"Pos_vs_Parental","ENSMUSG00000021198","Unc79","chr12",103016153,103016182,29,0.211,0.0177010912773212
"Pos_vs_Parental","ENSMUSG00000004562","Arhgef40","chr14",52242335,52242356,21,-0.167,0.0190484496052214
"Pos_vs_Parental","ENSMUSG00000033768","Nrxn2","chr19",6498284,6498314,30,-0.159,0.0202547735468706
"Pos_vs_Parental","ENSMUSG00000055296","Tmem245","chr4",56922386,56922410,24,-0.112,0.0214078981053374
"Pos_vs_Parental","ENSMUSG00000035181","Heatr5a","chr12",51958987,51959014,27,0.22,0.0266003257680887
"Pos_vs_Parental","ENSMUSG00000034574","Daam1","chr12",72005520,72005547,27,-0.117,0.027536144667863
"Pos_vs_Parental","ENSMUSG00000020859","Spag9","chr11",93971565,93971580,15,0.168,0.0320554566746996
"Pos_vs_Parental","ENSMUSG00000075289","Carns1","chr19",4225003,4225030,27,0.185,0.0411710677011618
"Pos_vs_Parental","ENSMUSG00000026005","Rpe","chr1",66740775,66740795,20,0.122,0.042373525672066
"Pos_vs_Parental","ENSMUSG00000048279","Sacs","chr14",61436051,61436078,27,0.166,0.0455419660223283
