Gene	Comparison	EventType	dPSI	FDR	Chromosome	Start	End	ExonLength	IGV_coordinate	IGV_narrow
Sgip1	KO_vs_Neg	SE	-0.567	8.74e-06	chr4	102757722	102757734	12	chr4:102757222-102758234	chr4:102757622-102757834
Dlg1	KO_vs_Neg	SE	-0.565	0.0252	chr16	31673485	31673506	21	chr16:31672985-31674006	chr16:31673385-31673606
Clasp1	KO_vs_Neg	SE	-0.511	4.53e-05	chr1	118440434	118440458	24	chr1:118439934-118440958	chr1:118440334-118440558
Tpd52	KO_vs_Neg	SE	-0.48	0	chr3	9008610	9008637	27	chr3:9008110-9009137	chr3:9008510-9008737
Prss41	KO_vs_Neg	SE	0.469	0.000143	chr17	24062930	24062957	27	chr17:24062430-24063457	chr17:24062830-24063057
Dnm3	KO_vs_Neg	SE	-0.456	0.000758	chr1	161872954	161872966	12	chr1:161872454-161873466	chr1:161872854-161873066
Phf14	KO_vs_Neg	SE	0.456	0.00369	chr6	12047123	12047153	30	chr6:12046623-12047653	chr6:12047023-12047253
Mocs2	KO_vs_Neg	SE	-0.412	4.85e-07	chr13	114961746	114961770	24	chr13:114961246-114962270	chr13:114961646-114961870
Shank1	KO_vs_Neg	SE	-0.412	0.0113	chr7	43993721	43993745	24	chr7:43993221-43994245	chr7:43993621-43993845
Bin1	KO_vs_Neg	SE	-0.408	0.00628	chr18	32562752	32562776	24	chr18:32562252-32563276	chr18:32562652-32562876
Micu1	KO_vs_Neg	SE	-0.404	0.000167	chr10	59602905	59602911	6	chr10:59602405-59603411	chr10:59602805-59603011
Tbc1d4	KO_vs_Neg	SE	-0.389	9.93e-07	chr14	101698134	101698137	3	chr14:101697634-101698637	chr14:101698034-101698237
Bin1	KO_vs_Neg	SE	-0.387	0.000121	chr18	32562752	32562776	24	chr18:32562252-32563276	chr18:32562652-32562876
Meaf6	KO_vs_Neg	SE	-0.383	3.3e-09	chr4	125001309	125001339	30	chr4:125000809-125001839	chr4:125001209-125001439
Plch2	KO_vs_Neg	SE	-0.381	0.00127	chr4	155069822	155069849	27	chr4:155069322-155070349	chr4:155069722-155069949
Wnk1	KO_vs_Neg	SE	-0.363	0.0155	chr6	119905083	119905110	27	chr6:119904583-119905610	chr6:119904983-119905210
Pus7	KO_vs_Neg	SE	-0.351	0	chr5	23968331	23968349	18	chr5:23967831-23968849	chr5:23968231-23968449
Slit2	KO_vs_Neg	SE	-0.349	6.86e-06	chr5	48378308	48378332	24	chr5:48377808-48378832	chr5:48378208-48378432
Ttc8	KO_vs_Neg	SE	-0.347	0.0184	chr12	98903378	98903408	30	chr12:98902878-98903908	chr12:98903278-98903508
Sgip1	KO_vs_Neg	SE	-0.345	4.57e-07	chr4	102762761	102762773	12	chr4:102762261-102763273	chr4:102762661-102762873
Adgrl2	KO_vs_Neg	SE	-0.342	0	chr3	148566062	148566074	12	chr3:148565562-148566574	chr3:148565962-148566174
Dop1a	KO_vs_Neg	SE	-0.342	3.07e-09	chr9	86388923	86388953	30	chr9:86388423-86389453	chr9:86388823-86389053
Agrn	KO_vs_Neg	SE	-0.34	0.0119	chr4	156253002	156253026	24	chr4:156252502-156253526	chr4:156252902-156253126
Shank3	KO_vs_Neg	SE	-0.338	0.00615	chr15	89440923	89440951	28	chr15:89440423-89441451	chr15:89440823-89441051
Clasp2	KO_vs_Neg	SE	-0.337	0	chr9	113687648	113687672	24	chr9:113687148-113688172	chr9:113687548-113687772
Car14	KO_vs_Neg	SE	-0.337	0.0107	chr3	95808770	95808792	22	chr3:95808270-95809292	chr3:95808670-95808892
Lmbr1	KO_vs_Neg	SE	0.332	4.17e-08	chr5	29528799	29528822	23	chr5:29528299-29529322	chr5:29528699-29528922
Trrap	KO_vs_Neg	SE	-0.331	0	chr5	144747141	144747162	21	chr5:144746641-144747662	chr5:144747041-144747262
Itga8	KO_vs_Neg	SE	-0.331	5.24e-06	chr2	12198080	12198093	13	chr2:12197580-12198593	chr2:12197980-12198193
Sh3glb2	KO_vs_Neg	SE	-0.33	0	chr2	30239237	30239249	12	chr2:30238737-30239749	chr2:30239137-30239349
Ank2	KO_vs_Neg	SE	-0.322	0	chr3	126772904	126772916	12	chr3:126772404-126773416	chr3:126772804-126773016
Ppfia1	KO_vs_Neg	SE	-0.319	0.00949	chr7	144042427	144042454	27	chr7:144041927-144042954	chr7:144042327-144042554
Bin1	KO_vs_Neg	SE	-0.317	9.68e-11	chr18	32562752	32562776	24	chr18:32562252-32563276	chr18:32562652-32562876
Ank3	KO_vs_Neg	SE	-0.316	5.78e-13	chr10	69816653	69816680	27	chr10:69816153-69817180	chr10:69816553-69816780
Upp1	KO_vs_Neg	SE	0.313	0.00119	chr11	9068630	9068660	30	chr11:9068130-9069160	chr11:9068530-9068760
Zmynd8	KO_vs_Neg	SE	-0.309	0	chr2	165694787	165694799	12	chr2:165694287-165695299	chr2:165694687-165694899
Tcf7l2	KO_vs_Neg	SE	-0.307	1.69e-06	chr19	55916161	55916186	25	chr19:55915661-55916686	chr19:55916061-55916286
Sting1	KO_vs_Neg	SE	-0.298	0.00011	chr18	35872977	35873001	24	chr18:35872477-35873501	chr18:35872877-35873101
Dip2a	KO_vs_Neg	SE	-0.293	0	chr10	76107209	76107239	30	chr10:76106709-76107739	chr10:76107109-76107339
Ergic3	KO_vs_Neg	SE	-0.292	0	chr2	155857296	155857311	15	chr2:155856796-155857811	chr2:155857196-155857411
Ppfia1	KO_vs_Neg	SE	-0.289	0	chr7	144056603	144056633	30	chr7:144056103-144057133	chr7:144056503-144056733
Rab3gap1	KO_vs_Neg	SE	-0.286	0	chr1	127869330	127869351	21	chr1:127868830-127869851	chr1:127869230-127869451
Nbea	KO_vs_Neg	SE	-0.284	0	chr3	55901468	55901477	9	chr3:55900968-55901977	chr3:55901368-55901577
Abi2	KO_vs_Neg	SE	-0.283	0	chr1	60478100	60478118	18	chr1:60477600-60478618	chr1:60478000-60478218
Mast2	KO_vs_Neg	SE	-0.282	0	chr4	116190609	116190630	21	chr4:116190109-116191130	chr4:116190509-116190730
Ank3	KO_vs_Neg	SE	-0.282	3.59e-05	chr10	69765276	69765288	12	chr10:69764776-69765788	chr10:69765176-69765388
Pcgf6	KO_vs_Neg	SE	-0.279	7.62e-10	chr19	47030560	47030578	18	chr19:47030060-47031078	chr19:47030460-47030678
Arhgap23	KO_vs_Neg	SE	-0.278	0	chr11	97382469	97382492	23	chr11:97381969-97382992	chr11:97382369-97382592
Exoc1	KO_vs_Neg	SE	-0.278	2.86e-10	chr5	76688593	76688614	21	chr5:76688093-76689114	chr5:76688493-76688714
Clasp2	KO_vs_Neg	SE	0.276	1.11e-10	chr9	113689187	113689205	18	chr9:113688687-113689705	chr9:113689087-113689305
Ssr1	KO_vs_Neg	SE	-0.264	0	chr13	38167070	38167085	15	chr13:38166570-38167585	chr13:38166970-38167185
Rapgef6	KO_vs_Neg	SE	-0.263	7.49e-07	chr11	54542574	54542589	15	chr11:54542074-54543089	chr11:54542474-54542689
Madd	KO_vs_Neg	SE	-0.262	0	chr2	90971153	90971162	9	chr2:90970653-90971662	chr2:90971053-90971262
Ddhd1	KO_vs_Neg	SE	-0.262	1.86e-06	chr14	45866310	45866331	21	chr14:45865810-45866831	chr14:45866210-45866431
Pacsin2	KO_vs_Neg	SE	-0.259	0	chr15	83267823	83267829	6	chr15:83267323-83268329	chr15:83267723-83267929
Arvcf	KO_vs_Neg	SE	-0.258	0	chr16	18219530	18219548	18	chr16:18219030-18220048	chr16:18219430-18219648
Snap91	KO_vs_Neg	SE	-0.258	1.36e-11	chr9	86680882	86680897	15	chr9:86680382-86681397	chr9:86680782-86680997
Tcf7l2	KO_vs_Neg	SE	-0.256	9.5e-05	chr19	55916161	55916186	25	chr19:55915661-55916686	chr19:55916061-55916286
Mapk8ip3	KO_vs_Neg	SE	-0.255	0	chr17	25127384	25127402	18	chr17:25126884-25127902	chr17:25127284-25127502
Dctn1	KO_vs_Neg	SE	-0.255	0	chr6	83160917	83160938	21	chr6:83160417-83161438	chr6:83160817-83161038
Ewsr1	KO_vs_Neg	SE	-0.255	0	chr11	5041459	5041477	18	chr11:5040959-5041977	chr11:5041359-5041577
Tex30	KO_vs_Neg	SE	-0.253	2.67e-06	chr1	44130342	44130372	30	chr1:44129842-44130872	chr1:44130242-44130472
Tcf7l2	KO_vs_Neg	SE	-0.253	7.39e-05	chr19	55916161	55916186	25	chr19:55915661-55916686	chr19:55916061-55916286
Tenm3	KO_vs_Neg	SE	-0.247	0	chr8	48740167	48740188	21	chr8:48739667-48740688	chr8:48740067-48740288
Pecam1	KO_vs_Neg	SE	-0.246	0.00154	chr11	106552827	106552850	23	chr11:106552327-106553350	chr11:106552727-106552950
Psap	KO_vs_Neg	SE	-0.238	0	chr10	60133316	60133325	9	chr10:60132816-60133825	chr10:60133216-60133425
Iffo1	KO_vs_Neg	SE	0.234	8.53e-12	chr6	125128757	125128766	9	chr6:125128257-125129266	chr6:125128657-125128866
Ppp6r3	KO_vs_Neg	SE	-0.23	0	chr19	3509746	3509764	18	chr19:3509246-3510264	chr19:3509646-3509864
Mon2	KO_vs_Neg	SE	-0.228	0	chr10	122858990	122858993	3	chr10:122858490-122859493	chr10:122858890-122859093
Atp2c1	KO_vs_Neg	SE	-0.228	5.45e-12	chr9	105370741	105370753	12	chr9:105370241-105371253	chr9:105370641-105370853
Sorbs1	KO_vs_Neg	SE	-0.227	5.51e-05	chr19	40371199	40371226	27	chr19:40370699-40371726	chr19:40371099-40371326
Fam168a	KO_vs_Neg	SE	0.226	2.29e-07	chr7	100467942	100467969	27	chr7:100467442-100468469	chr7:100467842-100468069
Kcnq5	KO_vs_Neg	SE	-0.225	0.0352	chr1	21536606	21536633	27	chr1:21536106-21537133	chr1:21536506-21536733
Eif4g1	KO_vs_Neg	SE	-0.224	0	chr16	20493535	20493556	21	chr16:20493035-20494056	chr16:20493435-20493656
Agap1	KO_vs_Neg	SE	-0.223	0	chr1	89538005	89538017	12	chr1:89537505-89538517	chr1:89537905-89538117
6430548M08Rik	KO_vs_Neg	SE	-0.223	3.79e-07	chr8	120884206	120884236	30	chr8:120883706-120884736	chr8:120884106-120884336
Src	KO_vs_Neg	SE	-0.218	3.17e-07	chr2	157300762	157300780	18	chr2:157300262-157301280	chr2:157300662-157300880
Adgrl2	KO_vs_Neg	SE	-0.217	4.15e-05	chr3	148532847	148532874	27	chr3:148532347-148533374	chr3:148532747-148532974
Tmem184b	KO_vs_Neg	SE	-0.216	0	chr15	79247857	79247878	21	chr15:79247357-79248378	chr15:79247757-79247978
Ppfia1	KO_vs_Neg	SE	-0.212	0.00467	chr7	144042427	144042454	27	chr7:144041927-144042954	chr7:144042327-144042554
Gramd1a	KO_vs_Neg	SE	-0.209	0	chr7	30832644	30832656	12	chr7:30832144-30833156	chr7:30832544-30832756
Cask	KO_vs_Neg	SE	-0.208	0	chrX	13462924	13462942	18	chrX:13462424-13463442	chrX:13462824-13463042
Ckap5	KO_vs_Neg	SE	-0.208	7.31e-12	chr2	91429948	91429972	24	chr2:91429448-91430472	chr2:91429848-91430072
Slc38a10	KO_vs_Neg	SE	-0.207	0	chr11	119999292	119999316	24	chr11:119998792-119999816	chr11:119999192-119999416
Marchf7	KO_vs_Neg	SE	-0.207	3.3e-09	chr2	60077831	60077856	25	chr2:60077331-60078356	chr2:60077731-60077956
Gpc6	KO_vs_Neg	SE	-0.207	0.00199	chr14	118129753	118129783	30	chr14:118129253-118130283	chr14:118129653-118129883
Meaf6	KO_vs_Neg	SE	-0.202	0	chr4	125001309	125001339	30	chr4:125000809-125001839	chr4:125001209-125001439
Tnik	KO_vs_Neg	SE	-0.201	1.23e-11	chr3	28679347	28679371	24	chr3:28678847-28679871	chr3:28679247-28679471
Fbxo25	KO_vs_Neg	SE	-0.2	0	chr8	13988921	13988948	27	chr8:13988421-13989448	chr8:13988821-13989048
Spag9	KO_vs_Neg	SE	-0.2	0.0246	chr11	93970024	93970036	12	chr11:93969524-93970536	chr11:93969924-93970136
Arfgap1	KO_vs_Neg	SE	-0.199	0	chr2	180620204	180620234	30	chr2:180619704-180620734	chr2:180620104-180620334
Dctn1	KO_vs_Neg	SE	-0.196	0	chr6	83174300	83174315	15	chr6:83173800-83174815	chr6:83174200-83174415
Vps29	KO_vs_Neg	SE	-0.196	0	chr5	122494856	122494868	12	chr5:122494356-122495368	chr5:122494756-122494968
Gnas	KO_vs_Neg	SE	-0.192	0	chr2	174169900	174169924	24	chr2:174169400-174170424	chr2:174169800-174170024
Picalm	KO_vs_Neg	SE	-0.187	0	chr7	89843480	89843504	24	chr7:89842980-89844004	chr7:89843380-89843604
Col4a1	KO_vs_Neg	SE	-0.187	4.93e-08	chr8	11254535	11254552	17	chr8:11254035-11255052	chr8:11254435-11254652
Incenp	KO_vs_Neg	SE	-0.187	6.47e-08	chr19	9860555	9860567	12	chr19:9860055-9861067	chr19:9860455-9860667
Chpt1	KO_vs_Neg	SE	-0.187	0.036	chr10	88317214	88317241	27	chr10:88316714-88317741	chr10:88317114-88317341
Inpp4a	KO_vs_Neg	SE	-0.183	0.00163	chr1	37413355	37413370	15	chr1:37412855-37413870	chr1:37413255-37413470
Parl	KO_vs_Neg	SE	-0.183	0.00202	chr16	20101673	20101681	8	chr16:20101173-20102181	chr16:20101573-20101781
Dync2h1	KO_vs_Neg	SE	-0.182	0.000141	chr9	7045348	7045369	21	chr9:7044848-7045869	chr9:7045248-7045469
Sh3glb1	KO_vs_Neg	SE	-0.181	0	chr3	144405614	144405638	24	chr3:144405114-144406138	chr3:144405514-144405738
Dock9	KO_vs_Neg	SE	-0.18	4.4e-05	chr14	121797806	121797812	6	chr14:121797306-121798312	chr14:121797706-121797912
Adgrl1	KO_vs_Neg	SE	-0.176	1.53e-06	chr8	84652890	84652905	15	chr8:84652390-84653405	chr8:84652790-84653005
Clasp2	KO_vs_Neg	SE	-0.174	0	chr9	113707817	113707841	24	chr9:113707317-113708341	chr9:113707717-113707941
Dctn4	KO_vs_Neg	SE	-0.174	1.79e-08	chr18	60678428	60678449	21	chr18:60677928-60678949	chr18:60678328-60678549
Napg	KO_vs_Neg	SE	0.174	0.00514	chr18	63116444	63116462	18	chr18:63115944-63116962	chr18:63116344-63116562
Mfsd6	KO_vs_Neg	SE	-0.173	0.000199	chr1	52697857	52697882	25	chr1:52697357-52698382	chr1:52697757-52697982
Tpd52l2	KO_vs_Neg	SE	-0.172	1.4e-10	chr2	181152296	181152323	27	chr2:181151796-181152823	chr2:181152196-181152423
Eef1d	KO_vs_Neg	SE	-0.172	0.00417	chr15	75777734	75777749	15	chr15:75777234-75778249	chr15:75777634-75777849
Wnk1	KO_vs_Neg	SE	-0.167	2.45e-10	chr6	119905083	119905110	27	chr6:119904583-119905610	chr6:119904983-119905210
Vps29	KO_vs_Neg	SE	-0.167	0.00112	chr5	122494856	122494868	12	chr5:122494356-122495368	chr5:122494756-122494968
Dctn1	KO_vs_Neg	SE	-0.167	0.013	chr6	83160917	83160938	21	chr6:83160417-83161438	chr6:83160817-83161038
Psd	KO_vs_Neg	SE	0.167	0.0157	chr19	46314605	46314621	16	chr19:46314105-46315121	chr19:46314505-46314721
Ryr2	KO_vs_Neg	SE	-0.165	0.0162	chr13	11905719	11905734	15	chr13:11905219-11906234	chr13:11905619-11905834
Srrm3	KO_vs_Neg	SE	-0.164	2.51e-09	chr5	135895980	135896000	20	chr5:135895480-135896500	chr5:135895880-135896100
Zfyve27	KO_vs_Neg	SE	-0.163	1.15e-06	chr19	42174058	42174079	21	chr19:42173558-42174579	chr19:42173958-42174179
Ryr1	KO_vs_Neg	SE	-0.163	0.00247	chr7	28744343	28744361	18	chr7:28743843-28744861	chr7:28744243-28744461
Erc1	KO_vs_Neg	SE	-0.162	4.57e-06	chr6	119711041	119711053	12	chr6:119710541-119711553	chr6:119710941-119711153
Stk3	KO_vs_Neg	SE	-0.16	0	chr15	35115083	35115104	21	chr15:35114583-35115604	chr15:35114983-35115204
Myh10	KO_vs_Neg	SE	-0.16	0	chr11	68636760	68636790	30	chr11:68636260-68637290	chr11:68636660-68636890
Edem3	KO_vs_Neg	SE	-0.16	5.75e-09	chr1	151688504	151688519	15	chr1:151688004-151689019	chr1:151688404-151688619
Taf1	KO_vs_Neg	SE	-0.158	2.16e-06	chrX	100634339	100634345	6	chrX:100633839-100634845	chrX:100634239-100634445
Adam22	KO_vs_Neg	SE	-0.157	9.66e-07	chr5	8136593	8136623	30	chr5:8136093-8137123	chr5:8136493-8136723
Bin1	KO_vs_Neg	SE	-0.156	0.000825	chr18	32562752	32562776	24	chr18:32562252-32563276	chr18:32562652-32562876
Dock4	KO_vs_Neg	SE	-0.155	0	chr12	40844595	40844622	27	chr12:40844095-40845122	chr12:40844495-40844722
Nrbp1	KO_vs_Neg	SE	-0.154	6.19e-13	chr5	31403665	31403689	24	chr5:31403165-31404189	chr5:31403565-31403789
Lysmd4	KO_vs_Neg	SE	-0.154	0.00214	chr7	66874123	66874149	26	chr7:66873623-66874649	chr7:66874023-66874249
Asap1	KO_vs_Neg	SE	-0.153	3.38e-11	chr15	64025692	64025701	9	chr15:64025192-64026201	chr15:64025592-64025801
Arl6	KO_vs_Neg	SE	-0.152	3.74e-07	chr16	59439028	59439041	13	chr16:59438528-59439541	chr16:59438928-59439141
Unc13a	KO_vs_Neg	SE	0.151	3.27e-07	chr8	72119284	72119314	30	chr8:72118784-72119814	chr8:72119184-72119414
Ppfia3	KO_vs_Neg	SE	-0.151	0.00488	chr7	44992976	44993003	27	chr7:44992476-44993503	chr7:44992876-44993103
Zfp62	KO_vs_Neg	SE	-0.15	0.0135	chr11	49095277	49095302	25	chr11:49094777-49095802	chr11:49095177-49095402
L1cam	KO_vs_Neg	SE	-0.148	0	chrX	72899257	72899269	12	chrX:72898757-72899769	chrX:72899157-72899369
Cibar1	KO_vs_Neg	SE	-0.147	0	chr4	12169957	12169978	21	chr4:12169457-12170478	chr4:12169857-12170078
Dhx30	KO_vs_Neg	SE	0.147	0.0268	chr9	109937008	109937037	29	chr9:109936508-109937537	chr9:109936908-109937137
Myo18a	KO_vs_Neg	SE	-0.144	0	chr11	77712355	77712376	21	chr11:77711855-77712876	chr11:77712255-77712476
Tenm3	KO_vs_Neg	SE	-0.142	1.84e-05	chr8	48766272	48766299	27	chr8:48765772-48766799	chr8:48766172-48766399
Srrm4	KO_vs_Neg	SE	-0.142	0.000285	chr5	116592731	116592747	16	chr5:116592231-116593247	chr5:116592631-116592847
Ppfia1	KO_vs_Neg	SE	-0.142	0.0126	chr7	144042427	144042454	27	chr7:144041927-144042954	chr7:144042327-144042554
Clasp1	KO_vs_Neg	SE	-0.141	0.0126	chr1	118451050	118451077	27	chr1:118450550-118451577	chr1:118450950-118451177
Sidt2	KO_vs_Neg	SE	-0.139	6.72e-05	chr9	45858838	45858850	12	chr9:45858338-45859350	chr9:45858738-45858950
Kcnc3	KO_vs_Neg	SE	-0.139	0.000907	chr7	44247013	44247043	30	chr7:44246513-44247543	chr7:44246913-44247143
Clasp1	KO_vs_Neg	SE	-0.137	3.52e-07	chr1	118469404	118469428	24	chr1:118468904-118469928	chr1:118469304-118469528
Spag9	KO_vs_Neg	SE	-0.135	4.34e-10	chr11	93970024	93970036	12	chr11:93969524-93970536	chr11:93969924-93970136
Mapkbp1	KO_vs_Neg	SE	-0.135	9.07e-05	chr2	119843781	119843799	18	chr2:119843281-119844299	chr2:119843681-119843899
Trappc8	KO_vs_Neg	SE	-0.134	1.16e-10	chr18	20988877	20988895	18	chr18:20988377-20989395	chr18:20988777-20988995
Vav2	KO_vs_Neg	SE	-0.13	1.57e-12	chr2	27174850	27174865	15	chr2:27174350-27175365	chr2:27174750-27174965
Fnbp1	KO_vs_Neg	SE	-0.13	0.0034	chr2	30934893	30934908	15	chr2:30934393-30935408	chr2:30934793-30935008
Gramd1b	KO_vs_Neg	SE	-0.129	4.38e-05	chr9	40211735	40211747	12	chr9:40211235-40212247	chr9:40211635-40211847
Phf14	KO_vs_Neg	SE	0.129	0.00569	chr6	12047123	12047153	30	chr6:12046623-12047653	chr6:12047023-12047253
Gpatch8	KO_vs_Neg	SE	-0.128	0.000238	chr11	102422138	102422156	18	chr11:102421638-102422656	chr11:102422038-102422256
Vav2	KO_vs_Neg	SE	-0.127	1.18e-12	chr2	27190441	27190456	15	chr2:27189941-27190956	chr2:27190341-27190556
Meaf6	KO_vs_Neg	SE	-0.124	0	chr4	125001309	125001339	30	chr4:125000809-125001839	chr4:125001209-125001439
Sbf1	KO_vs_Neg	SE	-0.124	8.53e-12	chr15	89191374	89191398	24	chr15:89190874-89191898	chr15:89191274-89191498
Trim9	KO_vs_Neg	SE	-0.124	0.02	chr12	70314007	70314037	30	chr12:70313507-70314537	chr12:70313907-70314137
Ddhd1	KO_vs_Neg	SE	-0.121	0.00208	chr14	45866310	45866331	21	chr14:45865810-45866831	chr14:45866210-45866431
Dlg1	KO_vs_Neg	SE	-0.12	1.14e-12	chr16	31673485	31673506	21	chr16:31672985-31674006	chr16:31673385-31673606
Arhgef10l	KO_vs_Neg	SE	0.12	5.85e-10	chr4	140296066	140296081	15	chr4:140295566-140296581	chr4:140295966-140296181
Clip1	KO_vs_Neg	SE	-0.12	1.88e-05	chr5	123719654	123719660	6	chr5:123719154-123720160	chr5:123719554-123719760
Slc12a5	KO_vs_Neg	SE	-0.116	0.00535	chr2	164838783	164838798	15	chr2:164838283-164839298	chr2:164838683-164838898
Fryl	KO_vs_Neg	SE	-0.115	1.05e-11	chr5	73182113	73182131	18	chr5:73181613-73182631	chr5:73182013-73182231
Daam1	KO_vs_Neg	SE	-0.115	0.00355	chr12	72005520	72005547	27	chr12:72005020-72006047	chr12:72005420-72005647
Eef1d	KO_vs_Neg	SE	-0.114	9.2e-08	chr15	75777734	75777749	15	chr15:75777234-75778249	chr15:75777634-75777849
Ptk2	KO_vs_Neg	SE	-0.114	0.00156	chr15	73154066	73154084	18	chr15:73153566-73154584	chr15:73153966-73154184
Dtnbp1	KO_vs_Neg	SE	-0.114	0.016	chr13	45106647	45106670	23	chr13:45106147-45107170	chr13:45106547-45106770
Dclk2	KO_vs_Neg	SE	-0.113	1.45e-07	chr3	86695928	86695941	13	chr3:86695428-86696441	chr3:86695828-86696041
P2rx3	KO_vs_Neg	SE	0.112	0.0317	chr2	84862864	84862891	27	chr2:84862364-84863391	chr2:84862764-84862991
Tenm4	KO_vs_Neg	SE	-0.109	9.18e-05	chr7	96503923	96503944	21	chr7:96503423-96504444	chr7:96503823-96504044
Eef1d	KO_vs_Neg	SE	-0.109	0.000413	chr15	75777734	75777749	15	chr15:75777234-75778249	chr15:75777634-75777849
Wnk1	KO_vs_Neg	SE	-0.108	0	chr6	119905083	119905110	27	chr6:119904583-119905610	chr6:119904983-119905210
Eif4g1	KO_vs_Neg	SE	-0.108	1.85e-13	chr16	20493535	20493556	21	chr16:20493035-20494056	chr16:20493435-20493656
Impdh1	KO_vs_Neg	SE	-0.106	1.15e-11	chr6	29201886	29201903	17	chr6:29201386-29202403	chr6:29201786-29202003
L1cam	KO_vs_Neg	SE	-0.105	0	chrX	72910627	72910642	15	chrX:72910127-72911142	chrX:72910527-72910742
Bak1	KO_vs_Neg	SE	-0.105	1.45e-05	chr17	27240636	27240656	20	chr17:27240136-27241156	chr17:27240536-27240756
Mylpf	KO_vs_Neg	SE	-0.104	0.0115	chr7	126810920	126810935	15	chr7:126810420-126811435	chr7:126810820-126811035
Arhgef1	KO_vs_Neg	SE	-0.104	0.0137	chr7	24617944	24617956	12	chr7:24617444-24618456	chr7:24617844-24618056
Dlg1	KO_vs_Neg	SE	0.104	0.0245	chr16	31673485	31673506	21	chr16:31672985-31674006	chr16:31673385-31673606
Ppfia1	KO_vs_Neg	SE	-0.103	5.19e-05	chr7	144042427	144042454	27	chr7:144041927-144042954	chr7:144042327-144042554
Nrcam	KO_vs_Neg	SE	-0.103	0.00486	chr12	44581839	44581857	18	chr12:44581339-44582357	chr12:44581739-44581957
Phf21b	KO_vs_Neg	SE	-0.102	2.33e-05	chr15	84678096	84678119	23	chr15:84677596-84678619	chr15:84677996-84678219
Dctn1	KO_vs_Neg	SE	-0.102	0.00251	chr6	83160917	83160938	21	chr6:83160417-83161438	chr6:83160817-83161038
Inpp4a	KO_vs_Neg	SE	-0.101	0.0409	chr1	37413352	37413370	18	chr1:37412852-37413870	chr1:37413252-37413470
Kcnq2	KO_vs_Neg	SE	-0.1	0.000269	chr2	180745434	180745464	30	chr2:180744934-180745964	chr2:180745334-180745564
Prss41	KO_vs_Parental	SE	0.667	0.0195	chr17	24062930	24062957	27	chr17:24062430-24063457	chr17:24062830-24063057
Ncam1	KO_vs_Parental	SE	-0.445	0.000288	chr9	49453187	49453202	15	chr9:49452687-49453702	chr9:49453087-49453302
Ttc8	KO_vs_Parental	SE	-0.444	0.000465	chr12	98903378	98903408	30	chr12:98902878-98903908	chr12:98903278-98903508
Kcnc3	KO_vs_Parental	SE	0.435	0.00217	chr7	44247013	44247043	30	chr7:44246513-44247543	chr7:44246913-44247143
Zcrb1	KO_vs_Parental	SE	-0.371	8.5e-06	chr15	93293467	93293496	29	chr15:93292967-93293996	chr15:93293367-93293596
Sting1	KO_vs_Parental	SE	-0.354	9.86e-06	chr18	35872977	35873001	24	chr18:35872477-35873501	chr18:35872877-35873101
Ppfia1	KO_vs_Parental	SE	-0.354	0.000103	chr7	144042427	144042454	27	chr7:144041927-144042954	chr7:144042327-144042554
Cacnb1	KO_vs_Parental	SE	-0.341	0.0496	chr11	97901452	97901472	20	chr11:97900952-97901972	chr11:97901352-97901572
P2rx3	KO_vs_Parental	SE	-0.331	0.00356	chr2	84862864	84862891	27	chr2:84862364-84863391	chr2:84862764-84862991
Psd	KO_vs_Parental	SE	0.306	0.000581	chr19	46314605	46314621	16	chr19:46314105-46315121	chr19:46314505-46314721
Tbc1d4	KO_vs_Parental	SE	-0.29	8.5e-06	chr14	101698134	101698137	3	chr14:101697634-101698637	chr14:101698034-101698237
Tcf7l2	KO_vs_Parental	SE	-0.261	8.32e-05	chr19	55916161	55916186	25	chr19:55915661-55916686	chr19:55916061-55916286
Nrxn2	KO_vs_Parental	SE	0.25	0.01	chr19	6498284	6498314	30	chr19:6497784-6498814	chr19:6498184-6498414
Dpy19l1	KO_vs_Parental	SE	0.247	0.0479	chr9	24397000	24397025	25	chr9:24396500-24397525	chr9:24396900-24397125
Ppfia1	KO_vs_Parental	SE	-0.242	0.000197	chr7	144042427	144042454	27	chr7:144041927-144042954	chr7:144042327-144042554
Pus7	KO_vs_Parental	SE	-0.241	1.19e-12	chr5	23968331	23968349	18	chr5:23967831-23968849	chr5:23968231-23968449
Pcgf6	KO_vs_Parental	SE	-0.239	8.02e-05	chr19	47030560	47030578	18	chr19:47030060-47031078	chr19:47030460-47030678
Dclk2	KO_vs_Parental	SE	0.237	0.00139	chr3	86695928	86695941	13	chr3:86695428-86696441	chr3:86695828-86696041
Ryr1	KO_vs_Parental	SE	-0.234	0.0418	chr7	28816632	28816653	21	chr7:28816132-28817153	chr7:28816532-28816753
Tcf7l2	KO_vs_Parental	SE	-0.23	0.000145	chr19	55916161	55916186	25	chr19:55915661-55916686	chr19:55916061-55916286
Slit2	KO_vs_Parental	SE	-0.22	0.0011	chr5	48378308	48378332	24	chr5:48377808-48378832	chr5:48378208-48378432
Iffo1	KO_vs_Parental	SE	0.212	4.15e-11	chr6	125128757	125128766	9	chr6:125128257-125129266	chr6:125128657-125128866
Unc79	KO_vs_Parental	SE	0.207	0.0296	chr12	103016153	103016182	29	chr12:103015653-103016682	chr12:103016053-103016282
2210408F21Rik	KO_vs_Parental	SE	-0.202	0.0156	chr6	31305266	31305295	29	chr6:31304766-31305795	chr6:31305166-31305395
Adgrl2	KO_vs_Parental	SE	-0.2	2.75e-05	chr3	148566062	148566074	12	chr3:148565562-148566574	chr3:148565962-148566174
Abi2	KO_vs_Parental	SE	-0.192	0	chr1	60478100	60478118	18	chr1:60477600-60478618	chr1:60478000-60478218
Ank2	KO_vs_Parental	SE	-0.184	0.00608	chr3	126772904	126772916	12	chr3:126772404-126773416	chr3:126772804-126773016
Chpt1	KO_vs_Parental	SE	-0.182	0.0172	chr10	88317214	88317241	27	chr10:88316714-88317741	chr10:88317114-88317341
Psap	KO_vs_Parental	SE	-0.169	0	chr10	60133316	60133325	9	chr10:60132816-60133825	chr10:60133216-60133425
Tpd52	KO_vs_Parental	SE	-0.167	4.35e-07	chr3	9008610	9008637	27	chr3:9008110-9009137	chr3:9008510-9008737
Clasp2	KO_vs_Parental	SE	0.156	0.000383	chr9	113689187	113689205	18	chr9:113688687-113689705	chr9:113689087-113689305
Fbxo25	KO_vs_Parental	SE	-0.151	1.79e-09	chr8	13988921	13988948	27	chr8:13988421-13989448	chr8:13988821-13989048
L1cam	KO_vs_Parental	SE	-0.15	0	chrX	72899257	72899269	12	chrX:72898757-72899769	chrX:72899157-72899369
Unc13a	KO_vs_Parental	SE	0.148	5.14e-07	chr8	72119284	72119314	30	chr8:72118784-72119814	chr8:72119184-72119414
Dop1a	KO_vs_Parental	SE	-0.147	0.0431	chr9	86388923	86388953	30	chr9:86388423-86389453	chr9:86388823-86389053
Tmem184b	KO_vs_Parental	SE	-0.142	5.23e-06	chr15	79247857	79247878	21	chr15:79247357-79248378	chr15:79247757-79247978
Dctn1	KO_vs_Parental	SE	0.142	0.0107	chr6	83163409	83163427	18	chr6:83162909-83163927	chr6:83163309-83163527
Mars1	KO_vs_Parental	SE	-0.141	6.09e-09	chr10	127132585	127132609	24	chr10:127132085-127133109	chr10:127132485-127132709
Slc12a5	KO_vs_Parental	SE	-0.139	0.000157	chr2	164838783	164838798	15	chr2:164838283-164839298	chr2:164838683-164838898
Incenp	KO_vs_Parental	SE	-0.139	0.000414	chr19	9860555	9860567	12	chr19:9860055-9861067	chr19:9860455-9860667
Myef2	KO_vs_Parental	SE	-0.139	0.00156	chr2	124929596	124929623	27	chr2:124929096-124930123	chr2:124929496-124929723
Dctn1	KO_vs_Parental	SE	-0.134	2.91e-06	chr6	83174300	83174315	15	chr6:83173800-83174815	chr6:83174200-83174415
Gpatch8	KO_vs_Parental	SE	-0.133	5.81e-05	chr11	102422138	102422156	18	chr11:102421638-102422656	chr11:102422038-102422256
Vti1a	KO_vs_Parental	SE	0.133	0.0286	chr19	55375620	55375641	21	chr19:55375120-55376141	chr19:55375520-55375741
Meaf6	KO_vs_Parental	SE	-0.129	0.000997	chr4	125001309	125001339	30	chr4:125000809-125001839	chr4:125001209-125001439
Ank3	KO_vs_Parental	SE	-0.129	0.00321	chr10	69816653	69816680	27	chr10:69816153-69817180	chr10:69816553-69816780
Sh3glb1	KO_vs_Parental	SE	-0.128	3.7e-09	chr3	144405614	144405638	24	chr3:144405114-144406138	chr3:144405514-144405738
Agap1	KO_vs_Parental	SE	-0.128	1.36e-05	chr1	89538005	89538017	12	chr1:89537505-89538517	chr1:89537905-89538117
Pacsin2	KO_vs_Parental	SE	-0.127	2.69e-06	chr15	83267823	83267829	6	chr15:83267323-83268329	chr15:83267723-83267929
Dip2a	KO_vs_Parental	SE	-0.125	0.00173	chr10	76107209	76107239	30	chr10:76106709-76107739	chr10:76107109-76107339
Wnk1	KO_vs_Parental	SE	-0.124	0.000204	chr6	119905083	119905110	27	chr6:119904583-119905610	chr6:119904983-119905210
Ergic3	KO_vs_Parental	SE	-0.123	1.69e-05	chr2	155857296	155857311	15	chr2:155856796-155857811	chr2:155857196-155857411
Mon2	KO_vs_Parental	SE	-0.123	0.00306	chr10	122858990	122858993	3	chr10:122858490-122859493	chr10:122858890-122859093
Apbb1	KO_vs_Parental	SE	0.122	0.0042	chr7	105217825	105217838	13	chr7:105217325-105218338	chr7:105217725-105217938
Cpeb4	KO_vs_Parental	SE	0.122	0.0125	chr11	31868800	31868824	24	chr11:31868300-31869324	chr11:31868700-31868924
6430548M08Rik	KO_vs_Parental	SE	-0.121	0.0274	chr8	120884206	120884236	30	chr8:120883706-120884736	chr8:120884106-120884336
Tenm4	KO_vs_Parental	SE	-0.12	0.00294	chr7	96503923	96503944	21	chr7:96503423-96504444	chr7:96503823-96504044
Madd	KO_vs_Parental	SE	-0.119	0.00165	chr2	90971153	90971162	9	chr2:90970653-90971662	chr2:90971053-90971262
Tmem245	KO_vs_Parental	SE	-0.118	0.00523	chr4	56922386	56922410	24	chr4:56921886-56922910	chr4:56922286-56922510
Zfp58	KO_vs_Parental	SE	-0.117	0.00676	chr13	67644303	67644330	27	chr13:67643803-67644830	chr13:67644203-67644430
Clasp2	KO_vs_Parental	SE	-0.116	1.23e-05	chr9	113707817	113707841	24	chr9:113707317-113708341	chr9:113707717-113707941
Agrn	KO_vs_Parental	SE	-0.114	2.72e-11	chr4	156254002	156254014	12	chr4:156253502-156254514	chr4:156253902-156254114
Dtnbp1	KO_vs_Parental	SE	-0.114	0.0171	chr13	45106647	45106670	23	chr13:45106147-45107170	chr13:45106547-45106770
Adgrl1	KO_vs_Parental	SE	-0.112	0.00952	chr8	84652890	84652905	15	chr8:84652390-84653405	chr8:84652790-84653005
Ckap5	KO_vs_Parental	SE	-0.11	0.00404	chr2	91429948	91429972	24	chr2:91429448-91430472	chr2:91429848-91430072
Hnrnpa2b1	KO_vs_Parental	SE	-0.109	6.62e-05	chr6	51441407	51441431	24	chr6:51440907-51441931	chr6:51441307-51441531
Arhgap21	KO_vs_Parental	SE	0.109	0.0259	chr2	20888010	20888040	30	chr2:20887510-20888540	chr2:20887910-20888140
Plekha5	KO_vs_Parental	SE	0.108	9.72e-06	chr6	140482731	140482749	18	chr6:140482231-140483249	chr6:140482631-140482849
Htra2	KO_vs_Parental	SE	-0.108	0.00058	chr6	83029678	83029707	29	chr6:83029178-83030207	chr6:83029578-83029807
Ssr1	KO_vs_Parental	SE	-0.108	0.00104	chr13	38167070	38167085	15	chr13:38166570-38167585	chr13:38166970-38167185
Mapk8ip3	KO_vs_Parental	SE	-0.106	8.71e-05	chr17	25127384	25127402	18	chr17:25126884-25127902	chr17:25127284-25127502
Meaf6	KO_vs_Parental	SE	-0.103	2.02e-13	chr4	125001309	125001339	30	chr4:125000809-125001839	chr4:125001209-125001439
Zmynd8	KO_vs_Parental	SE	-0.103	0.00121	chr2	165694787	165694799	12	chr2:165694287-165695299	chr2:165694687-165694899
Sh3glb2	KO_vs_Parental	SE	-0.102	8.36e-05	chr2	30239237	30239249	12	chr2:30238737-30239749	chr2:30239137-30239349
Sag	KO_vs_Pos	SE	1	2.59e-10	chr1	87771833	87771843	10	chr1:87771333-87772343	chr1:87771733-87771943
Vps29	KO_vs_Pos	SE	-0.676	1.18e-05	chr5	122494856	122494868	12	chr5:122494356-122495368	chr5:122494756-122494968
Nrbp1	KO_vs_Pos	SE	0.528	3.53e-06	chr5	31403665	31403689	24	chr5:31403165-31404189	chr5:31403565-31403789
Phf14	KO_vs_Pos	SE	0.504	0.00206	chr6	12047123	12047153	30	chr6:12046623-12047653	chr6:12047023-12047253
Clasp1	KO_vs_Pos	SE	-0.444	0.00198	chr1	118440434	118440458	24	chr1:118439934-118440958	chr1:118440334-118440558
Pdlim5	KO_vs_Pos	SE	0.417	0.000425	chr3	142012044	142012059	15	chr3:142011544-142012559	chr3:142011944-142012159
Urgcp	KO_vs_Pos	SE	0.369	0.027	chr11	5676830	5676857	27	chr11:5676330-5677357	chr11:5676730-5676957
Lmbr1	KO_vs_Pos	SE	0.35	1.19e-06	chr5	29528799	29528822	23	chr5:29528299-29529322	chr5:29528699-29528922
Micu1	KO_vs_Pos	SE	-0.342	0.00625	chr10	59602905	59602911	6	chr10:59602405-59603411	chr10:59602805-59603011
Rps24	KO_vs_Pos	SE	0.33	0	chr14	24544119	24544137	18	chr14:24543619-24544637	chr14:24544019-24544237
Zcrb1	KO_vs_Pos	SE	-0.314	0.00216	chr15	93293467	93293496	29	chr15:93292967-93293996	chr15:93293367-93293596
Zfp58	KO_vs_Pos	SE	-0.293	0.000498	chr13	67644303	67644330	27	chr13:67643803-67644830	chr13:67644203-67644430
Fam168a	KO_vs_Pos	SE	0.289	3.79e-10	chr7	100467942	100467969	27	chr7:100467442-100468469	chr7:100467842-100468069
Ryr2	KO_vs_Pos	SE	0.28	0.034	chr13	11905719	11905734	15	chr13:11905219-11906234	chr13:11905619-11905834
Chpt1	KO_vs_Pos	SE	-0.269	0.0484	chr10	88317214	88317241	27	chr10:88316714-88317741	chr10:88317114-88317341
Hmgn1	KO_vs_Pos	SE	-0.261	0.037	chr16	95928510	95928540	30	chr16:95928010-95929040	chr16:95928410-95928640
Spag9	KO_vs_Pos	SE	-0.26	0.00451	chr11	93971565	93971580	15	chr11:93971065-93972080	chr11:93971465-93971680
Clasp2	KO_vs_Pos	SE	0.256	5.28e-12	chr9	113689187	113689205	18	chr9:113688687-113689705	chr9:113689087-113689305
Zmynd8	KO_vs_Pos	SE	-0.237	0	chr2	165694787	165694799	12	chr2:165694287-165695299	chr2:165694687-165694899
Slit2	KO_vs_Pos	SE	-0.233	0.000447	chr5	48378308	48378332	24	chr5:48377808-48378832	chr5:48378208-48378432
Iffo1	KO_vs_Pos	SE	0.23	2.05e-13	chr6	125128757	125128766	9	chr6:125128257-125129266	chr6:125128657-125128866
Bak1	KO_vs_Pos	SE	0.214	5.2e-09	chr17	27240636	27240656	20	chr17:27240136-27241156	chr17:27240536-27240756
Exoc1	KO_vs_Pos	SE	-0.212	8.02e-05	chr5	76688593	76688614	21	chr5:76688093-76689114	chr5:76688493-76688714
Tcf7l2	KO_vs_Pos	SE	-0.21	0.00191	chr19	55916161	55916186	25	chr19:55915661-55916686	chr19:55916061-55916286
Cdk5rap2	KO_vs_Pos	SE	0.207	2.94e-07	chr4	70165184	70165211	27	chr4:70164684-70165711	chr4:70165084-70165311
Mef2a	KO_vs_Pos	SE	0.206	0	chr7	66894268	66894292	24	chr7:66893768-66894792	chr7:66894168-66894392
Ppfia1	KO_vs_Pos	SE	-0.195	9.6e-07	chr7	144056603	144056633	30	chr7:144056103-144057133	chr7:144056503-144056733
Col4a1	KO_vs_Pos	SE	0.193	9.81e-12	chr8	11254535	11254552	17	chr8:11254035-11255052	chr8:11254435-11254652
Sgip1	KO_vs_Pos	SE	-0.19	0.0453	chr4	102757722	102757734	12	chr4:102757222-102758234	chr4:102757622-102757834
Parl	KO_vs_Pos	SE	-0.179	0.0082	chr16	20101673	20101681	8	chr16:20101173-20102181	chr16:20101573-20101781
Nphs1	KO_vs_Pos	SE	0.177	0.00134	chr7	30181066	30181091	25	chr7:30180566-30181591	chr7:30180966-30181191
Clasp2	KO_vs_Pos	SE	-0.175	1.29e-06	chr9	113687648	113687672	24	chr9:113687148-113688172	chr9:113687548-113687772
Sptan1	KO_vs_Pos	SE	0.172	0	chr2	29904169	29904184	15	chr2:29903669-29904684	chr2:29904069-29904284
Eml5	KO_vs_Pos	SE	0.17	1.26e-05	chr12	98787858	98787873	15	chr12:98787358-98788373	chr12:98787758-98787973
Asap2	KO_vs_Pos	SE	0.169	0	chr12	21264362	21264371	9	chr12:21263862-21264871	chr12:21264262-21264471
Ddhd1	KO_vs_Pos	SE	-0.169	0.0278	chr14	45866310	45866331	21	chr14:45865810-45866831	chr14:45866210-45866431
Ppfia1	KO_vs_Pos	SE	-0.169	0.0456	chr7	144042427	144042454	27	chr7:144041927-144042954	chr7:144042327-144042554
Kcnc3	KO_vs_Pos	SE	-0.167	0.000336	chr7	44247013	44247043	30	chr7:44246513-44247543	chr7:44246913-44247143
Nbea	KO_vs_Pos	SE	-0.165	6.97e-05	chr3	55901468	55901477	9	chr3:55900968-55901977	chr3:55901368-55901577
Dclk2	KO_vs_Pos	SE	0.165	0.0193	chr3	86695928	86695941	13	chr3:86695428-86696441	chr3:86695828-86696041
Arvcf	KO_vs_Pos	SE	-0.164	1.37e-08	chr16	18219530	18219548	18	chr16:18219030-18220048	chr16:18219430-18219648
Tpd52	KO_vs_Pos	SE	-0.16	2.05e-13	chr3	9008610	9008637	27	chr3:9008110-9009137	chr3:9008510-9008737
Col7a1	KO_vs_Pos	SE	0.16	4.22e-06	chr9	108794117	108794144	27	chr9:108793617-108794644	chr9:108794017-108794244
Arhgap23	KO_vs_Pos	SE	-0.159	5.62e-06	chr11	97382469	97382492	23	chr11:97381969-97382992	chr11:97382369-97382592
Pus7	KO_vs_Pos	SE	-0.156	6.59e-06	chr5	23968331	23968349	18	chr5:23967831-23968849	chr5:23968231-23968449
Pla2g6	KO_vs_Pos	SE	0.156	0.0111	chr15	79187773	79187802	29	chr15:79187273-79188302	chr15:79187673-79187902
Mpp7	KO_vs_Pos	SE	-0.154	0.00151	chr18	7430394	7430415	21	chr18:7429894-7430915	chr18:7430294-7430515
Plch2	KO_vs_Pos	SE	-0.151	0.0219	chr4	155069822	155069849	27	chr4:155069322-155070349	chr4:155069722-155069949
Nktr	KO_vs_Pos	SE	0.15	0.000238	chr9	121559062	121559090	28	chr9:121558562-121559590	chr9:121558962-121559190
Adgrl1	KO_vs_Pos	SE	-0.147	0.000259	chr8	84652890	84652905	15	chr8:84652390-84653405	chr8:84652790-84653005
Vps29	KO_vs_Pos	SE	-0.146	1.61e-09	chr5	122494856	122494868	12	chr5:122494356-122495368	chr5:122494756-122494968
Ablim3	KO_vs_Pos	SE	0.145	0.0145	chr18	61938707	61938715	8	chr18:61938207-61939215	chr18:61938607-61938815
Snx21	KO_vs_Pos	SE	0.142	0.0404	chr2	164633477	164633488	11	chr2:164632977-164633988	chr2:164633377-164633588
Dst	KO_vs_Pos	SE	0.14	0	chr1	34335822	34335840	18	chr1:34335322-34336340	chr1:34335722-34335940
Tbc1d24	KO_vs_Pos	SE	0.137	0.000236	chr17	24403354	24403372	18	chr17:24402854-24403872	chr17:24403254-24403472
Asap1	KO_vs_Pos	SE	0.137	0.0138	chr15	64025692	64025701	9	chr15:64025192-64026201	chr15:64025592-64025801
Mib2	KO_vs_Pos	SE	0.137	0.0146	chr4	155739708	155739727	19	chr4:155739208-155740227	chr4:155739608-155739827
Atp6v0a1	KO_vs_Pos	SE	0.136	0	chr11	100940284	100940302	18	chr11:100939784-100940802	chr11:100940184-100940402
Tnik	KO_vs_Pos	SE	-0.136	0.000485	chr3	28679347	28679371	24	chr3:28678847-28679871	chr3:28679247-28679471
Git2	KO_vs_Pos	SE	0.134	7.05e-05	chr5	114891208	114891214	6	chr5:114890708-114891714	chr5:114891108-114891314
Syne1	KO_vs_Pos	SE	0.134	0.025	chr10	5376254	5376275	21	chr10:5375754-5376775	chr10:5376154-5376375
Snap91	KO_vs_Pos	SE	-0.133	2.75e-05	chr9	86680882	86680897	15	chr9:86680382-86681397	chr9:86680782-86680997
Sorbs1	KO_vs_Pos	SE	-0.133	0.0027	chr19	40371199	40371226	27	chr19:40370699-40371726	chr19:40371099-40371326
Tpd52	KO_vs_Pos	SE	-0.13	0	chr3	9008610	9008637	27	chr3:9008110-9009137	chr3:9008510-9008737
Rab3gap1	KO_vs_Pos	SE	-0.13	0.000303	chr1	127869330	127869351	21	chr1:127868830-127869851	chr1:127869230-127869451
Ppfia1	KO_vs_Pos	SE	-0.129	0.0132	chr7	144042427	144042454	27	chr7:144041927-144042954	chr7:144042327-144042554
Abi2	KO_vs_Pos	SE	-0.128	1.98e-07	chr1	60478100	60478118	18	chr1:60477600-60478618	chr1:60478000-60478218
Clasp1	KO_vs_Pos	SE	-0.127	5.14e-06	chr1	118469404	118469428	24	chr1:118468904-118469928	chr1:118469304-118469528
Vav2	KO_vs_Pos	SE	0.124	7.24e-05	chr2	27190441	27190456	15	chr2:27189941-27190956	chr2:27190341-27190556
Unc13a	KO_vs_Pos	SE	0.123	7.51e-05	chr8	72119284	72119314	30	chr8:72118784-72119814	chr8:72119184-72119414
Kif1b	KO_vs_Pos	SE	0.12	0	chr4	149349801	149349819	18	chr4:149349301-149350319	chr4:149349701-149349919
Picalm	KO_vs_Pos	SE	0.119	3.45e-05	chr7	89843480	89843504	24	chr7:89842980-89844004	chr7:89843380-89843604
Sh3glb2	KO_vs_Pos	SE	0.118	0	chr2	30236070	30236085	15	chr2:30235570-30236585	chr2:30235970-30236185
Mroh1	KO_vs_Pos	SE	0.117	9.71e-11	chr15	76316571	76316598	27	chr15:76316071-76317098	chr15:76316471-76316698
Arhgef10l	KO_vs_Pos	SE	0.117	5.06e-10	chr4	140296066	140296081	15	chr4:140295566-140296581	chr4:140295966-140296181
Cacnb3	KO_vs_Pos	SE	0.117	0.00237	chr15	98538839	98538859	20	chr15:98538339-98539359	chr15:98538739-98538959
Dip2a	KO_vs_Pos	SE	-0.115	0.00127	chr10	76107209	76107239	30	chr10:76106709-76107739	chr10:76107109-76107339
Dtnbp1	KO_vs_Pos	SE	-0.114	0.0175	chr13	45106647	45106670	23	chr13:45106147-45107170	chr13:45106547-45106770
Zfp62	KO_vs_Pos	SE	-0.114	0.025	chr11	49095277	49095302	25	chr11:49094777-49095802	chr11:49095177-49095402
Hnrnpc	KO_vs_Pos	SE	-0.113	4.36e-06	chr14	52335471	52335497	26	chr14:52334971-52335997	chr14:52335371-52335597
Ank3	KO_vs_Pos	SE	-0.112	0.0311	chr10	69816653	69816680	27	chr10:69816153-69817180	chr10:69816553-69816780
Slc38a10	KO_vs_Pos	SE	-0.111	4.8e-09	chr11	119999292	119999316	24	chr11:119998792-119999816	chr11:119999192-119999416
Macf1	KO_vs_Pos	SE	0.111	3.95e-08	chr4	123257849	123257867	18	chr4:123257349-123258367	chr4:123257749-123257967
Apbb1	KO_vs_Pos	SE	0.111	0.00832	chr7	105217825	105217838	13	chr7:105217325-105218338	chr7:105217725-105217938
Mef2d	KO_vs_Pos	SE	0.11	1.94e-12	chr3	88069087	88069108	21	chr3:88068587-88069608	chr3:88068987-88069208
Asap1	KO_vs_Pos	SE	0.11	3.53e-10	chr15	64025692	64025701	9	chr15:64025192-64026201	chr15:64025592-64025801
Tenm3	KO_vs_Pos	SE	-0.109	0.00205	chr8	48740167	48740188	21	chr8:48739667-48740688	chr8:48740067-48740288
Srrm4	KO_vs_Pos	SE	-0.108	0.00659	chr5	116592731	116592747	16	chr5:116592231-116593247	chr5:116592631-116592847
Ncor1	KO_vs_Pos	SE	-0.108	0.0439	chr11	62294261	62294288	27	chr11:62293761-62294788	chr11:62294161-62294388
Snap91	KO_vs_Pos	SE	0.106	0.00751	chr9	86680882	86680897	15	chr9:86680382-86681397	chr9:86680782-86680997
Ptprf	KO_vs_Pos	SE	0.105	0	chr4	118085015	118085042	27	chr4:118084515-118085542	chr4:118084915-118085142
Gnl3l	KO_vs_Pos	SE	0.105	4.95e-08	chrX	149787266	149787281	15	chrX:149786766-149787781	chrX:149787166-149787381
Fry	KO_vs_Pos	SE	0.105	0.00173	chr5	150384853	150384862	9	chr5:150384353-150385362	chr5:150384753-150384962
Nckap1	KO_vs_Pos	SE	0.103	5.06e-10	chr2	80401556	80401574	18	chr2:80401056-80402074	chr2:80401456-80401674
Ptprs	KO_vs_Pos	SE	0.1	1.03e-11	chr17	56734790	56734817	27	chr17:56734290-56735317	chr17:56734690-56734917
Nrxn3	Neg_vs_Parental	SE	-0.789	1.58e-08	chr12	89321222	89321249	27	chr12:89320722-89321749	chr12:89321122-89321349
Prss41	Neg_vs_Parental	SE	0.547	0.000139	chr17	24062930	24062957	27	chr17:24062430-24063457	chr17:24062830-24063057
Itga8	Neg_vs_Parental	SE	0.489	6.84e-06	chr2	12198080	12198093	13	chr2:12197580-12198593	chr2:12197980-12198193
Sgip1	Neg_vs_Parental	SE	0.461	0.00482	chr4	102757722	102757734	12	chr4:102757222-102758234	chr4:102757622-102757834
Bin1	Neg_vs_Parental	SE	0.456	0.0187	chr18	32562752	32562776	24	chr18:32562252-32563276	chr18:32562652-32562876
Car14	Neg_vs_Parental	SE	0.423	6.2e-05	chr3	95808770	95808792	22	chr3:95808270-95809292	chr3:95808670-95808892
Dpy19l1	Neg_vs_Parental	SE	0.413	0.000211	chr9	24397000	24397025	25	chr9:24396500-24397525	chr9:24396900-24397125
Ncam1	Neg_vs_Parental	SE	-0.382	0.0375	chr9	49453187	49453202	15	chr9:49452687-49453702	chr9:49453087-49453302
Plch2	Neg_vs_Parental	SE	0.381	0.00135	chr4	155069822	155069849	27	chr4:155069322-155070349	chr4:155069722-155069949
Kcnq5	Neg_vs_Parental	SE	0.353	0.0168	chr1	21536606	21536633	27	chr1:21536106-21537133	chr1:21536506-21536733
Ryr2	Neg_vs_Parental	SE	0.338	0.00383	chr13	11905719	11905734	15	chr13:11905219-11906234	chr13:11905619-11905834
Shank3	Neg_vs_Parental	SE	0.338	0.00566	chr15	89440923	89440951	28	chr15:89440423-89441451	chr15:89440823-89441051
Kcnc3	Neg_vs_Parental	SE	0.326	0.000352	chr7	44247013	44247043	30	chr7:44246513-44247543	chr7:44246913-44247143
Agrn	Neg_vs_Parental	SE	0.323	0.0041	chr4	156253002	156253026	24	chr4:156252502-156253526	chr4:156252902-156253126
Tpd52	Neg_vs_Parental	SE	0.314	4.42e-07	chr3	9008610	9008637	27	chr3:9008110-9009137	chr3:9008510-9008737
Sipa1	Neg_vs_Parental	SE	0.295	6.66e-05	chr19	5711623	5711651	28	chr19:5711123-5712151	chr19:5711523-5711751
Vti1a	Neg_vs_Parental	SE	0.293	0.0119	chr19	55375620	55375641	21	chr19:55375120-55376141	chr19:55375520-55375741
Trrap	Neg_vs_Parental	SE	0.291	2.55e-11	chr5	144747141	144747162	21	chr5:144746641-144747662	chr5:144747041-144747262
Unc79	Neg_vs_Parental	SE	0.285	5.85e-05	chr12	103016153	103016182	29	chr12:103015653-103016682	chr12:103016053-103016282
Nrxn3	Neg_vs_Parental	SE	-0.277	0.00398	chr12	88817048	88817078	30	chr12:88816548-88817578	chr12:88816948-88817178
Ppfia1	Neg_vs_Parental	SE	0.265	7.94e-12	chr7	144056603	144056633	30	chr7:144056103-144057133	chr7:144056503-144056733
Dctn1	Neg_vs_Parental	SE	0.262	0	chr6	83160917	83160938	21	chr6:83160417-83161438	chr6:83160817-83161038
Clasp2	Neg_vs_Parental	SE	0.252	1.26e-07	chr9	113687648	113687672	24	chr9:113687148-113688172	chr9:113687548-113687772
Exoc1	Neg_vs_Parental	SE	0.252	1.59e-06	chr5	76688593	76688614	21	chr5:76688093-76689114	chr5:76688493-76688714
Ank3	Neg_vs_Parental	SE	0.251	0.00548	chr10	69765276	69765288	12	chr10:69764776-69765788	chr10:69765176-69765388
Mast2	Neg_vs_Parental	SE	0.248	0	chr4	116190609	116190630	21	chr4:116190109-116191130	chr4:116190509-116190730
Ppfia3	Neg_vs_Parental	SE	0.239	5.19e-09	chr7	44992976	44993003	27	chr7:44992476-44993503	chr7:44992876-44993103
Sh3glb2	Neg_vs_Parental	SE	0.228	1e-13	chr2	30239237	30239249	12	chr2:30238737-30239749	chr2:30239137-30239349
Arhgap23	Neg_vs_Parental	SE	0.228	8e-13	chr11	97382469	97382492	23	chr11:97381969-97382992	chr11:97382369-97382592
Ewsr1	Neg_vs_Parental	SE	0.222	0	chr11	5041459	5041477	18	chr11:5040959-5041977	chr11:5041359-5041577
Shank2	Neg_vs_Parental	SE	0.216	0.00367	chr7	143961792	143961813	21	chr7:143961292-143962313	chr7:143961692-143961913
Ppp6r3	Neg_vs_Parental	SE	0.211	0	chr19	3509746	3509764	18	chr19:3509246-3510264	chr19:3509646-3509864
Rapgef6	Neg_vs_Parental	SE	0.211	0.000565	chr11	54542574	54542589	15	chr11:54542074-54543089	chr11:54542474-54542689
Arhgap21	Neg_vs_Parental	SE	0.21	4.24e-05	chr2	20888010	20888040	30	chr2:20887510-20888540	chr2:20887910-20888140
Zmynd8	Neg_vs_Parental	SE	0.206	2.99e-12	chr2	165694787	165694799	12	chr2:165694287-165695299	chr2:165694687-165694899
Tenm3	Neg_vs_Parental	SE	0.204	0.0346	chr8	48766272	48766299	27	chr8:48765772-48766799	chr8:48766172-48766399
Adgrl2	Neg_vs_Parental	SE	0.203	0.00021	chr3	148532847	148532874	27	chr3:148532347-148533374	chr3:148532747-148532974
Ddhd1	Neg_vs_Parental	SE	0.202	1.72e-05	chr14	45866310	45866331	21	chr14:45865810-45866831	chr14:45866210-45866431
Nbea	Neg_vs_Parental	SE	0.201	1.83e-13	chr3	55901468	55901477	9	chr3:55900968-55901977	chr3:55901368-55901577
Taf1	Neg_vs_Parental	SE	0.201	5.8e-11	chrX	100634339	100634345	6	chrX:100633839-100634845	chrX:100634239-100634445
Fxyd7	Neg_vs_Parental	SE	0.198	0.000915	chr7	30746797	30746827	30	chr7:30746297-30747327	chr7:30746697-30746927
Spag9	Neg_vs_Parental	SE	0.196	0.00595	chr11	93970024	93970036	12	chr11:93969524-93970536	chr11:93969924-93970136
Snap91	Neg_vs_Parental	SE	0.195	0.000122	chr9	86680882	86680897	15	chr9:86680382-86681397	chr9:86680782-86680997
Dop1a	Neg_vs_Parental	SE	0.195	0.0428	chr9	86388923	86388953	30	chr9:86388423-86389453	chr9:86388823-86389053
Tenm3	Neg_vs_Parental	SE	0.191	3.22e-10	chr8	48740167	48740188	21	chr8:48739667-48740688	chr8:48740067-48740288
Rab3gap1	Neg_vs_Parental	SE	0.191	7.93e-07	chr1	127869330	127869351	21	chr1:127868830-127869851	chr1:127869230-127869451
Fam168a	Neg_vs_Parental	SE	-0.191	1.19e-06	chr7	100467942	100467969	27	chr7:100467442-100468469	chr7:100467842-100468069
Marchf7	Neg_vs_Parental	SE	0.187	2.85e-07	chr2	60077831	60077856	25	chr2:60077331-60078356	chr2:60077731-60077956
Ank3	Neg_vs_Parental	SE	0.187	0.000174	chr10	69816653	69816680	27	chr10:69816153-69817180	chr10:69816553-69816780
Gramd1a	Neg_vs_Parental	SE	0.183	0	chr7	30832644	30832656	12	chr7:30832144-30833156	chr7:30832544-30832756
Inpp4a	Neg_vs_Parental	SE	0.181	0.000806	chr1	37413355	37413370	15	chr1:37412855-37413870	chr1:37413255-37413470
Tnik	Neg_vs_Parental	SE	0.176	3.8e-08	chr3	28679347	28679371	24	chr3:28678847-28679871	chr3:28679247-28679471
Arhgef40	Neg_vs_Parental	SE	-0.176	0.00879	chr14	52242335	52242356	21	chr14:52241835-52242856	chr14:52242235-52242456
Slc38a10	Neg_vs_Parental	SE	0.174	0	chr11	119999292	119999316	24	chr11:119998792-119999816	chr11:119999192-119999416
Chn1	Neg_vs_Parental	SE	-0.173	0.00125	chr2	73540798	73540826	28	chr2:73540298-73541326	chr2:73540698-73540926
Cask	Neg_vs_Parental	SE	0.169	0	chrX	13462924	13462942	18	chrX:13462424-13463442	chrX:13462824-13463042
Ergic3	Neg_vs_Parental	SE	0.169	0	chr2	155857296	155857311	15	chr2:155856796-155857811	chr2:155857196-155857411
Atp2c1	Neg_vs_Parental	SE	0.168	5.44e-06	chr9	105370741	105370753	12	chr9:105370241-105371253	chr9:105370641-105370853
Dip2a	Neg_vs_Parental	SE	0.168	0.000735	chr10	76107209	76107239	30	chr10:76106709-76107739	chr10:76107109-76107339
Hnrnpa2b1	Neg_vs_Parental	SE	-0.167	1.6e-11	chr6	51441407	51441431	24	chr6:51440907-51441931	chr6:51441307-51441531
Sgip1	Neg_vs_Parental	SE	0.167	0.012	chr4	102762761	102762773	12	chr4:102762261-102763273	chr4:102762661-102762873
Eif4g1	Neg_vs_Parental	SE	0.166	1.83e-13	chr16	20493535	20493556	21	chr16:20493035-20494056	chr16:20493435-20493656
Arvcf	Neg_vs_Parental	SE	0.166	7.89e-11	chr16	18219530	18219548	18	chr16:18219030-18220048	chr16:18219430-18219648
Dock4	Neg_vs_Parental	SE	0.164	0	chr12	40844595	40844622	27	chr12:40844095-40845122	chr12:40844495-40844722
Dctn4	Neg_vs_Parental	SE	0.164	2.36e-07	chr18	60678428	60678449	21	chr18:60677928-60678949	chr18:60678328-60678549
Cpeb4	Neg_vs_Parental	SE	0.164	3.91e-05	chr11	31868800	31868824	24	chr11:31868300-31869324	chr11:31868700-31868924
Erc1	Neg_vs_Parental	SE	0.163	2.75e-05	chr6	119711041	119711053	12	chr6:119710541-119711553	chr6:119710941-119711153
Zcrb1	Neg_vs_Parental	SE	-0.163	0.000759	chr15	93293467	93293496	29	chr15:93292967-93293996	chr15:93293367-93293596
Vps29	Neg_vs_Parental	SE	0.163	0.00351	chr5	122494856	122494868	12	chr5:122494356-122495368	chr5:122494756-122494968
Bin1	Neg_vs_Parental	SE	0.158	0.00216	chr18	32562752	32562776	24	chr18:32562252-32563276	chr18:32562652-32562876
Strada	Neg_vs_Parental	SE	0.157	9e-04	chr11	106071780	106071809	29	chr11:106071280-106072309	chr11:106071680-106071909
Ssr1	Neg_vs_Parental	SE	0.156	2.11e-08	chr13	38167070	38167085	15	chr13:38166570-38167585	chr13:38166970-38167185
Sidt2	Neg_vs_Parental	SE	0.156	5.41e-06	chr9	45858838	45858850	12	chr9:45858338-45859350	chr9:45858738-45858950
Kcnq2	Neg_vs_Parental	SE	0.153	1.25e-12	chr2	180745434	180745464	30	chr2:180744934-180745964	chr2:180745334-180745564
Kcnc3	Neg_vs_Parental	SE	0.151	1.7e-05	chr7	44247013	44247043	30	chr7:44246513-44247543	chr7:44246913-44247143
Gnas	Neg_vs_Parental	SE	0.15	8.39e-11	chr2	174169900	174169924	24	chr2:174169400-174170424	chr2:174169800-174170024
Mapk8ip3	Neg_vs_Parental	SE	0.149	0	chr17	25127384	25127402	18	chr17:25126884-25127902	chr17:25127284-25127502
Sorbs1	Neg_vs_Parental	SE	0.149	0.0344	chr19	40371199	40371226	27	chr19:40370699-40371726	chr19:40371099-40371326
Max	Neg_vs_Parental	SE	0.148	3.18e-06	chr12	77008036	77008063	27	chr12:77007536-77008563	chr12:77007936-77008163
Arhgef11	Neg_vs_Parental	SE	0.146	2.79e-06	chr3	87625535	87625565	30	chr3:87625035-87626065	chr3:87625435-87625665
Plch2	Neg_vs_Parental	SE	0.144	0.0428	chr4	155069822	155069849	27	chr4:155069322-155070349	chr4:155069722-155069949
Madd	Neg_vs_Parental	SE	0.143	0.000298	chr2	90971153	90971162	9	chr2:90970653-90971662	chr2:90971053-90971262
Adgrl2	Neg_vs_Parental	SE	0.142	8.24e-05	chr3	148566062	148566074	12	chr3:148565562-148566574	chr3:148565962-148566174
Bin1	Neg_vs_Parental	SE	0.14	0.0132	chr18	32562752	32562776	24	chr18:32562252-32563276	chr18:32562652-32562876
Ank2	Neg_vs_Parental	SE	0.138	0.00303	chr3	126772904	126772916	12	chr3:126772404-126773416	chr3:126772804-126773016
Dctn1	Neg_vs_Parental	SE	-0.137	2.37e-05	chr6	83164745	83164766	21	chr6:83164245-83165266	chr6:83164645-83164866
Stk3	Neg_vs_Parental	SE	0.135	2.32e-10	chr15	35115083	35115104	21	chr15:35114583-35115604	chr15:35114983-35115204
Vti1a	Neg_vs_Parental	SE	0.135	0.0167	chr19	55375620	55375641	21	chr19:55375120-55376141	chr19:55375520-55375741
Sbf1	Neg_vs_Parental	SE	0.134	0	chr15	89191374	89191398	24	chr15:89190874-89191898	chr15:89191274-89191498
Gramd1b	Neg_vs_Parental	SE	0.133	6.27e-05	chr9	40211735	40211747	12	chr9:40211235-40212247	chr9:40211635-40211847
Pacsin2	Neg_vs_Parental	SE	0.132	1.48e-08	chr15	83267823	83267829	6	chr15:83267323-83268329	chr15:83267723-83267929
Arhgef1	Neg_vs_Parental	SE	0.131	0.000226	chr7	24617944	24617956	12	chr7:24617444-24618456	chr7:24617844-24618056
Zfyve27	Neg_vs_Parental	SE	0.131	0.041	chr19	42174058	42174079	21	chr19:42173558-42174579	chr19:42173958-42174179
Adam22	Neg_vs_Parental	SE	0.13	0.009	chr5	8136593	8136623	30	chr5:8136093-8137123	chr5:8136493-8136723
Dclk2	Neg_vs_Parental	SE	0.13	0.0358	chr3	86695928	86695941	13	chr3:86695428-86696441	chr3:86695828-86696041
Shank3	Neg_vs_Parental	SE	0.129	0.0037	chr15	89422217	89422241	24	chr15:89421717-89422741	chr15:89422117-89422341
Srrm4	Neg_vs_Parental	SE	0.128	0.00306	chr5	116592731	116592747	16	chr5:116592231-116593247	chr5:116592631-116592847
Bicdl1	Neg_vs_Parental	SE	0.126	2.96e-09	chr5	115810202	115810214	12	chr5:115809702-115810714	chr5:115810102-115810314
Mars1	Neg_vs_Parental	SE	-0.123	8.84e-07	chr10	127132585	127132609	24	chr10:127132085-127133109	chr10:127132485-127132709
Mapkbp1	Neg_vs_Parental	SE	0.12	0.000139	chr2	119843781	119843799	18	chr2:119843281-119844299	chr2:119843681-119843899
Src	Neg_vs_Parental	SE	0.119	0.042	chr2	157300762	157300780	18	chr2:157300262-157301280	chr2:157300662-157300880
Picalm	Neg_vs_Parental	SE	0.118	1.15e-07	chr7	89843480	89843504	24	chr7:89842980-89844004	chr7:89843380-89843604
Dnm2	Neg_vs_Parental	SE	0.118	0.000947	chr9	21401953	21401965	12	chr9:21401453-21402465	chr9:21401853-21402065
Col4a1	Neg_vs_Parental	SE	0.116	0.0293	chr8	11254535	11254552	17	chr8:11254035-11255052	chr8:11254435-11254652
Edem3	Neg_vs_Parental	SE	0.115	0.00405	chr1	151688504	151688519	15	chr1:151688004-151689019	chr1:151688404-151688619
Kif13a	Neg_vs_Parental	SE	0.115	0.0477	chr13	47018294	47018307	13	chr13:47017794-47018807	chr13:47018194-47018407
Nrbp1	Neg_vs_Parental	SE	0.114	1.54e-06	chr5	31403665	31403689	24	chr5:31403165-31404189	chr5:31403565-31403789
Srrm3	Neg_vs_Parental	SE	0.114	0.000269	chr5	135895980	135896000	20	chr5:135895480-135896500	chr5:135895880-135896100
Vps29	Neg_vs_Parental	SE	0.112	1.88e-05	chr5	122494856	122494868	12	chr5:122494356-122495368	chr5:122494756-122494968
Trappc8	Neg_vs_Parental	SE	0.11	7.29e-06	chr18	20988877	20988895	18	chr18:20988377-20989395	chr18:20988777-20988995
Pus7	Neg_vs_Parental	SE	0.11	0.0025	chr5	23968331	23968349	18	chr5:23967831-23968849	chr5:23968231-23968449
Dclk2	Neg_vs_Parental	SE	0.107	9.03e-07	chr3	86695928	86695941	13	chr3:86695428-86696441	chr3:86695828-86696041
Tpd52l2	Neg_vs_Parental	SE	0.106	0.00043	chr2	181152296	181152323	27	chr2:181151796-181152823	chr2:181152196-181152423
Lysmd4	Neg_vs_Parental	SE	0.106	0.0348	chr7	66874123	66874149	26	chr7:66873623-66874649	chr7:66874023-66874249
Mon2	Neg_vs_Parental	SE	0.104	0.00513	chr10	122858990	122858993	3	chr10:122858490-122859493	chr10:122858890-122859093
Zfp58	Neg_vs_Parental	SE	-0.104	0.0176	chr13	67644303	67644330	27	chr13:67643803-67644830	chr13:67644203-67644430
Dlg1	Neg_vs_Parental	SE	-0.104	0.0218	chr16	31673485	31673506	21	chr16:31672985-31674006	chr16:31673385-31673606
Cpeb4	Neg_vs_Parental	SE	0.103	1.13e-05	chr11	31868800	31868824	24	chr11:31868300-31869324	chr11:31868700-31868924
Tenm4	Neg_vs_Parental	SE	0.102	6.03e-06	chr7	96454311	96454338	27	chr7:96453811-96454838	chr7:96454211-96454438
2700062C07Rik	Neg_vs_Parental	SE	-0.102	0.0217	chr18	24604118	24604141	23	chr18:24603618-24604641	chr18:24604018-24604241
Arfgap1	Neg_vs_Parental	SE	0.1	0	chr2	180620204	180620234	30	chr2:180619704-180620734	chr2:180620104-180620334
Spag9	Neg_vs_Parental	SE	0.1	0.000216	chr11	93970024	93970036	12	chr11:93969524-93970536	chr11:93969924-93970136
Itga8	Pos_vs_Neg	SE	-0.525	2.56e-07	chr2	12198080	12198093	13	chr2:12197580-12198593	chr2:12197980-12198193
Prss41	Pos_vs_Neg	SE	-0.474	0.00819	chr17	24062930	24062957	27	chr17:24062430-24063457	chr17:24062830-24063057
Bin1	Pos_vs_Neg	SE	-0.468	7.13e-06	chr18	32562752	32562776	24	chr18:32562252-32563276	chr18:32562652-32562876
Ryr2	Pos_vs_Neg	SE	-0.444	9.78e-05	chr13	11905719	11905734	15	chr13:11905219-11906234	chr13:11905619-11905834
Akap1	Pos_vs_Neg	SE	-0.432	6.65e-06	chr11	88734637	88734650	13	chr11:88734137-88735150	chr11:88734537-88734750
Car14	Pos_vs_Neg	SE	-0.423	0.000117	chr3	95808770	95808792	22	chr3:95808270-95809292	chr3:95808670-95808892
Col4a1	Pos_vs_Neg	SE	-0.38	0	chr8	11254535	11254552	17	chr8:11254035-11255052	chr8:11254435-11254652
Sgip1	Pos_vs_Neg	SE	-0.377	0.0405	chr4	102757722	102757734	12	chr4:102757222-102758234	chr4:102757622-102757834
Rps24	Pos_vs_Neg	SE	-0.367	0	chr14	24544119	24544137	18	chr14:24543619-24544637	chr14:24544019-24544237
Shank3	Pos_vs_Neg	SE	0.329	0.0188	chr15	89440923	89440951	28	chr15:89440423-89441451	chr15:89440823-89441051
Tpd52	Pos_vs_Neg	SE	-0.321	1.95e-11	chr3	9008610	9008637	27	chr3:9008110-9009137	chr3:9008510-9008737
Bak1	Pos_vs_Neg	SE	-0.319	0	chr17	27240636	27240656	20	chr17:27240136-27241156	chr17:27240536-27240756
Lysmd4	Pos_vs_Neg	SE	-0.319	4.17e-07	chr7	66874123	66874149	26	chr7:66873623-66874649	chr7:66874023-66874249
Dync2h1	Pos_vs_Neg	SE	-0.319	4.39e-06	chr9	7045348	7045369	21	chr9:7044848-7045869	chr9:7045248-7045469
Shank2	Pos_vs_Neg	SE	-0.31	0.00307	chr7	143950374	143950383	9	chr7:143949874-143950883	chr7:143950274-143950483
Picalm	Pos_vs_Neg	SE	-0.306	0	chr7	89843480	89843504	24	chr7:89842980-89844004	chr7:89843380-89843604
Mocs2	Pos_vs_Neg	SE	-0.302	1.78e-05	chr13	114961746	114961770	24	chr13:114961246-114962270	chr13:114961646-114961870
Zfp58	Pos_vs_Neg	SE	0.293	0.000501	chr13	67644303	67644330	27	chr13:67643803-67644830	chr13:67644203-67644430
Asap1	Pos_vs_Neg	SE	-0.29	0	chr15	64025692	64025701	9	chr15:64025192-64026201	chr15:64025592-64025801
Agrn	Pos_vs_Neg	SE	-0.281	0.000252	chr4	156253002	156253026	24	chr4:156252502-156253526	chr4:156252902-156253126
Ank2	Pos_vs_Neg	SE	-0.279	9.69e-10	chr3	126772904	126772916	12	chr3:126772404-126773416	chr3:126772804-126773016
Chpt1	Pos_vs_Neg	SE	-0.277	0.00333	chr10	88317214	88317241	27	chr10:88316714-88317741	chr10:88317114-88317341
Tcf7l2	Pos_vs_Neg	SE	-0.274	0.000251	chr19	55916161	55916186	25	chr19:55915661-55916686	chr19:55916061-55916286
Arfgap1	Pos_vs_Neg	SE	-0.268	0	chr2	180620204	180620234	30	chr2:180619704-180620734	chr2:180620104-180620334
Trrap	Pos_vs_Neg	SE	-0.268	7.27e-10	chr5	144747141	144747162	21	chr5:144746641-144747662	chr5:144747041-144747262
Sh3glb1	Pos_vs_Neg	SE	-0.262	0	chr3	144405614	144405638	24	chr3:144405114-144406138	chr3:144405514-144405738
Pacsin2	Pos_vs_Neg	SE	-0.262	0	chr15	83267823	83267829	6	chr15:83267323-83268329	chr15:83267723-83267929
Sh3glb2	Pos_vs_Neg	SE	-0.259	0	chr2	30239237	30239249	12	chr2:30238737-30239749	chr2:30239137-30239349
Adgrl2	Pos_vs_Neg	SE	-0.258	0	chr3	148566062	148566074	12	chr3:148565562-148566574	chr3:148565962-148566174
Snx21	Pos_vs_Neg	SE	-0.258	5.44e-08	chr2	164633477	164633488	11	chr2:164632977-164633988	chr2:164633377-164633588
Vav2	Pos_vs_Neg	SE	-0.251	0	chr2	27190441	27190456	15	chr2:27189941-27190956	chr2:27190341-27190556
Rapgef6	Pos_vs_Neg	SE	-0.249	3.78e-05	chr11	54542574	54542589	15	chr11:54542074-54543089	chr11:54542474-54542689
Sptan1	Pos_vs_Neg	SE	-0.246	0	chr2	29904169	29904184	15	chr2:29903669-29904684	chr2:29904069-29904284
Trim9	Pos_vs_Neg	SE	-0.244	0.039	chr12	70314007	70314037	30	chr12:70313507-70314537	chr12:70313907-70314137
Mef2a	Pos_vs_Neg	SE	-0.242	0	chr7	66894268	66894292	24	chr7:66893768-66894792	chr7:66894168-66894392
Chpt1	Pos_vs_Neg	SE	0.242	0.0305	chr10	88317214	88317241	27	chr10:88316714-88317741	chr10:88317114-88317341
Meaf6	Pos_vs_Neg	SE	-0.24	1.58e-08	chr4	125001309	125001339	30	chr4:125000809-125001839	chr4:125001209-125001439
Sipa1	Pos_vs_Neg	SE	-0.24	0.00158	chr19	5711623	5711651	28	chr19:5711123-5712151	chr19:5711523-5711751
Dop1a	Pos_vs_Neg	SE	-0.238	0.000176	chr9	86388923	86388953	30	chr9:86388423-86389453	chr9:86388823-86389053
Pcgf6	Pos_vs_Neg	SE	-0.232	7.83e-13	chr19	47030560	47030578	18	chr19:47030060-47031078	chr19:47030460-47030678
Ank3	Pos_vs_Neg	SE	-0.232	0.00666	chr10	69765276	69765288	12	chr10:69764776-69765788	chr10:69765176-69765388
Dock4	Pos_vs_Neg	SE	-0.23	0	chr12	40844595	40844622	27	chr12:40844095-40845122	chr12:40844495-40844722
Slc8a1	Pos_vs_Neg	SE	-0.229	0.0333	chr17	81749631	81749652	21	chr17:81749131-81750152	chr17:81749531-81749752
Ergic3	Pos_vs_Neg	SE	-0.228	0	chr2	155857296	155857311	15	chr2:155856796-155857811	chr2:155857196-155857411
Bin1	Pos_vs_Neg	SE	-0.227	2.58e-07	chr18	32562752	32562776	24	chr18:32562252-32563276	chr18:32562652-32562876
Strada	Pos_vs_Neg	SE	-0.219	3.99e-06	chr11	106071780	106071809	29	chr11:106071280-106072309	chr11:106071680-106071909
Dctn1	Pos_vs_Neg	SE	-0.217	1.28e-05	chr6	83160917	83160938	21	chr6:83160417-83161438	chr6:83160817-83161038
Ssr1	Pos_vs_Neg	SE	-0.215	0	chr13	38167070	38167085	15	chr13:38166570-38167585	chr13:38166970-38167185
Sgip1	Pos_vs_Neg	SE	-0.212	0.000319	chr4	102762761	102762773	12	chr4:102762261-102763273	chr4:102762661-102762873
Strada	Pos_vs_Neg	SE	-0.211	0	chr11	106071780	106071809	29	chr11:106071280-106072309	chr11:106071680-106071909
Ppfia1	Pos_vs_Neg	SE	-0.211	0.00355	chr7	144042427	144042454	27	chr7:144041927-144042954	chr7:144042327-144042554
Mon2	Pos_vs_Neg	SE	-0.21	0	chr10	122858990	122858993	3	chr10:122858490-122859493	chr10:122858890-122859093
Sidt2	Pos_vs_Neg	SE	-0.209	0.00206	chr9	45858838	45858850	12	chr9:45858338-45859350	chr9:45858738-45858950
Asap2	Pos_vs_Neg	SE	-0.208	0	chr12	21264362	21264371	9	chr12:21263862-21264871	chr12:21264262-21264471
Mast2	Pos_vs_Neg	SE	-0.208	1.12e-11	chr4	116190609	116190630	21	chr4:116190109-116191130	chr4:116190509-116190730
E2f7	Pos_vs_Neg	SE	-0.208	0.000158	chr10	110601999	110602023	24	chr10:110601499-110602523	chr10:110601899-110602123
Ank3	Pos_vs_Neg	SE	-0.203	0.000271	chr10	69816653	69816680	27	chr10:69816153-69817180	chr10:69816553-69816780
Clec16a	Pos_vs_Neg	SE	-0.202	2.45e-08	chr16	10390781	10390787	6	chr16:10390281-10391287	chr16:10390681-10390887
Eif4g3	Pos_vs_Neg	SE	-0.202	0.0413	chr4	137823219	137823240	21	chr4:137822719-137823740	chr4:137823119-137823340
Mapk8ip3	Pos_vs_Neg	SE	-0.199	0	chr17	25127384	25127402	18	chr17:25126884-25127902	chr17:25127284-25127502
Eml5	Pos_vs_Neg	SE	-0.199	5.67e-07	chr12	98787858	98787873	15	chr12:98787358-98788373	chr12:98787758-98787973
Vav2	Pos_vs_Neg	SE	-0.198	0	chr2	27174850	27174865	15	chr2:27174350-27175365	chr2:27174750-27174965
Psap	Pos_vs_Neg	SE	-0.198	0	chr10	60133316	60133325	9	chr10:60132816-60133825	chr10:60133216-60133425
Pus7	Pos_vs_Neg	SE	-0.195	4.75e-11	chr5	23968331	23968349	18	chr5:23967831-23968849	chr5:23968231-23968449
Ppp6r3	Pos_vs_Neg	SE	-0.194	2.94e-13	chr19	3509746	3509764	18	chr19:3509246-3510264	chr19:3509646-3509864
Carns1	Pos_vs_Neg	SE	0.194	0.0399	chr19	4225003	4225030	27	chr19:4224503-4225530	chr19:4224903-4225130
Shank2	Pos_vs_Neg	SE	-0.193	0.0376	chr7	143961792	143961813	21	chr7:143961292-143962313	chr7:143961692-143961913
Eef1d	Pos_vs_Neg	SE	-0.191	0.00162	chr15	75777734	75777749	15	chr15:75777234-75778249	chr15:75777634-75777849
Clasp2	Pos_vs_Neg	SE	-0.19	0	chr9	113707817	113707841	24	chr9:113707317-113708341	chr9:113707717-113707941
Inpp4a	Pos_vs_Neg	SE	-0.189	0.000253	chr1	37413355	37413370	15	chr1:37412855-37413870	chr1:37413255-37413470
Mfsd6	Pos_vs_Neg	SE	-0.187	0.00377	chr1	52697857	52697882	25	chr1:52697357-52698382	chr1:52697757-52697982
Git2	Pos_vs_Neg	SE	-0.185	0	chr5	114891208	114891214	6	chr5:114890708-114891714	chr5:114891108-114891314
Bin1	Pos_vs_Neg	SE	-0.183	0.00208	chr18	32562752	32562776	24	chr18:32562252-32563276	chr18:32562652-32562876
Dctn1	Pos_vs_Neg	SE	-0.18	0	chr6	83174300	83174315	15	chr6:83173800-83174815	chr6:83174200-83174415
Dctn1	Pos_vs_Neg	SE	-0.179	0	chr6	83160917	83160938	21	chr6:83160417-83161438	chr6:83160817-83161038
Bin1	Pos_vs_Neg	SE	-0.178	2.99e-08	chr18	32562752	32562776	24	chr18:32562252-32563276	chr18:32562652-32562876
Dip2a	Pos_vs_Neg	SE	-0.178	1.93e-05	chr10	76107209	76107239	30	chr10:76106709-76107739	chr10:76107109-76107339
Inpp4a	Pos_vs_Neg	SE	-0.178	0.00122	chr1	37413352	37413370	18	chr1:37412852-37413870	chr1:37413252-37413470
L1cam	Pos_vs_Neg	SE	-0.177	0	chrX	72899257	72899269	12	chrX:72898757-72899769	chrX:72899157-72899369
Eif4g1	Pos_vs_Neg	SE	-0.174	0	chr16	20493535	20493556	21	chr16:20493035-20494056	chr16:20493435-20493656
Atp6v0a1	Pos_vs_Neg	SE	-0.173	0	chr11	100940284	100940302	18	chr11:100939784-100940802	chr11:100940184-100940402
Madd	Pos_vs_Neg	SE	-0.173	1.15e-06	chr2	90971153	90971162	9	chr2:90970653-90971662	chr2:90971053-90971262
Arhgap21	Pos_vs_Neg	SE	-0.173	0.000519	chr2	20888010	20888040	30	chr2:20887510-20888540	chr2:20887910-20888140
Chn1	Pos_vs_Neg	SE	0.173	0.00147	chr2	73540798	73540826	28	chr2:73540298-73541326	chr2:73540698-73540926
Zfyve27	Pos_vs_Neg	SE	-0.171	0.000129	chr19	42174058	42174079	21	chr19:42173558-42174579	chr19:42173958-42174179
Strada	Pos_vs_Neg	SE	-0.169	0	chr11	106071780	106071809	29	chr11:106071280-106072309	chr11:106071680-106071909
Mapkbp1	Pos_vs_Neg	SE	-0.168	3.85e-11	chr2	119843781	119843799	18	chr2:119843281-119844299	chr2:119843681-119843899
Tbc1d24	Pos_vs_Neg	SE	-0.165	4.45e-11	chr17	24403354	24403372	18	chr17:24402854-24403872	chr17:24403254-24403472
Ewsr1	Pos_vs_Neg	SE	-0.164	0	chr11	5041459	5041477	18	chr11:5040959-5041977	chr11:5041359-5041577
Tmem184b	Pos_vs_Neg	SE	-0.164	1.45e-12	chr15	79247857	79247878	21	chr15:79247357-79248378	chr15:79247757-79247978
Nckap1	Pos_vs_Neg	SE	-0.163	0	chr2	80401556	80401574	18	chr2:80401056-80402074	chr2:80401456-80401674
6430548M08Rik	Pos_vs_Neg	SE	-0.163	0.000196	chr8	120884206	120884236	30	chr8:120883706-120884736	chr8:120884106-120884336
Dock9	Pos_vs_Neg	SE	-0.163	0.000475	chr14	121797806	121797812	6	chr14:121797306-121798312	chr14:121797706-121797912
Clasp2	Pos_vs_Neg	SE	-0.162	8.54e-05	chr9	113687648	113687672	24	chr9:113687148-113688172	chr9:113687548-113687772
Nktr	Pos_vs_Neg	SE	-0.162	9.92e-05	chr9	121559062	121559090	28	chr9:121558562-121559590	chr9:121558962-121559190
Ckap5	Pos_vs_Neg	SE	-0.16	1.52e-09	chr2	91429948	91429972	24	chr2:91429448-91430472	chr2:91429848-91430072
Col7a1	Pos_vs_Neg	SE	-0.16	1.11e-08	chr9	108794117	108794144	27	chr9:108793617-108794644	chr9:108794017-108794244
Macf1	Pos_vs_Neg	SE	-0.159	0	chr4	123257849	123257867	18	chr4:123257349-123258367	chr4:123257749-123257967
Atp2c1	Pos_vs_Neg	SE	-0.159	2.75e-05	chr9	105370741	105370753	12	chr9:105370241-105371253	chr9:105370641-105370853
Ppfia3	Pos_vs_Neg	SE	-0.159	0.0475	chr7	44992976	44993003	27	chr7:44992476-44993503	chr7:44992876-44993103
Nrxn2	Pos_vs_Neg	SE	-0.158	0.0467	chr19	6498284	6498314	30	chr19:6497784-6498814	chr19:6498184-6498414
Mef2d	Pos_vs_Neg	SE	-0.157	0	chr3	88069087	88069108	21	chr3:88068587-88069608	chr3:88068987-88069208
Dst	Pos_vs_Neg	SE	-0.156	0	chr1	34335822	34335840	18	chr1:34335322-34336340	chr1:34335722-34335940
Rab3gap1	Pos_vs_Neg	SE	-0.156	0.000152	chr1	127869330	127869351	21	chr1:127868830-127869851	chr1:127869230-127869451
Spag9	Pos_vs_Neg	SE	-0.155	3.5e-13	chr11	93970024	93970036	12	chr11:93969524-93970536	chr11:93969924-93970136
Agap1	Pos_vs_Neg	SE	-0.155	7.57e-05	chr1	89538005	89538017	12	chr1:89537505-89538517	chr1:89537905-89538117
Tenm3	Pos_vs_Neg	SE	-0.154	5.2e-07	chr8	48766272	48766299	27	chr8:48765772-48766799	chr8:48766172-48766399
Marchf7	Pos_vs_Neg	SE	-0.154	0.000679	chr2	60077831	60077856	25	chr2:60077331-60078356	chr2:60077731-60077956
Abi2	Pos_vs_Neg	SE	-0.154	0.00102	chr1	60478100	60478118	18	chr1:60477600-60478618	chr1:60478000-60478218
Cers6	Pos_vs_Neg	SE	-0.153	0.00022	chr2	68936086	68936110	24	chr2:68935586-68936610	chr2:68935986-68936210
Gramd1a	Pos_vs_Neg	SE	-0.15	3.7e-12	chr7	30832644	30832656	12	chr7:30832144-30833156	chr7:30832544-30832756
Shank1	Pos_vs_Neg	SE	-0.15	0.024	chr7	43993721	43993745	24	chr7:43993221-43994245	chr7:43993621-43993845
Daam1	Pos_vs_Neg	SE	-0.149	0.00105	chr12	72005520	72005547	27	chr12:72005020-72006047	chr12:72005420-72005647
Cask	Pos_vs_Neg	SE	-0.147	5.97e-14	chrX	13462924	13462942	18	chrX:13462424-13463442	chrX:13462824-13463042
Git2	Pos_vs_Neg	SE	-0.146	0	chr5	114891208	114891214	6	chr5:114890708-114891714	chr5:114891108-114891314
Synj1	Pos_vs_Neg	SE	-0.145	5.97e-14	chr16	90768451	90768475	24	chr16:90767951-90768975	chr16:90768351-90768575
Arhgef1	Pos_vs_Neg	SE	-0.142	0.00035	chr7	24617944	24617956	12	chr7:24617444-24618456	chr7:24617844-24618056
Ptprs	Pos_vs_Neg	SE	-0.14	0	chr17	56734790	56734817	27	chr17:56734290-56735317	chr17:56734690-56734917
Afdn	Pos_vs_Neg	SE	-0.14	0.000225	chr17	14068616	14068637	21	chr17:14068116-14069137	chr17:14068516-14068737
Htra2	Pos_vs_Neg	SE	-0.139	3.65e-07	chr6	83029678	83029707	29	chr6:83029178-83030207	chr6:83029578-83029807
Tenm3	Pos_vs_Neg	SE	-0.138	1.2e-05	chr8	48740167	48740188	21	chr8:48739667-48740688	chr8:48740067-48740288
Dnm2	Pos_vs_Neg	SE	-0.134	1.28e-05	chr9	21401953	21401965	12	chr9:21401453-21402465	chr9:21401853-21402065
Srrm3	Pos_vs_Neg	SE	-0.133	7.5e-07	chr5	135895980	135896000	20	chr5:135895480-135896500	chr5:135895880-135896100
Clip1	Pos_vs_Neg	SE	-0.133	1.26e-06	chr5	123719654	123719660	6	chr5:123719154-123720160	chr5:123719554-123719760
Meaf6	Pos_vs_Neg	SE	-0.131	0	chr4	125001309	125001339	30	chr4:125000809-125001839	chr4:125001209-125001439
Dctn1	Pos_vs_Neg	SE	-0.131	7.5e-07	chr6	83160917	83160938	21	chr6:83160417-83161438	chr6:83160817-83161038
Edem3	Pos_vs_Neg	SE	-0.131	2.04e-05	chr1	151688504	151688519	15	chr1:151688004-151689019	chr1:151688404-151688619
Asap1	Pos_vs_Neg	SE	-0.13	0	chr15	64025692	64025701	9	chr15:64025192-64026201	chr15:64025592-64025801
Shank3	Pos_vs_Neg	SE	-0.129	0.00476	chr15	89422217	89422241	24	chr15:89421717-89422741	chr15:89422117-89422341
Src	Pos_vs_Neg	SE	-0.129	0.00901	chr2	157300762	157300780	18	chr2:157300262-157301280	chr2:157300662-157300880
Syne1	Pos_vs_Neg	SE	-0.128	0.0321	chr10	5376254	5376275	21	chr10:5375754-5376775	chr10:5376154-5376375
Snx14	Pos_vs_Neg	SE	-0.127	0	chr9	88282775	88282802	27	chr9:88282275-88283302	chr9:88282675-88282902
Sh3glb2	Pos_vs_Neg	SE	-0.127	0	chr2	30236070	30236085	15	chr2:30235570-30236585	chr2:30235970-30236185
Fbxo25	Pos_vs_Neg	SE	-0.126	2.33e-12	chr8	13988921	13988948	27	chr8:13988421-13989448	chr8:13988821-13989048
Plec	Pos_vs_Neg	SE	-0.125	1.86e-06	chr15	76078758	76078773	15	chr15:76078258-76079273	chr15:76078658-76078873
Kif1b	Pos_vs_Neg	SE	-0.124	0	chr4	149349801	149349819	18	chr4:149349301-149350319	chr4:149349701-149349919
Gramd1b	Pos_vs_Neg	SE	-0.124	0.000155	chr9	40211735	40211747	12	chr9:40211235-40212247	chr9:40211635-40211847
Ptprf	Pos_vs_Neg	SE	-0.123	0	chr4	118085015	118085042	27	chr4:118084515-118085542	chr4:118084915-118085142
Taf1	Pos_vs_Neg	SE	-0.123	0.00511	chrX	100634339	100634345	6	chrX:100633839-100634845	chrX:100634239-100634445
Adam22	Pos_vs_Neg	SE	-0.123	0.0194	chr5	8136593	8136623	30	chr5:8136093-8137123	chr5:8136493-8136723
Nrcam	Pos_vs_Neg	SE	-0.121	2.35e-05	chr12	44581839	44581857	18	chr12:44581339-44582357	chr12:44581739-44581957
Eml5	Pos_vs_Neg	SE	-0.12	0	chr12	98786119	98786128	9	chr12:98785619-98786628	chr12:98786019-98786228
Cd47	Pos_vs_Neg	SE	-0.12	1.39e-05	chr16	49728416	49728441	25	chr16:49727916-49728941	chr16:49728316-49728541
Cibar1	Pos_vs_Neg	SE	-0.119	1.6e-12	chr4	12169957	12169978	21	chr4:12169457-12170478	chr4:12169857-12170078
Nbea	Pos_vs_Neg	SE	-0.119	3.64e-05	chr3	55901468	55901477	9	chr3:55900968-55901977	chr3:55901368-55901577
Arhgap23	Pos_vs_Neg	SE	-0.119	0.00282	chr11	97382469	97382492	23	chr11:97381969-97382992	chr11:97382369-97382592
Fryl	Pos_vs_Neg	SE	-0.118	5.25e-11	chr5	73182113	73182131	18	chr5:73181613-73182631	chr5:73182013-73182231
Cacnb3	Pos_vs_Neg	SE	-0.117	0.000928	chr15	98538839	98538859	20	chr15:98538339-98539359	chr15:98538739-98538959
Dctn4	Pos_vs_Neg	SE	-0.116	0.000847	chr18	60678428	60678449	21	chr18:60677928-60678949	chr18:60678328-60678549
Fxyd7	Pos_vs_Neg	SE	-0.115	0.0329	chr7	30746797	30746827	30	chr7:30746297-30747327	chr7:30746697-30746927
Arl6	Pos_vs_Neg	SE	-0.114	0.000419	chr16	59439028	59439041	13	chr16:59438528-59439541	chr16:59438928-59439141
Nrbp1	Pos_vs_Neg	SE	-0.113	1.65e-06	chr5	31403665	31403689	24	chr5:31403165-31404189	chr5:31403565-31403789
Cacna1g	Pos_vs_Neg	SE	-0.113	0.000506	chr11	94307451	94307481	30	chr11:94306951-94307981	chr11:94307351-94307581
Erc1	Pos_vs_Neg	SE	-0.113	0.0094	chr6	119711041	119711053	12	chr6:119710541-119711553	chr6:119710941-119711153
Myh10	Pos_vs_Neg	SE	-0.112	2.04e-12	chr11	68636760	68636790	30	chr11:68636260-68637290	chr11:68636660-68636890
Arhgap26	Pos_vs_Neg	SE	0.112	6.37e-06	chr18	39490851	39490881	30	chr18:39490351-39491381	chr18:39490751-39490981
Cdk5rap2	Pos_vs_Neg	SE	-0.11	0.0126	chr4	70165184	70165211	27	chr4:70164684-70165711	chr4:70165084-70165311
Apbb1	Pos_vs_Neg	SE	-0.109	0	chr7	105215152	105215158	6	chr7:105214652-105215658	chr7:105215052-105215258
Bicdl1	Pos_vs_Neg	SE	-0.108	9.73e-07	chr5	115810202	115810214	12	chr5:115809702-115810714	chr5:115810102-115810314
Trappc8	Pos_vs_Neg	SE	-0.108	1.67e-05	chr18	20988877	20988895	18	chr18:20988377-20989395	chr18:20988777-20988995
Incenp	Pos_vs_Neg	SE	-0.107	0.00548	chr19	9860555	9860567	12	chr19:9860055-9861067	chr19:9860455-9860667
Nrxn3	Pos_vs_Neg	SE	-0.107	0.00775	chr12	88799322	88799340	18	chr12:88798822-88799840	chr12:88799222-88799440
Fry	Pos_vs_Neg	SE	-0.105	8.5e-06	chr5	150384853	150384862	9	chr5:150384353-150385362	chr5:150384753-150384962
Mroh1	Pos_vs_Neg	SE	-0.105	0.000627	chr15	76316571	76316598	27	chr15:76316071-76317098	chr15:76316471-76316698
Arhgef11	Pos_vs_Neg	SE	-0.104	0.00694	chr3	87625535	87625565	30	chr3:87625035-87626065	chr3:87625435-87625665
Ptk2	Pos_vs_Neg	SE	-0.103	0.026	chr15	73154066	73154084	18	chr15:73153566-73154584	chr15:73153966-73154184
Gpatch8	Pos_vs_Neg	SE	-0.102	0.0066	chr11	102422138	102422156	18	chr11:102421638-102422656	chr11:102422038-102422256
Sag	Pos_vs_Parental	SE	-0.884	7.26e-12	chr1	87771833	87771843	10	chr1:87771333-87772343	chr1:87771733-87771943
Prss41	Pos_vs_Parental	SE	0.492	0.0498	chr17	24062930	24062957	27	chr17:24062430-24063457	chr17:24062830-24063057
Rps24	Pos_vs_Parental	SE	-0.36	0	chr14	24544119	24544137	18	chr14:24543619-24544637	chr14:24544019-24544237
Pdlim5	Pos_vs_Parental	SE	-0.337	0.0025	chr3	142012044	142012059	15	chr3:142011544-142012559	chr3:142011944-142012159
Axl	Pos_vs_Parental	SE	0.307	0.0444	chr7	25472523	25472550	27	chr7:25472023-25473050	chr7:25472423-25472650
Trim9	Pos_vs_Parental	SE	0.3	0.0127	chr12	70298793	70298817	24	chr12:70298293-70299317	chr12:70298693-70298917
Bak1	Pos_vs_Parental	SE	-0.298	0	chr17	27240636	27240656	20	chr17:27240136-27241156	chr17:27240536-27240756
Zfp58	Pos_vs_Parental	SE	0.293	0.000253	chr13	67644303	67644330	27	chr13:67643803-67644830	chr13:67644203-67644430
Ryr1	Pos_vs_Parental	SE	-0.288	0.00891	chr7	28816632	28816653	21	chr7:28816132-28817153	chr7:28816532-28816753
Slc8a1	Pos_vs_Parental	SE	-0.281	0.00017	chr17	81749631	81749652	21	chr17:81749131-81750152	chr17:81749531-81749752
Chpt1	Pos_vs_Parental	SE	-0.272	0.000679	chr10	88317214	88317241	27	chr10:88316714-88317741	chr10:88317114-88317341
Col4a1	Pos_vs_Parental	SE	-0.264	6.1e-14	chr8	11254535	11254552	17	chr8:11254035-11255052	chr8:11254435-11254652
Fam168a	Pos_vs_Parental	SE	-0.253	3.87e-10	chr7	100467942	100467969	27	chr7:100467442-100468469	chr7:100467842-100468069
Dync2h1	Pos_vs_Parental	SE	-0.253	0.00202	chr9	7045348	7045369	21	chr9:7044848-7045869	chr9:7045248-7045469
Sting1	Pos_vs_Parental	SE	-0.252	0.00677	chr18	35872977	35873001	24	chr18:35872477-35873501	chr18:35872877-35873101
Nrxn2	Pos_vs_Parental	SE	0.247	0.00553	chr19	6498284	6498314	30	chr19:6497784-6498814	chr19:6498184-6498414
Ppfia1	Pos_vs_Parental	SE	-0.245	3.1e-05	chr7	144042427	144042454	27	chr7:144041927-144042954	chr7:144042327-144042554
Lysmd4	Pos_vs_Parental	SE	-0.241	0.00739	chr7	66874123	66874149	26	chr7:66873623-66874649	chr7:66874023-66874249
Fbrsl1	Pos_vs_Parental	SE	0.24	0.00121	chr5	110543910	110543940	30	chr5:110543410-110544440	chr5:110543810-110544040
Kcnc3	Pos_vs_Parental	SE	0.236	0.00104	chr7	44247013	44247043	30	chr7:44246513-44247543	chr7:44246913-44247143
Ncam1	Pos_vs_Parental	SE	-0.232	0.00239	chr9	49453187	49453202	15	chr9:49452687-49453702	chr9:49453087-49453302
Asap1	Pos_vs_Parental	SE	-0.223	1.07e-08	chr15	64025692	64025701	9	chr15:64025192-64026201	chr15:64025592-64025801
Mars1	Pos_vs_Parental	SE	-0.22	0	chr10	127132585	127132609	24	chr10:127132085-127133109	chr10:127132485-127132709
Heatr5a	Pos_vs_Parental	SE	0.22	0.0266	chr12	51958987	51959014	27	chr12:51958487-51959514	chr12:51958887-51959114
Sptan1	Pos_vs_Parental	SE	-0.216	0	chr2	29904169	29904184	15	chr2:29903669-29904684	chr2:29904069-29904284
Unc79	Pos_vs_Parental	SE	0.211	0.0177	chr12	103016153	103016182	29	chr12:103015653-103016682	chr12:103016053-103016282
Sh3glb1	Pos_vs_Parental	SE	-0.208	0	chr3	144405614	144405638	24	chr3:144405114-144406138	chr3:144405514-144405738
Pla2g6	Pos_vs_Parental	SE	-0.205	9.76e-08	chr15	79187773	79187802	29	chr15:79187273-79188302	chr15:79187673-79187902
Nktr	Pos_vs_Parental	SE	-0.2	2.01e-09	chr9	121559062	121559090	28	chr9:121558562-121559590	chr9:121558962-121559190
Cdk5rap2	Pos_vs_Parental	SE	-0.2	9.75e-05	chr4	70165184	70165211	27	chr4:70164684-70165711	chr4:70165084-70165311
Ryr2	Pos_vs_Parental	SE	0.199	5.63e-05	chr13	11649192	11649216	24	chr13:11648692-11649716	chr13:11649092-11649316
Vav2	Pos_vs_Parental	SE	-0.197	0	chr2	27190441	27190456	15	chr2:27189941-27190956	chr2:27190341-27190556
Tcf7l2	Pos_vs_Parental	SE	-0.197	0.00636	chr19	55916161	55916186	25	chr19:55915661-55916686	chr19:55916061-55916286
Asap2	Pos_vs_Parental	SE	-0.196	0	chr12	21264362	21264371	9	chr12:21263862-21264871	chr12:21264262-21264471
Pcgf6	Pos_vs_Parental	SE	-0.192	6.8e-05	chr19	47030560	47030578	18	chr19:47030060-47031078	chr19:47030460-47030678
Eml5	Pos_vs_Parental	SE	-0.19	3.03e-08	chr12	98787858	98787873	15	chr12:98787358-98788373	chr12:98787758-98787973
Picalm	Pos_vs_Parental	SE	-0.188	1.79e-11	chr7	89843480	89843504	24	chr7:89842980-89844004	chr7:89843380-89843604
Mef2a	Pos_vs_Parental	SE	-0.188	3.83e-06	chr7	66894268	66894292	24	chr7:66893768-66894792	chr7:66894168-66894392
Exoc1	Pos_vs_Parental	SE	0.186	0.00144	chr5	76688593	76688614	21	chr5:76688093-76689114	chr5:76688493-76688714
Carns1	Pos_vs_Parental	SE	0.185	0.0412	chr19	4225003	4225030	27	chr19:4224503-4225530	chr19:4224903-4225130
Max	Pos_vs_Parental	SE	0.18	6.75e-13	chr12	77008036	77008063	27	chr12:77007536-77008563	chr12:77007936-77008163
L1cam	Pos_vs_Parental	SE	-0.179	0	chrX	72899257	72899269	12	chrX:72898757-72899769	chrX:72899157-72899369
Kcnc3	Pos_vs_Parental	SE	0.178	1.83e-06	chr7	44247013	44247043	30	chr7:44246513-44247543	chr7:44246913-44247143
Htra2	Pos_vs_Parental	SE	-0.175	1.28e-11	chr6	83029678	83029707	29	chr6:83029178-83030207	chr6:83029578-83029807
Strada	Pos_vs_Parental	SE	-0.172	3.71e-07	chr11	106071780	106071809	29	chr11:106071280-106072309	chr11:106071680-106071909
Ppfia1	Pos_vs_Parental	SE	0.171	8.62e-05	chr7	144056603	144056633	30	chr7:144056103-144057133	chr7:144056503-144056733
Vti1a	Pos_vs_Parental	SE	0.171	0.000231	chr19	55375620	55375641	21	chr19:55375120-55376141	chr19:55375520-55375741
Arfgap1	Pos_vs_Parental	SE	-0.169	0	chr2	180620204	180620234	30	chr2:180619704-180620734	chr2:180620104-180620334
Spag9	Pos_vs_Parental	SE	0.168	0.0321	chr11	93971565	93971580	15	chr11:93971065-93972080	chr11:93971465-93971680
Arhgef40	Pos_vs_Parental	SE	-0.167	0.019	chr14	52242335	52242356	21	chr14:52241835-52242856	chr14:52242235-52242456
Sacs	Pos_vs_Parental	SE	0.166	0.0455	chr14	61436051	61436078	27	chr14:61435551-61436578	chr14:61435951-61436178
Git2	Pos_vs_Parental	SE	-0.165	1.1e-08	chr5	114891208	114891214	6	chr5:114890708-114891714	chr5:114891108-114891314
Dst	Pos_vs_Parental	SE	-0.162	0	chr1	34335822	34335840	18	chr1:34335322-34336340	chr1:34335722-34335940
Col7a1	Pos_vs_Parental	SE	-0.16	3.47e-10	chr9	108794117	108794144	27	chr9:108793617-108794644	chr9:108794017-108794244
Mpp7	Pos_vs_Parental	SE	0.16	0.00104	chr18	7430394	7430415	21	chr18:7429894-7430915	chr18:7430294-7430515
Nrxn2	Pos_vs_Parental	SE	-0.159	0.0203	chr19	6498284	6498314	30	chr19:6497784-6498814	chr19:6498184-6498414
Plch2	Pos_vs_Parental	SE	0.151	0.015	chr4	155069822	155069849	27	chr4:155069322-155070349	chr4:155069722-155069949
Cers6	Pos_vs_Parental	SE	-0.146	0.000153	chr2	68936086	68936110	24	chr2:68935586-68936610	chr2:68935986-68936210
Plec	Pos_vs_Parental	SE	-0.145	2.64e-08	chr15	76078758	76078773	15	chr15:76078258-76079273	chr15:76078658-76078873
Ppm1b	Pos_vs_Parental	SE	0.145	0.00672	chr17	85322836	85322863	27	chr17:85322336-85323363	chr17:85322736-85322963
Ablim3	Pos_vs_Parental	SE	-0.145	0.00681	chr18	61938707	61938715	8	chr18:61938207-61939215	chr18:61938607-61938815
Strada	Pos_vs_Parental	SE	-0.143	0	chr11	106071780	106071809	29	chr11:106071280-106072309	chr11:106071680-106071909
Nckap1	Pos_vs_Parental	SE	-0.142	0	chr2	80401556	80401574	18	chr2:80401056-80402074	chr2:80401456-80401674
Kif13a	Pos_vs_Parental	SE	0.138	0.0104	chr13	47018294	47018307	13	chr13:47017794-47018807	chr13:47018194-47018407
Macf1	Pos_vs_Parental	SE	-0.137	0	chr4	123257849	123257867	18	chr4:123257349-123258367	chr4:123257749-123257967
Cd47	Pos_vs_Parental	SE	-0.137	1.96e-08	chr16	49728416	49728441	25	chr16:49727916-49728941	chr16:49728316-49728541
Atp6v0a1	Pos_vs_Parental	SE	-0.134	0	chr11	100940284	100940302	18	chr11:100939784-100940802	chr11:100940184-100940402
Zmynd8	Pos_vs_Parental	SE	0.134	1.43e-05	chr2	165694787	165694799	12	chr2:165694287-165695299	chr2:165694687-165694899
Git2	Pos_vs_Parental	SE	-0.133	0	chr5	114891208	114891214	6	chr5:114890708-114891714	chr5:114891108-114891314
Myef2	Pos_vs_Parental	SE	-0.133	0.000396	chr2	124929596	124929623	27	chr2:124929096-124930123	chr2:124929496-124929723
Clasp2	Pos_vs_Parental	SE	-0.131	5.86e-07	chr9	113707817	113707841	24	chr9:113707317-113708341	chr9:113707717-113707941
Pacsin2	Pos_vs_Parental	SE	-0.13	4.79e-06	chr15	83267823	83267829	6	chr15:83267323-83268329	chr15:83267723-83267929
Psap	Pos_vs_Parental	SE	-0.129	6.83e-11	chr10	60133316	60133325	9	chr10:60132816-60133825	chr10:60133216-60133425
Sh3glb2	Pos_vs_Parental	SE	-0.128	0	chr2	30236070	30236085	15	chr2:30235570-30236585	chr2:30235970-30236185
Kcnq2	Pos_vs_Parental	SE	0.126	1.45e-06	chr2	180745434	180745464	30	chr2:180744934-180745964	chr2:180745334-180745564
Adgrl1	Pos_vs_Parental	SE	-0.126	0.0142	chr8	84652890	84652905	15	chr8:84652390-84653405	chr8:84652790-84653005
Ptprs	Pos_vs_Parental	SE	-0.124	0	chr17	56734790	56734817	27	chr17:56734290-56735317	chr17:56734690-56734917
Mdm1	Pos_vs_Parental	SE	-0.124	0	chr10	117992738	117992768	30	chr10:117992238-117993268	chr10:117992638-117992868
Mroh1	Pos_vs_Parental	SE	-0.123	3.8e-13	chr15	76316571	76316598	27	chr15:76316071-76317098	chr15:76316471-76316698
Kif1b	Pos_vs_Parental	SE	-0.122	0	chr4	149349801	149349819	18	chr4:149349301-149350319	chr4:149349701-149349919
Ager	Pos_vs_Parental	SE	-0.122	0.0172	chr17	34819324	34819351	27	chr17:34818824-34819851	chr17:34819224-34819451
Rpe	Pos_vs_Parental	SE	0.122	0.0424	chr1	66740775	66740795	20	chr1:66740275-66741295	chr1:66740675-66740895
Slc12a5	Pos_vs_Parental	SE	-0.12	0.00104	chr2	164838783	164838798	15	chr2:164838283-164839298	chr2:164838683-164838898
Dctn1	Pos_vs_Parental	SE	-0.117	2.55e-07	chr6	83174300	83174315	15	chr6:83173800-83174815	chr6:83174200-83174415
Cacnb3	Pos_vs_Parental	SE	-0.117	0.000452	chr15	98538839	98538859	20	chr15:98538339-98539359	chr15:98538739-98538959
Daam1	Pos_vs_Parental	SE	-0.117	0.0275	chr12	72005520	72005547	27	chr12:72005020-72006047	chr12:72005420-72005647
Adgrl2	Pos_vs_Parental	SE	-0.116	0.00344	chr3	148566062	148566074	12	chr3:148565562-148566574	chr3:148565962-148566174
Tpd52	Pos_vs_Parental	SE	0.115	0	chr3	9008610	9008637	27	chr3:9008110-9009137	chr3:9008510-9008737
Snx14	Pos_vs_Parental	SE	-0.115	2.54e-13	chr9	88282775	88282802	27	chr9:88282275-88283302	chr9:88282675-88282902
Hnrnpa2b1	Pos_vs_Parental	SE	-0.115	9.86e-06	chr6	51441407	51441431	24	chr6:51440907-51441931	chr6:51441307-51441531
Trappc13	Pos_vs_Parental	SE	-0.113	0.000914	chr13	104288672	104288690	18	chr13:104288172-104289190	chr13:104288572-104288790
Tmem245	Pos_vs_Parental	SE	-0.112	0.0214	chr4	56922386	56922410	24	chr4:56921886-56922910	chr4:56922286-56922510
Tecr	Pos_vs_Parental	SE	-0.111	0	chr8	84299656	84299674	18	chr8:84299156-84300174	chr8:84299556-84299774
Vav2	Pos_vs_Parental	SE	-0.111	3.08e-05	chr2	27174850	27174865	15	chr2:27174350-27175365	chr2:27174750-27174965
Tnik	Pos_vs_Parental	SE	0.111	0.00675	chr3	28679347	28679371	24	chr3:28678847-28679871	chr3:28679247-28679471
Ptprf	Pos_vs_Parental	SE	-0.109	0	chr4	118085015	118085042	27	chr4:118084515-118085542	chr4:118084915-118085142
Arhgap23	Pos_vs_Parental	SE	0.109	0.00137	chr11	97382469	97382492	23	chr11:97381969-97382992	chr11:97382369-97382592
Tenm3	Pos_vs_Parental	SE	-0.107	0.000821	chr8	48766272	48766299	27	chr8:48765772-48766799	chr8:48766172-48766399
Gpatch8	Pos_vs_Parental	SE	-0.107	0.00111	chr11	102422138	102422156	18	chr11:102421638-102422656	chr11:102422038-102422256
Nrxn3	Pos_vs_Parental	SE	-0.107	0.00452	chr12	88799322	88799340	18	chr12:88798822-88799840	chr12:88799222-88799440
Mon2	Pos_vs_Parental	SE	-0.106	0.0142	chr10	122858990	122858993	3	chr10:122858490-122859493	chr10:122858890-122859093
Asap1	Pos_vs_Parental	SE	-0.105	3.36e-12	chr15	64025692	64025701	9	chr15:64025192-64026201	chr15:64025592-64025801
Fryl	Pos_vs_Parental	SE	-0.103	1.19e-06	chr5	73182113	73182131	18	chr5:73181613-73182631	chr5:73182013-73182231
Apbb1	Pos_vs_Parental	SE	-0.102	0	chr7	105215152	105215158	6	chr7:105214652-105215658	chr7:105215052-105215258
Synj1	Pos_vs_Parental	SE	-0.1	2.94e-05	chr16	90768451	90768475	24	chr16:90767951-90768975	chr16:90768351-90768575
