"event_key","event_type","GeneID","geneSymbol","chr","strand","exon_start","exon_end","exon_length","size_category","dPSI","FDR"
"chr1:9634047:9634096:9632003:9689774:SE","SE","ENSMUSG00000079671","2610203C22Rik","chr1","-",9634047,9634096,49,"Small (30-50bp)",0.117,0.000134592748575032
"chr18:24604118:24604141:24604037:24608581:SE","SE","ENSMUSG00000024273","2700062C07Rik","chr18","+",24604118,24604141,23,"Microexon (0-30bp)",-0.102,0.0216985677542389
"chr1:120093864:120093902:120099130:120099212:120088386:120115770:MXE","MXE","ENSMUSG00000026388","3110009E18Rik","chr1","+",120093864,120093902,38,"Small (30-50bp)",-0.198,0.0245662682184164
"chr2:22970679:22970712:22970465:22977496:SE","SE","ENSMUSG00000026781","Acbd5","chr2","+",22970679,22970712,33,"Small (30-50bp)",0.171,1.77638802543842e-12
"chr5:8136593:8136623:8132269:8161894:SE","SE","ENSMUSG00000040537","Adam22","chr5","-",8136593,8136623,30,"Microexon (0-30bp)",0.13,0.00900364149579749
"chr3:148532847:148532874:148532169:148533176:SE","SE","ENSMUSG00000028184","Adgrl2","chr3","-",148532847,148532874,27,"Microexon (0-30bp)",0.203,0.000209883033950081
"chr3:148566062:148566074:148565169:148571235:SE","SE","ENSMUSG00000028184","Adgrl2","chr3","-",148566062,148566074,12,"Microexon (0-30bp)",0.142,8.24021668515075e-05
"chr17:14111224:14111260:14109239:14116349:SE","SE","ENSMUSG00000068036","Afdn","chr17","+",14111224,14111260,36,"Small (30-50bp)",0.179,0
"chr4:156252233:156252266:156251963:156253002:SE","SE","ENSMUSG00000041936","Agrn","chr4","-",156252233,156252266,33,"Small (30-50bp)",0.13,4.01171260164633e-06
"chr4:156253002:156253026:156252266:156253189:SE","SE","ENSMUSG00000041936","Agrn","chr4","-",156253002,156253026,24,"Microexon (0-30bp)",0.323,0.00409956888691432
"chr13:59665466:59665504:59662109:59672959:SE","SE","ENSMUSG00000021557","Agtpbp1","chr13","-",59665466,59665504,38,"Small (30-50bp)",0.119,5.21793667820254e-06
"chr3:126772904:126772916:126770596:126775448:SE","SE","ENSMUSG00000032826","Ank2","chr3","-",126772904,126772916,12,"Microexon (0-30bp)",0.138,0.00303344410374097
"chr10:69765276:69765288:69763648:69768223:SE","SE","ENSMUSG00000069601","Ank3","chr10","+",69765276,69765288,12,"Microexon (0-30bp)",0.251,0.00548380560396285
"chr10:69789269:69789302:69786888:69791755:SE","SE","ENSMUSG00000069601","Ank3","chr10","+",69789269,69789302,33,"Small (30-50bp)",0.185,0.0151230474700185
"chr10:69816653:69816680:69816224:69817945:SE","SE","ENSMUSG00000069601","Ank3","chr10","+",69816653,69816680,27,"Microexon (0-30bp)",0.187,0.000174189054449646
"chr13:94680491:94680530:94679384:94684262:SE","SE","ENSMUSG00000021686","Ap3b1","chr13","+",94680491,94680530,39,"Small (30-50bp)",0.15,0
"chr18:46916825:46916866:46913835:46921723:SE","SE","ENSMUSG00000024480","Ap3s1","chr18","+",46916825,46916866,41,"Small (30-50bp)",-0.757,0.000578400887225834
"chr2:20888010:20888040:20886662:20891916:SE","SE","ENSMUSG00000036591","Arhgap21","chr2","-",20888010,20888040,30,"Microexon (0-30bp)",0.21,4.24107750950333e-05
"chr11:97382469:97382492:97382056:97383876:SE","SE","ENSMUSG00000049807","Arhgap23","chr11","+",97382469,97382492,23,"Microexon (0-30bp)",0.228,8.00498907670246e-13
"chr7:24617944:24617956:24617425:24618608:SE","SE","ENSMUSG00000040940","Arhgef1","chr7","+",24617944,24617956,12,"Microexon (0-30bp)",0.131,0.000225967412359808
"chr3:87625535:87625565:87624827:87629663:SE","SE","ENSMUSG00000041977","Arhgef11","chr3","+",87625535,87625565,30,"Microexon (0-30bp)",0.146,2.78873270258153e-06
"chr14:52242335:52242356:52242199:52242445:SE","SE","ENSMUSG00000004562","Arhgef40","chr14","+",52242335,52242356,21,"Microexon (0-30bp)",-0.176,0.00878694833148361
"chr5:92553801:92553838:92552725:92557128:SE","SE","ENSMUSG00000034842","Art3","chr5","+",92553801,92553838,37,"Small (30-50bp)",-0.136,7.53265193187456e-06
"chr5:92553802:92553838:92552725:92557128:SE","SE","ENSMUSG00000034842","Art3","chr5","+",92553802,92553838,36,"Small (30-50bp)",-0.112,0.0444706993217716
"chr16:18219530:18219548:18219003:18220316:SE","SE","ENSMUSG00000118669","Arvcf","chr16","+",18219530,18219548,18,"Microexon (0-30bp)",0.166,7.88857169241047e-11
"chr4:9637658:9637703:9635969:9639197:SE","SE","ENSMUSG00000028207","Asph","chr4","-",9637658,9637703,45,"Small (30-50bp)",0.119,4.92559853045606e-10
"chr9:105370741:105370753:105347346:105371613:SE","SE","ENSMUSG00000032570","Atp2c1","chr9","-",105370741,105370753,12,"Microexon (0-30bp)",0.168,5.43819269842008e-06
"chr2:170212369:170212411:170191383:170220642:SE","SE","ENSMUSG00000013523","Bcas1","chr2","-",170212369,170212411,42,"Small (30-50bp)",0.139,0.0153058546894426
"chr11:85434753:85434798:85422769:85445015:SE","SE","ENSMUSG00000059439","Bcas3","chr11","+",85434753,85434798,45,"Small (30-50bp)",0.293,0.00387829859243398
"chr5:115810202:115810214:115808359:115811138:SE","SE","ENSMUSG00000041609","Bicdl1","chr5","-",115810202,115810214,12,"Microexon (0-30bp)",0.126,2.96143813022664e-09
"chr18:32562752:32562776:32559405:32564723:SE","SE","ENSMUSG00000024381","Bin1","chr18","+",32562752,32562776,24,"Microexon (0-30bp)",0.14,0.0132226098273639
"chr18:32562752:32562776:32559405:32565035:SE","SE","ENSMUSG00000024381","Bin1","chr18","+",32562752,32562776,24,"Microexon (0-30bp)",0.158,0.00216435526037455
"chr7:141554578:141554623:141552459:141556211:SE","SE","ENSMUSG00000053046","Brsk2","chr7","+",141554578,141554623,45,"Small (30-50bp)",0.177,3.78981443433466e-06
"chr7:141554578:141554626:141552459:141556211:SE","SE","ENSMUSG00000053046","Brsk2","chr7","+",141554578,141554626,48,"Small (30-50bp)",0.184,0.0014956495206172
"chr7:141554578:141554626:141552751:141556211:SE","SE","ENSMUSG00000053046","Brsk2","chr7","+",141554578,141554626,48,"Small (30-50bp)",0.131,0.03584981861456
"chr19:45394983:45395025:45352325:45425775:SE","SE","ENSMUSG00000025217","Btrc","chr19","+",45394983,45395025,42,"Small (30-50bp)",0.152,0.000812282191415622
"chr19:45394983:45395025:45352713:45444971:SE","SE","ENSMUSG00000025217","Btrc","chr19","+",45394983,45395025,42,"Small (30-50bp)",-0.275,6.97195304985411e-06
"chr6:143011911:143011944:143007587:143012781:SE","SE","ENSMUSG00000030279","C2cd5","chr6","-",143011911,143011944,33,"Small (30-50bp)",0.132,0
"chr9:47740674:47740707:47725243:47759464:SE","SE","ENSMUSG00000032076","Cadm1","chr9","+",47740674,47740707,33,"Small (30-50bp)",0.142,0.000107598174943054
"chr9:47740674:47740707:47730115:47759464:SE","SE","ENSMUSG00000032076","Cadm1","chr9","+",47740674,47740707,33,"Small (30-50bp)",0.107,0.000165635470976537
"chr14:20794671:20794716:20805726:20805770:20792821:20810211:MXE","MXE","ENSMUSG00000021820","Camk2g","chr14","-",20794671,20794716,45,"Small (30-50bp)",-0.107,0.0487953130060662
"chr1:136225021:136225054:136221159:136225479:SE","SE","ENSMUSG00000041570","Camsap2","chr1","-",136225021,136225054,33,"Small (30-50bp)",0.246,4.82489615225967e-06
"chrX:13462924:13462942:13453204:13466595:SE","SE","ENSMUSG00000031012","Cask","chrX","-",13462924,13462942,18,"Microexon (0-30bp)",0.169,0
"chr10:79972538:79972577:79972328:79972707:SE","SE","ENSMUSG00000035640","Cbarp","chr10","-",79972538,79972577,39,"Small (30-50bp)",-0.193,6.82236601168504e-07
"chr16:43712515:43712554:43710401:43718452:SE","SE","ENSMUSG00000022701","Ccdc191","chr16","+",43712515,43712554,39,"Small (30-50bp)",0.186,7.85526742502879e-05
"chr2:164911736:164911768:164908484:164912641:SE","SE","ENSMUSG00000017652","Cd40","chr2","+",164911736,164911768,32,"Small (30-50bp)",-0.152,1.82714629193345e-06
"chr2:120560949:120560983:120560580:120561182:SE","SE","ENSMUSG00000027284","Cdan1","chr2","-",120560949,120560983,34,"Small (30-50bp)",-0.264,0.0416129966932114
"chr1:179946300:179946348:179945308:179951488:SE","SE","ENSMUSG00000026490","Cdc42bpa","chr1","+",179946300,179946348,48,"Small (30-50bp)",0.18,1.18301469469446e-06
"chr1:179946300:179946348:179951488:179951527:179945308:179961861:MXE","MXE","ENSMUSG00000026490","Cdc42bpa","chr1","+",179946300,179946348,48,"Small (30-50bp)",0.107,0.000313086805728767
"chr9:59497917:59497966:59509859:59509988:59489641:59510082:MXE","MXE","ENSMUSG00000032297","Celf6","chr9","+",59497917,59497966,49,"Small (30-50bp)",0.103,0.00581067519350435
"chr9:102498894:102498927:102496959:102503102:SE","SE","ENSMUSG00000032534","Cep63","chr9","-",102498894,102498927,33,"Small (30-50bp)",-0.364,0.0257460231779752
"chr9:102500754:102500792:102498927:102503102:SE","SE","ENSMUSG00000032534","Cep63","chr9","-",102500754,102500792,38,"Small (30-50bp)",0.548,0.0030228753200067
"chr2:73540798:73540826:73510247:73546707:SE","SE","ENSMUSG00000056486","Chn1","chr2","-",73540798,73540826,28,"Microexon (0-30bp)",-0.173,0.00124751535681706
"chr9:113687648:113687672:113683414:113691253:SE","SE","ENSMUSG00000033392","Clasp2","chr9","+",113687648,113687672,24,"Microexon (0-30bp)",0.252,1.26060491336164e-07
"chr8:11254535:11254552:11253008:11256225:SE","SE","ENSMUSG00000031502","Col4a1","chr8","-",11254535,11254552,17,"Microexon (0-30bp)",0.116,0.029292636882421
"chr11:31868800:31868824:31839939:31870408:SE","SE","ENSMUSG00000020300","Cpeb4","chr11","+",31868800,31868824,24,"Microexon (0-30bp)",0.103,1.13081564246697e-05
"chr11:31868800:31868824:31858875:31870408:SE","SE","ENSMUSG00000020300","Cpeb4","chr11","+",31868800,31868824,24,"Microexon (0-30bp)",0.164,3.91008884983753e-05
"chr3:86695928:86695941:86694719:86696618:SE","SE","ENSMUSG00000028078","Dclk2","chr3","-",86695928,86695941,13,"Microexon (0-30bp)",0.13,0.0357757878867097
"chr3:86695928:86695941:86694719:86699301:SE","SE","ENSMUSG00000028078","Dclk2","chr3","-",86695928,86695941,13,"Microexon (0-30bp)",0.107,9.02838700735828e-07
"chr3:86738130:86738178:86732037:86739039:SE","SE","ENSMUSG00000028078","Dclk2","chr3","-",86738130,86738178,48,"Small (30-50bp)",0.136,1.01172471836732e-07
"chr6:83160917:83160938:83160315:83166058:SE","SE","ENSMUSG00000031865","Dctn1","chr6","+",83160917,83160938,21,"Microexon (0-30bp)",0.262,0
"chr6:83160917:83160938:83164745:83164766:83160315:83166058:MXE","MXE","ENSMUSG00000031865","Dctn1","chr6","+",83160917,83160938,21,"Microexon (0-30bp)",0.119,5.91769831934145e-05
"chr6:83163409:83163427:83164745:83164766:83160938:83166058:MXE","MXE","ENSMUSG00000031865","Dctn1","chr6","+",83163409,83163427,18,"Microexon (0-30bp)",0.272,0.00539272644434666
"chr6:83164745:83164766:83160938:83166058:SE","SE","ENSMUSG00000031865","Dctn1","chr6","+",83164745,83164766,21,"Microexon (0-30bp)",-0.137,2.3696378192652e-05
"chr18:60678428:60678449:60677218:60678819:SE","SE","ENSMUSG00000024603","Dctn4","chr18","+",60678428,60678449,21,"Microexon (0-30bp)",0.164,2.36488905850054e-07
"chr14:45866310:45866331:45858297:45867036:SE","SE","ENSMUSG00000037697","Ddhd1","chr14","-",45866310,45866331,21,"Microexon (0-30bp)",0.202,1.72061376212635e-05
"chr1:171158820:171158853:171157094:171165819:SE","SE","ENSMUSG00000013973","Dedd","chr1","+",171158820,171158853,33,"Small (30-50bp)",0.174,0
"chr1:171158820:171158853:171157260:171165819:SE","SE","ENSMUSG00000013973","Dedd","chr1","+",171158820,171158853,33,"Small (30-50bp)",0.109,9.41268011599817e-09
"chr1:138950842:138950886:138893968:138967737:SE","SE","ENSMUSG00000056268","Dennd1b","chr1","+",138950842,138950886,44,"Small (30-50bp)",0.187,0.00111649201585084
"chr10:76107209:76107239:76106291:76108366:SE","SE","ENSMUSG00000020231","Dip2a","chr10","-",76107209,76107239,30,"Microexon (0-30bp)",0.168,0.000735208041510314
"chr14:61861881:61861931:61841255:61862668:SE","SE","ENSMUSG00000097589","Dleu2","chr14","-",61861881,61861931,50,"Small (30-50bp)",-0.164,0.0427466608636049
"chr14:61861881:61861931:61862668:61862811:61851720:61869885:MXE","MXE","ENSMUSG00000097589","Dleu2","chr14","-",61861881,61861931,50,"Small (30-50bp)",-0.116,0.022310666860815
"chr16:31673470:31673506:31672702:31675258:SE","SE","ENSMUSG00000022770","Dlg1","chr16","+",31673470,31673506,36,"Small (30-50bp)",0.139,8.81268485011539e-07
"chr16:31673485:31673506:31666487:31675258:SE","SE","ENSMUSG00000022770","Dlg1","chr16","+",31673485,31673506,21,"Microexon (0-30bp)",-0.104,0.0218207418493108
"chrX:99855107:99855149:99856331:99856382:99853513:99856942:MXE","MXE","ENSMUSG00000000881","Dlg3","chrX","+",99855107,99855149,42,"Small (30-50bp)",0.101,0.0260867908289963
"chr2:32200462:32200499:32200039:32202138:SE","SE","ENSMUSG00000026825","Dnm1","chr2","-",32200462,32200499,37,"Small (30-50bp)",-0.104,0.0269272889583834
"chr9:21401953:21401965:21401090:21405799:SE","SE","ENSMUSG00000033335","Dnm2","chr9","+",21401953,21401965,12,"Microexon (0-30bp)",0.118,0.000947054302203747
"chr12:40844595:40844622:40840160:40844766:SE","SE","ENSMUSG00000035954","Dock4","chr12","+",40844595,40844622,27,"Microexon (0-30bp)",0.164,0
"chr14:121797336:121797372:121796545:121798001:SE","SE","ENSMUSG00000025558","Dock9","chr14","-",121797336,121797372,36,"Small (30-50bp)",0.19,0.0101146356328822
"chr9:86388923:86388953:86388572:86389556:SE","SE","ENSMUSG00000034973","Dop1a","chr9","+",86388923,86388953,30,"Microexon (0-30bp)",0.195,0.042844740993165
"chr12:3824569:3824610:3823640:3829618:SE","SE","ENSMUSG00000071454","Dtnb","chr12","+",3824569,3824610,41,"Small (30-50bp)",-0.187,3.98457234897981e-05
"chr1:151688504:151688519:151687455:151694060:SE","SE","ENSMUSG00000043019","Edem3","chr1","+",151688504,151688519,15,"Microexon (0-30bp)",0.115,0.00404923577228385
"chr1:151688504:151688552:151687455:151694060:SE","SE","ENSMUSG00000043019","Edem3","chr1","+",151688504,151688552,48,"Small (30-50bp)",0.105,0.000635778430255848
"chr16:20493535:20493556:20493064:20494093:SE","SE","ENSMUSG00000045983","Eif4g1","chr16","+",20493535,20493556,21,"Microexon (0-30bp)",0.166,1.83302648422216e-13
"chr11:61425403:61425439:61424507:61426096:SE","SE","ENSMUSG00000001036","Epn2","chr11","-",61425403,61425439,36,"Small (30-50bp)",0.122,7.70019309919651e-05
"chr6:119711041:119711053:119699269:119720248:SE","SE","ENSMUSG00000030172","Erc1","chr6","-",119711041,119711053,12,"Microexon (0-30bp)",0.163,2.75166287953894e-05
"chr2:155857296:155857311:155853326:155857908:SE","SE","ENSMUSG00000005881","Ergic3","chr2","+",155857296,155857311,15,"Microexon (0-30bp)",0.169,0
"chr11:5041459:5041477:5038146:5041858:SE","SE","ENSMUSG00000009079","Ewsr1","chr11","-",5041459,5041477,18,"Microexon (0-30bp)",0.222,0
"chr5:76688593:76688614:76685704:76689897:SE","SE","ENSMUSG00000036435","Exoc1","chr5","+",76688593,76688614,21,"Microexon (0-30bp)",0.252,1.58910376195037e-06
"chr11:116184100:116184139:116183410:116184797:SE","SE","ENSMUSG00000020792","Exoc7","chr11","-",116184100,116184139,39,"Small (30-50bp)",0.169,2.46650849294221e-07
"chr9:119274352:119274387:119274216:119276014:SE","SE","ENSMUSG00000042787","Exog","chr9","+",119274352,119274387,35,"Small (30-50bp)",-0.15,0.00871617407300527
"chr4:132384888:132384927:132384099:132389205:SE","SE","ENSMUSG00000028886","Eya3","chr4","+",132384888,132384927,39,"Small (30-50bp)",0.204,1.83302648422216e-13
"chr4:132384888:132384927:132389205:132389249:132384099:132417015:MXE","MXE","ENSMUSG00000028886","Eya3","chr4","+",132384888,132384927,39,"Small (30-50bp)",0.207,4.6526657512411e-06
"chr7:100467942:100467969:100462207:100473338:SE","SE","ENSMUSG00000029461","Fam168a","chr7","+",100467942,100467969,27,"Microexon (0-30bp)",-0.191,1.19363993167714e-06
"chr19:60208761:60208792:60208571:60214663:SE","SE","ENSMUSG00000057858","Fam204a","chr19","-",60208761,60208792,31,"Small (30-50bp)",-0.194,5.54044420961763e-11
"chr19:60208761:60208792:60208571:60214741:SE","SE","ENSMUSG00000057858","Fam204a","chr19","-",60208761,60208792,31,"Small (30-50bp)",-0.138,0.0249443254739075
"chr3:127681603:127681634:127664649:127689682:SE","SE","ENSMUSG00000050549","Fam241a","chr3","-",127681603,127681634,31,"Small (30-50bp)",0.154,0.000166478503906857
"chr5:110563895:110563931:110543940:110580766:SE","SE","ENSMUSG00000043323","Fbrsl1","chr5","-",110563895,110563931,36,"Small (30-50bp)",-0.145,0.00404923577228385
"chr7:30746797:30746827:30744452:30750780:SE","SE","ENSMUSG00000036578","Fxyd7","chr7","-",30746797,30746827,30,"Microexon (0-30bp)",0.198,0.000914872697111681
"chr17:22511388:22511436:22528485:22528578:22508876:22532217:MXE","MXE","ENSMUSG00000117284","Gm7072","chr17","-",22511388,22511436,48,"Small (30-50bp)",0.141,0.036465184818851
"chr2:174169900:174169924:174169734:174176004:SE","SE","ENSMUSG00000027523","Gnas","chr2","+",174169900,174169924,24,"Microexon (0-30bp)",0.15,8.39408628074766e-11
"chr7:30832644:30832656:30832290:30833415:SE","SE","ENSMUSG00000001248","Gramd1a","chr7","-",30832644,30832656,12,"Microexon (0-30bp)",0.183,0
"chr9:40211735:40211747:40211392:40214793:SE","SE","ENSMUSG00000040111","Gramd1b","chr9","-",40211735,40211747,12,"Microexon (0-30bp)",0.133,6.265064870653e-05
"chr8:57771440:57771482:57767649:57773723:SE","SE","ENSMUSG00000100510","Hand2os1","chr8","-",57771440,57771482,42,"Small (30-50bp)",0.308,0.00031990563030739
"chr5:149118808:149118845:148987561:149121257:SE","SE","ENSMUSG00000066551","Hmgb1","chr5","-",149118808,149118845,37,"Small (30-50bp)",-0.178,0.00138310450317866
"chr6:51441407:51441431:51441191:51442158:SE","SE","ENSMUSG00000004980","Hnrnpa2b1","chr6","-",51441407,51441431,24,"Microexon (0-30bp)",-0.167,1.60289999095546e-11
"chr9:44685479:44685528:44685081:44689890:SE","SE","ENSMUSG00000002031","Ift46","chr9","+",44685479,44685528,49,"Small (30-50bp)",0.103,0.00318488327296499
"chr6:113451513:113451558:113451233:113453359:SE","SE","ENSMUSG00000030281","Il17rc","chr6","+",113451513,113451558,45,"Small (30-50bp)",0.114,0.000203557484841374
"chr1:37413355:37413370:37411500:37416658:SE","SE","ENSMUSG00000026113","Inpp4a","chr1","+",37413355,37413370,15,"Microexon (0-30bp)",0.181,0.000806405267909375
"chr1:37422419:37422452:37419141:37426778:SE","SE","ENSMUSG00000026113","Inpp4a","chr1","+",37422419,37422452,33,"Small (30-50bp)",0.23,6.96191111593124e-08
"chr9:108673739:108673771:108673595:108673853:SE","SE","ENSMUSG00000032599","Ip6k2","chr9","+",108673739,108673771,32,"Small (30-50bp)",0.141,2.0295899336164e-10
"chr9:108673739:108673771:108673595:108674482:SE","SE","ENSMUSG00000032599","Ip6k2","chr9","+",108673739,108673771,32,"Small (30-50bp)",0.202,0.00135350089455971
"chr9:108673739:108673771:108673869:108673982:108673595:108674405:MXE","MXE","ENSMUSG00000032599","Ip6k2","chr9","+",108673739,108673771,32,"Small (30-50bp)",0.216,0.000165393698964988
"chr6:90764099:90764144:90671832:90786749:SE","SE","ENSMUSG00000034312","Iqsec1","chr6","-",90764099,90764144,45,"Small (30-50bp)",0.213,0.000203414095322047
"chr6:145083771:145083812:145083333:145083907:SE","SE","ENSMUSG00000030263","Irag2","chr6","+",145083771,145083812,41,"Small (30-50bp)",0.4,0.00020670684657125
"chr4:152519238:152519280:152497317:152520261:SE","SE","ENSMUSG00000028931","Kcnab2","chr4","-",152519238,152519280,42,"Small (30-50bp)",0.133,1.32970738018292e-08
"chr7:44247013:44247043:44245692:44247804:SE","SE","ENSMUSG00000062785","Kcnc3","chr7","+",44247013,44247043,30,"Microexon (0-30bp)",0.151,1.7021590643803e-05
"chr7:44247013:44247043:44245692:44247807:SE","SE","ENSMUSG00000062785","Kcnc3","chr7","+",44247013,44247043,30,"Microexon (0-30bp)",0.326,0.00035228058859102
"chr2:180745434:180745464:180742411:180746679:SE","SE","ENSMUSG00000016346","Kcnq2","chr2","-",180745434,180745464,30,"Microexon (0-30bp)",0.153,1.25008143371497e-12
"chr1:21536606:21536633:21527848:21539693:SE","SE","ENSMUSG00000028033","Kcnq5","chr1","-",21536606,21536633,27,"Microexon (0-30bp)",0.353,0.016825005150273
"chr13:47018294:47018307:47001862:47082691:SE","SE","ENSMUSG00000021375","Kif13a","chr13","-",47018294,47018307,13,"Microexon (0-30bp)",0.115,0.0476513745860557
"chr11:78921906:78921948:78919909:78924043:SE","SE","ENSMUSG00000018334","Ksr1","chr11","-",78921906,78921948,42,"Small (30-50bp)",0.203,0.028054910620087
"chr5:67150485:67150521:67132005:67154462:SE","SE","ENSMUSG00000037736","Limch1","chr5","+",67150485,67150521,36,"Small (30-50bp)",-0.131,0.0015000099963555
"chr11:3311782:3311825:3311108:3342916:SE","SE","ENSMUSG00000020451","Limk2","chr11","-",3311782,3311825,43,"Small (30-50bp)",-0.127,0.00295924060295074
"chr1:36468503:36468536:36467542:36477830:SE","SE","ENSMUSG00000001143","Lman2l","chr1","-",36468503,36468536,33,"Small (30-50bp)",0.204,0
"chr1:36468503:36468536:36467542:36478689:SE","SE","ENSMUSG00000001143","Lman2l","chr1","-",36468503,36468536,33,"Small (30-50bp)",0.228,7.43889692715926e-06
"chr9:110996267:110996312:111011886:111011955:110990457:111017829:MXE","MXE","ENSMUSG00000032497","Lrrfip2","chr9","+",110996267,110996312,45,"Small (30-50bp)",0.142,0.0469792286023311
"chr7:66874123:66874149:66873639:66875611:SE","SE","ENSMUSG00000043831","Lysmd4","chr7","+",66874123,66874149,26,"Microexon (0-30bp)",0.106,0.0348177002792262
"chr2:90971153:90971162:90970971:90973100:SE","SE","ENSMUSG00000040687","Madd","chr2","-",90971153,90971162,9,"Microexon (0-30bp)",0.143,0.000297928868703475
"chr11:120520811:120520842:120520707:120521313:SE","SE","ENSMUSG00000051510","Mafg","chr11","-",120520811,120520842,31,"Small (30-50bp)",0.201,0.00025643802318943
"chr11:120520811:120520842:120520707:120524187:SE","SE","ENSMUSG00000051510","Mafg","chr11","-",120520811,120520842,31,"Small (30-50bp)",0.157,0.00124751535681706
"chr17:25127384:25127402:25126360:25128123:SE","SE","ENSMUSG00000024163","Mapk8ip3","chr17","-",25127384,25127402,18,"Microexon (0-30bp)",0.149,0
"chr17:25127384:25127402:25128123:25128135:25126360:25131721:MXE","MXE","ENSMUSG00000024163","Mapk8ip3","chr17","-",25127384,25127402,18,"Microexon (0-30bp)",-0.191,2.92207409784125e-10
"chr2:119843781:119843799:119843575:119844099:SE","SE","ENSMUSG00000033902","Mapkbp1","chr2","+",119843781,119843799,18,"Microexon (0-30bp)",0.12,0.000138854636536258
"chr2:60077831:60077856:60075604:60078233:SE","SE","ENSMUSG00000026977","Marchf7","chr2","+",60077831,60077856,25,"Microexon (0-30bp)",0.187,2.84857067591192e-07
"chr10:127132585:127132609:127132502:127132741:SE","SE","ENSMUSG00000040354","Mars1","chr10","-",127132585,127132609,24,"Microexon (0-30bp)",-0.123,8.84120397101463e-07
"chr4:116190609:116190630:116187666:116194618:SE","SE","ENSMUSG00000003810","Mast2","chr4","-",116190609,116190630,21,"Microexon (0-30bp)",0.248,0
"chr12:77008036:77008063:77000050:77008763:SE","SE","ENSMUSG00000059436","Max","chr12","-",77008036,77008063,27,"Microexon (0-30bp)",0.148,3.18154548488872e-06
"chr14:120640747:120640783:120634016:120642049:SE","SE","ENSMUSG00000022139","Mbnl2","chr14","+",120640747,120640783,36,"Small (30-50bp)",0.145,2.06151569147105e-05
"chr14:120640747:120640783:120634016:120666346:SE","SE","ENSMUSG00000022139","Mbnl2","chr14","+",120640747,120640783,36,"Small (30-50bp)",0.113,0.00276681893539065
"chr1:82723244:82723277:82713228:82724803:SE","SE","ENSMUSG00000026150","Mff","chr1","+",82723244,82723277,33,"Small (30-50bp)",0.146,0.00576373073023083
"chr16:4752058:4752103:4750162:4754759:SE","SE","ENSMUSG00000022517","Mgrn1","chr16","+",4752058,4752103,45,"Small (30-50bp)",0.14,0.0280652123426945
"chr10:122858990:122858993:122858849:122859814:SE","SE","ENSMUSG00000034602","Mon2","chr10","-",122858990,122858993,3,"Microexon (0-30bp)",0.104,0.00513475016025838
"chr17:35262704:35262740:35260491:35263000:SE","SE","ENSMUSG00000007035","Msh5","chr17","-",35262704,35262740,36,"Small (30-50bp)",-0.162,0.0499647818891233
"chr11:77706681:77706717:77669140:77708444:SE","SE","ENSMUSG00000000631","Myo18a","chr11","+",77706681,77706717,36,"Small (30-50bp)",0.169,0.000733043013247745
"chr3:55901468:55901477:55899935:55907907:SE","SE","ENSMUSG00000027799","Nbea","chr3","-",55901468,55901477,9,"Microexon (0-30bp)",0.201,1.83302648422216e-13
"chr2:156771851:156771890:156770801:156773135:SE","SE","ENSMUSG00000027634","Ndrg3","chr2","-",156771851,156771890,39,"Small (30-50bp)",0.113,7.3015169289544e-05
"chr11:4730577:4730622:4718273:4732186:SE","SE","ENSMUSG00000009073","Nf2","chr11","-",4730577,4730622,45,"Small (30-50bp)",0.174,1.62465065210454e-10
"chr4:135182183:135182215:135179883:135191096:SE","SE","ENSMUSG00000028803","Nipal3","chr4","-",135182183,135182215,32,"Small (30-50bp)",0.158,4.5723219909902e-06
"chr2:51862599:51862639:51850672:51862920:SE","SE","ENSMUSG00000026946","Nmi","chr2","-",51862599,51862639,40,"Small (30-50bp)",0.198,0.0123671811189928
"chr5:31403665:31403689:31403189:31404685:SE","SE","ENSMUSG00000029148","Nrbp1","chr5","+",31403665,31403689,24,"Microexon (0-30bp)",0.114,1.54455389076641e-06
"chr8:32321232:32321256:32323180:32323258:32316383:32327697:MXE","MXE","ENSMUSG00000062991","Nrg1","chr8","-",32321232,32321256,24,"Microexon (0-30bp)",-0.149,1.79724354088349e-05
"chr12:88817048:88817078:88799340:89153791:SE","SE","ENSMUSG00000066392","Nrxn3","chr12","+",88817048,88817078,30,"Microexon (0-30bp)",-0.277,0.00398410740864226
"chr2:24947976:24947982:24948264:24948333:24947188:24949032:MXE","MXE","ENSMUSG00000006476","Nsmf","chr2","+",24947976,24947982,6,"Microexon (0-30bp)",0.141,0.0275405228459169
"chr6:56900051:56900097:56890879:56900656:SE","SE","ENSMUSG00000029780","Nt5c3","chr6","-",56900051,56900097,46,"Small (30-50bp)",0.166,0.00952418497967253
"chr11:77579112:77579157:77578637:77582367:SE","SE","ENSMUSG00000037857","Nufip2","chr11","+",77579112,77579157,45,"Small (30-50bp)",0.315,0.0120976829385297
"chr2:80454669:80454704:80451584:80472968:SE","SE","ENSMUSG00000026999","Nup35","chr2","+",80454669,80454704,35,"Small (30-50bp)",-0.356,0.00538143232175667
"chr5:73451308:73451353:73450319:73452268:SE","SE","ENSMUSG00000029152","Ociad1","chr5","+",73451308,73451353,45,"Small (30-50bp)",-0.116,0.00523039684034936
"chr15:83267823:83267829:83266084:83269187:SE","SE","ENSMUSG00000016664","Pacsin2","chr15","-",83267823,83267829,6,"Microexon (0-30bp)",0.132,1.47590581058568e-08
"chr9:44610123:44610168:44609517:44610643:SE","SE","ENSMUSG00000048537","Phldb1","chr9","-",44610123,44610168,45,"Small (30-50bp)",0.15,2.99483816655085e-06
"chr7:89843480:89843504:89840961:89844862:SE","SE","ENSMUSG00000039361","Picalm","chr7","+",89843480,89843504,24,"Microexon (0-30bp)",0.118,1.15267724231651e-07
"chr2:18870922:18870961:18857737:18893862:SE","SE","ENSMUSG00000026737","Pip4k2a","chr2","-",18870922,18870961,39,"Small (30-50bp)",-0.154,0.01412193452692
"chr2:135806971:135807007:135803739:135808944:SE","SE","ENSMUSG00000039943","Plcb4","chr2","+",135806971,135807007,36,"Small (30-50bp)",0.112,1.34928027767139e-10
"chr4:155069822:155069849:155069422:155070671:SE","SE","ENSMUSG00000029055","Plch2","chr4","-",155069822,155069849,27,"Microexon (0-30bp)",0.144,0.0428140432341417
"chr15:76078165:76078201:76077687:76078540:SE","SE","ENSMUSG00000022565","Plec","chr15","-",76078165,76078201,36,"Small (30-50bp)",0.101,0
"chr9:121824132:121824179:121824016:121824941:SE","SE","ENSMUSG00000066235","Pomgnt2","chr9","-",121824132,121824179,47,"Small (30-50bp)",0.398,0.00431860832987468
"chr6:25798007:25798054:25794673:25805873:SE","SE","ENSMUSG00000029676","Pot1a","chr6","-",25798007,25798054,47,"Small (30-50bp)",-0.18,0.00594642261840523
"chr6:115362557:115362594:115384202:115384281:115360704:115416800:MXE","MXE","ENSMUSG00000000440","Pparg","chr6","+",115362557,115362594,37,"Small (30-50bp)",0.362,0.0392625666580476
"chr7:144056603:144056633:144054140:144058639:SE","SE","ENSMUSG00000037519","Ppfia1","chr7","-",144056603,144056633,30,"Microexon (0-30bp)",0.265,7.93719172020803e-12
"chr7:44992976:44993003:44991925:44993164:SE","SE","ENSMUSG00000003863","Ppfia3","chr7","-",44992976,44993003,27,"Microexon (0-30bp)",0.239,5.1877029221982e-09
"chr7:107327922:107327955:107326992:107328345:SE","SE","ENSMUSG00000036528","Ppfibp2","chr7","+",107327922,107327955,33,"Small (30-50bp)",0.114,0.000795244334296005
"chr19:3509746:3509764:3509480:3514544:SE","SE","ENSMUSG00000024908","Ppp6r3","chr19","-",3509746,3509764,18,"Microexon (0-30bp)",0.211,0
"chr1:162501671:162501720:162501225:162503173:SE","SE","ENSMUSG00000040225","Prrc2c","chr1","-",162501671,162501720,49,"Small (30-50bp)",-0.121,3.14841122952943e-07
"chr19:17189655:17189694:17185693:17193689:SE","SE","ENSMUSG00000039126","Prune2","chr19","+",17189655,17189694,39,"Small (30-50bp)",0.113,0.0330137103152969
"chr19:17189655:17189694:17189077:17193689:SE","SE","ENSMUSG00000039126","Prune2","chr19","+",17189655,17189694,39,"Small (30-50bp)",0.116,0.00583089718009933
"chr19:17193689:17193737:17185693:17198147:SE","SE","ENSMUSG00000039126","Prune2","chr19","+",17193689,17193737,48,"Small (30-50bp)",0.118,0.0452451347637844
"chr5:23968331:23968349:23967472:23973765:SE","SE","ENSMUSG00000057541","Pus7","chr5","-",23968331,23968349,18,"Microexon (0-30bp)",0.11,0.00249790685408837
"chr1:127869330:127869351:127866885:127870110:SE","SE","ENSMUSG00000036104","Rab3gap1","chr1","+",127869330,127869351,21,"Microexon (0-30bp)",0.191,7.9279837253698e-07
"chr11:74458041:74458077:74375797:74487707:SE","SE","ENSMUSG00000038807","Rap1gap2","chr11","-",74458041,74458077,36,"Small (30-50bp)",0.148,0.0299974855054127
"chr11:54542574:54542589:54540165:54548071:SE","SE","ENSMUSG00000037533","Rapgef6","chr11","+",54542574,54542589,15,"Microexon (0-30bp)",0.211,0.000564883834454027
"chr12:109609847:109609895:109606762:109611695:SE","SE","ENSMUSG00000097451","Rian","chr12","+",109609847,109609895,48,"Small (30-50bp)",0.123,0.0423969470140858
"chr11:116231163:116231204:116229656:116235020:SE","SE","ENSMUSG00000052949","Rnf157","chr11","-",116231163,116231204,41,"Small (30-50bp)",0.238,4.1730234038217e-08
"chr1:66740775:66740807:66740775:66740795:66745604:66745684:A5SS","A5SS","ENSMUSG00000026005","Rpe","chr1","+",66740775,66740807,32,"Small (30-50bp)",0.126,0.0400190104513177
"chr4:135775122:135775164:135756016:135778481:SE","SE","ENSMUSG00000059291","Rpl11","chr4","-",135775122,135775164,42,"Small (30-50bp)",0.139,0.00346619934067699
"chr16:32661906:32661951:32658723:32663367:SE","SE","ENSMUSG00000035629","Rubcn","chr16","-",32661906,32661951,45,"Small (30-50bp)",0.329,0
"chr15:89191374:89191398:89191138:89191695:SE","SE","ENSMUSG00000036529","Sbf1","chr15","-",89191374,89191398,24,"Microexon (0-30bp)",0.134,0
"chr4:102757722:102757734:102727921:102766004:SE","SE","ENSMUSG00000028524","Sgip1","chr4","+",102757722,102757734,12,"Microexon (0-30bp)",0.461,0.00482199685480026
"chr4:102762761:102762773:102727921:102766004:SE","SE","ENSMUSG00000028524","Sgip1","chr4","+",102762761,102762773,12,"Microexon (0-30bp)",0.167,0.012020875500013
"chr2:30239237:30239249:30238629:30240299:SE","SE","ENSMUSG00000026860","Sh3glb2","chr2","-",30239237,30239249,12,"Microexon (0-30bp)",0.228,1.00380021755475e-13
"chr19:47308714:47308759:47302605:47331878:SE","SE","ENSMUSG00000053617","Sh3pxd2a","chr19","-",47308714,47308759,45,"Small (30-50bp)",0.181,0.0101520790751036
"chr7:143961792:143961813:143960969:143963198:SE","SE","ENSMUSG00000037541","Shank2","chr7","+",143961792,143961813,21,"Microexon (0-30bp)",0.216,0.00367211715503187
"chr15:89422217:89422241:89417657:89427302:SE","SE","ENSMUSG00000022623","Shank3","chr15","+",89422217,89422241,24,"Microexon (0-30bp)",0.129,0.00370443296087122
"chr9:45858838:45858850:45858353:45859133:SE","SE","ENSMUSG00000034908","Sidt2","chr9","-",45858838,45858850,12,"Microexon (0-30bp)",0.156,5.41086159805272e-06
"chr19:5711623:5711651:5711139:5712615:SE","SE","ENSMUSG00000056917","Sipa1","chr19","-",5711623,5711651,28,"Microexon (0-30bp)",0.295,6.66291490053471e-05
"chr7:28467056:28467103:28466292:28471235:SE","SE","ENSMUSG00000015149","Sirt2","chr7","+",28467056,28467103,47,"Small (30-50bp)",0.106,2.07061881689525e-08
"chr2:112146585:112146630:112097437:112163727:SE","SE","ENSMUSG00000027130","Slc12a6","chr2","+",112146585,112146630,45,"Small (30-50bp)",0.131,0.00283734158946604
"chrX:47717012:47717060:47713074:47718128:SE","SE","ENSMUSG00000031105","Slc25a14","chrX","+",47717012,47717060,48,"Small (30-50bp)",0.299,0.0103892994683788
"chr11:119999292:119999316:119997436:120000257:SE","SE","ENSMUSG00000061306","Slc38a10","chr11","-",119999292,119999316,24,"Microexon (0-30bp)",0.174,0
"chr11:119999292:119999316:120000257:120000362:119997436:120000891:MXE","MXE","ENSMUSG00000061306","Slc38a10","chr11","-",119999292,119999316,24,"Microexon (0-30bp)",-0.108,1.79724354088349e-05
"chr18:36662739:36662789:36662382:36662925:SE","SE","ENSMUSG00000024485","Slc4a9","chr18","+",36662739,36662789,50,"Small (30-50bp)",0.264,0.000194381456300803
"chr9:70470095:70470143:70466383:70479430:SE","SE","ENSMUSG00000032212","Sltm","chr9","+",70470095,70470143,48,"Small (30-50bp)",-0.132,1.40492843640743e-09
"chr9:86680882:86680897:86665487:86686507:SE","SE","ENSMUSG00000033419","Snap91","chr9","-",86680882,86680897,15,"Microexon (0-30bp)",0.195,0.000122089744963173
"chr19:40371199:40371226:40371077:40381831:SE","SE","ENSMUSG00000025006","Sorbs1","chr19","-",40371199,40371226,27,"Microexon (0-30bp)",0.149,0.0343502534780225
"chr11:93970024:93970036:93962512:93971565:SE","SE","ENSMUSG00000020859","Spag9","chr11","+",93970024,93970036,12,"Microexon (0-30bp)",0.196,0.00595332956613346
"chr2:157300762:157300780:157300553:157304629:SE","SE","ENSMUSG00000027646","Src","chr2","+",157300762,157300780,18,"Microexon (0-30bp)",0.119,0.042033003448259
"chr5:135895980:135896000:135886069:135897026:SE","SE","ENSMUSG00000039860","Srrm3","chr5","+",135895980,135896000,20,"Microexon (0-30bp)",0.114,0.00026876094254613
"chr5:116592731:116592747:116591772:116605490:SE","SE","ENSMUSG00000063919","Srrm4","chr5","-",116592731,116592747,16,"Microexon (0-30bp)",0.128,0.00306135752008045
"chr13:38167070:38167085:38163782:38167368:SE","SE","ENSMUSG00000021427","Ssr1","chr13","-",38167070,38167085,15,"Microexon (0-30bp)",0.156,2.10734500767394e-08
"chr7:102082403:102082440:102080158:102084590:SE","SE","ENSMUSG00000030987","Stim1","chr7","+",102082403,102082440,37,"Small (30-50bp)",0.188,1.77318356076807e-11
"chr15:35115083:35115104:35114803:35115710:SE","SE","ENSMUSG00000022329","Stk3","chr15","-",35115083,35115104,21,"Microexon (0-30bp)",0.135,2.32344502416303e-10
"chr11:106071780:106071809:106064607:106077950:SE","SE","ENSMUSG00000069631","Strada","chr11","-",106071780,106071809,29,"Microexon (0-30bp)",0.157,0.000900127417551208
"chr16:90743902:90743941:90743750:90747238:SE","SE","ENSMUSG00000022973","Synj1","chr16","-",90743902,90743941,39,"Small (30-50bp)",0.204,3.69833523303806e-07
"chr16:90744953:90745001:90743941:90747238:SE","SE","ENSMUSG00000022973","Synj1","chr16","-",90744953,90745001,48,"Small (30-50bp)",0.254,1.25703508435077e-06
"chr16:90746586:90746625:90743941:90747238:SE","SE","ENSMUSG00000022973","Synj1","chr16","-",90746586,90746625,39,"Small (30-50bp)",0.218,0.00997582977773716
"chr8:25669286:25669322:25668010:25671838:SE","SE","ENSMUSG00000065954","Tacc1","chr8","-",25669286,25669322,36,"Small (30-50bp)",0.109,2.91585154059633e-05
"chrX:100634339:100634345:100634195:100637545:SE","SE","ENSMUSG00000031314","Taf1","chrX","+",100634339,100634345,6,"Microexon (0-30bp)",0.201,5.80152882256624e-11
"chrX:73332589:73332625:73332119:73332710:SE","SE","ENSMUSG00000009995","Tafazzin","chrX","+",73332589,73332625,36,"Small (30-50bp)",-0.365,0.000452701285271854
"chrX:73332589:73332625:73332320:73332710:SE","SE","ENSMUSG00000009995","Tafazzin","chrX","+",73332589,73332625,36,"Small (30-50bp)",-0.314,3.98683260318424e-10
"chr8:48740167:48740188:48732225:48740825:SE","SE","ENSMUSG00000031561","Tenm3","chr8","-",48740167,48740188,21,"Microexon (0-30bp)",0.191,3.21771505736489e-10
"chr8:48766272:48766299:48763804:48820345:SE","SE","ENSMUSG00000031561","Tenm3","chr8","-",48766272,48766299,27,"Microexon (0-30bp)",0.204,0.0346103153099895
"chr7:96454311:96454338:96446712:96461039:SE","SE","ENSMUSG00000048078","Tenm4","chr7","+",96454311,96454338,27,"Microexon (0-30bp)",0.102,6.02621193284705e-06
"chr11:4861434:4861470:4860759:4862780:SE","SE","ENSMUSG00000034274","Thoc5","chr11","+",4861434,4861470,36,"Small (30-50bp)",0.174,0
"chr11:66916734:66916764:66920791:66920852:66916097:66921887:MXE","MXE","ENSMUSG00000050270","Tmem220","chr11","+",66916734,66916764,30,"Microexon (0-30bp)",-0.111,0.00439939489296578
"chr3:28679347:28679371:28677257:28684579:SE","SE","ENSMUSG00000027692","Tnik","chr3","+",28679347,28679371,24,"Microexon (0-30bp)",0.176,3.79978041575934e-08
"chr7:4516579:4516612:4515282:4516809:SE","SE","ENSMUSG00000064179","Tnnt1","chr7","-",4516579,4516612,33,"Small (30-50bp)",0.147,0.0172471027025576
"chr17:72002691:72002738:71998631:72004827:SE","SE","ENSMUSG00000045761","Togaram2","chr17","+",72002691,72002738,47,"Small (30-50bp)",0.161,0.000722167580853768
"chr3:9008610:9008637:9000100:9009670:SE","SE","ENSMUSG00000027506","Tpd52","chr3","-",9008610,9008637,27,"Microexon (0-30bp)",0.314,4.42357879944787e-07
"chr2:181152296:181152323:181150060:181153366:SE","SE","ENSMUSG00000000827","Tpd52l2","chr2","+",181152296,181152323,27,"Microexon (0-30bp)",0.106,0.000429899112835956
"chr9:107833592:107833628:107828371:107836014:SE","SE","ENSMUSG00000032586","Traip","chr9","+",107833592,107833628,36,"Small (30-50bp)",-0.128,0.00974138989966312
"chr18:20988877:20988895:20988133:20993489:SE","SE","ENSMUSG00000033382","Trappc8","chr18","-",20988877,20988895,18,"Microexon (0-30bp)",0.11,7.28534664518961e-06
"chr12:70314007:70314040:70299258:70314835:SE","SE","ENSMUSG00000021071","Trim9","chr12","-",70314007,70314040,33,"Small (30-50bp)",0.201,5.72525237947919e-05
"chr5:144747141:144747162:144744201:144748704:SE","SE","ENSMUSG00000045482","Trrap","chr5","+",144747141,144747162,21,"Microexon (0-30bp)",0.291,2.55299855330539e-11
"chr4:41245455:41245492:41235594:41251534:SE","SE","ENSMUSG00000028433","Ubap2","chr4","-",41245455,41245492,37,"Small (30-50bp)",0.109,0
"chr6:30242536:30242576:30221795:30260927:SE","SE","ENSMUSG00000039159","Ube2h","chr6","-",30242536,30242576,40,"Small (30-50bp)",0.13,0.000683516245056237
"chr4:139159792:139159825:139159072:139160930:SE","SE","ENSMUSG00000066036","Ubr4","chr4","+",139159792,139159825,33,"Small (30-50bp)",0.263,0
"chr12:103016153:103016182:103013957:103025577:SE","SE","ENSMUSG00000021198","Unc79","chr12","+",103016153,103016182,29,"Microexon (0-30bp)",0.285,5.84596770543621e-05
"chrX:103539341:103539384:103526955:103543009:SE","SE","ENSMUSG00000073016","Uprt","chrX","+",103539341,103539384,43,"Small (30-50bp)",-0.101,0.0384734592046101
"chr8:23077568:23077618:23078741:23078810:23073752:23083699:MXE","MXE","ENSMUSG00000008892","Vdac3","chr8","-",23077568,23077618,50,"Small (30-50bp)",0.118,2.13007389505238e-12
"chr5:122494856:122494868:122492539:122498075:SE","SE","ENSMUSG00000029462","Vps29","chr5","+",122494856,122494868,12,"Microexon (0-30bp)",0.112,1.87816700589279e-05
"chr5:122494856:122494868:122492539:122498091:SE","SE","ENSMUSG00000029462","Vps29","chr5","+",122494856,122494868,12,"Microexon (0-30bp)",0.163,0.00350628173276468
"chr19:55375620:55375641:55369451:55380215:SE","SE","ENSMUSG00000024983","Vti1a","chr19","+",55375620,55375641,21,"Microexon (0-30bp)",0.135,0.0167201831173847
"chr19:55375620:55375641:55369451:55486942:SE","SE","ENSMUSG00000024983","Vti1a","chr19","+",55375620,55375641,21,"Microexon (0-30bp)",0.293,0.0119092933064956
"chr16:42967259:42967306:43122931:43122978:42892832:43283309:MXE","MXE","ENSMUSG00000022708","Zbtb20","chr16","+",42967259,42967306,47,"Small (30-50bp)",0.234,0.0213783466555872
"chr5:38367961:38368008:38363306:38370651:SE","SE","ENSMUSG00000029127","Zbtb49","chr5","-",38367961,38368008,47,"Small (30-50bp)",0.149,0.030335738888993
"chr15:93293467:93293496:93285740:93296043:SE","SE","ENSMUSG00000022635","Zcrb1","chr15","-",93293467,93293496,29,"Microexon (0-30bp)",-0.163,0.000759170680914049
"chr14:58087601:58087637:58084519:58094066:SE","SE","ENSMUSG00000021969","Zdhhc20","chr14","-",58087601,58087637,36,"Small (30-50bp)",0.196,6.6172500227135e-08
"chr13:67644303:67644330:67642848:67648529:SE","SE","ENSMUSG00000071291","Zfp58","chr13","-",67644303,67644330,27,"Microexon (0-30bp)",-0.104,0.0175637429423673
"chr7:24010889:24010928:24008622:24011806:SE","SE","ENSMUSG00000074282","Zfp94","chr7","-",24010889,24010928,39,"Small (30-50bp)",0.178,0.000206670021526904
"chr19:42174058:42174079:42172628:42174243:SE","SE","ENSMUSG00000018820","Zfyve27","chr19","+",42174058,42174079,21,"Microexon (0-30bp)",0.131,0.0409838238074037
"chr2:165694787:165694799:165694068:165717624:SE","SE","ENSMUSG00000039671","Zmynd8","chr2","-",165694787,165694799,12,"Microexon (0-30bp)",0.206,2.98823603224726e-12
